INSERT INTO tinkoff_game."_location" (location_rk,partner_rk,city_nm,metro_nm) VALUES
	 (6,1,'Москва','Воробьёва'),
	 (22,2,'Санкт-Петербург','Кудряшова'),
	 (38,2,'Москва','Куликова'),
	 (54,2,'Москва','Селезнёва'),
	 (3,1,'Москва','Ершова'),
	 (19,1,'Санкт-Петербург','Лыткина'),
	 (35,2,'Москва','Дементьева'),
	 (51,3,'Москва','Юдина'),
	 (16,2,'Казань','Степанова'),
	 (32,2,'Москва','Фомина');
INSERT INTO tinkoff_game."_location" (location_rk,partner_rk,city_nm,metro_nm) VALUES
	 (48,1,'Москва','Андреева'),
	 (64,1,'Санкт-Петербург','Петухова'),
	 (13,1,'Москва','Щукина'),
	 (29,3,'Москва','Зимина'),
	 (45,4,'Санкт-Петербург','Громова'),
	 (61,4,'Москва','Бурова'),
	 (10,1,'Санкт-Петербург','Агафонова'),
	 (26,3,'Казань','Мартынова'),
	 (42,2,'Казань','Морозова'),
	 (58,3,'Москва','Мясникова');
INSERT INTO tinkoff_game."_location" (location_rk,partner_rk,city_nm,metro_nm) VALUES
	 (4,2,'Санкт-Петербург','Турова'),
	 (20,1,'Санкт-Петербург','Кабанова'),
	 (36,3,'Москва','Баранова'),
	 (52,4,'Москва','Жданова'),
	 (15,4,'Санкт-Петербург','Быкова'),
	 (31,4,'Москва','Федосеева'),
	 (47,3,'Санкт-Петербург','Устинова'),
	 (63,2,'Москва','Бобылёва'),
	 (12,2,'Казань','Мельникова'),
	 (28,2,'Москва','Прохорова');
INSERT INTO tinkoff_game."_location" (location_rk,partner_rk,city_nm,metro_nm) VALUES
	 (44,2,'Санкт-Петербург','Воронцова'),
	 (60,4,'Санкт-Петербург','Красильникова'),
	 (9,1,'Казань','Полякова'),
	 (25,1,'Москва','Филиппова'),
	 (41,2,'Москва','Попова'),
	 (57,1,'Москва','Самойлова'),
	 (5,1,'Москва','Шестакова'),
	 (21,1,'Москва','Колобова'),
	 (37,2,'Казань','Соловьёва'),
	 (53,4,'Санкт-Петербург','Коновалова');
INSERT INTO tinkoff_game."_location" (location_rk,partner_rk,city_nm,metro_nm) VALUES
	 (2,3,'Санкт-Петербург','Полякова'),
	 (18,2,'Москва','Суханова'),
	 (34,3,'Казань','Лобанова'),
	 (50,3,'Москва','Третьякова'),
	 (1,1,'Санкт-Петербург','Баранова'),
	 (17,1,'Казань','Гришина'),
	 (33,1,'Санкт-Петербург','Зайцева'),
	 (49,2,'Москва','Гордеева'),
	 (14,4,'Москва','Самойлова'),
	 (30,1,'Москва','Юдина');
INSERT INTO tinkoff_game."_location" (location_rk,partner_rk,city_nm,metro_nm) VALUES
	 (46,2,'Санкт-Петербург','Шубина'),
	 (62,3,'Москва','Колесникова'),
	 (11,1,'Москва','Пестова'),
	 (27,1,'Санкт-Петербург','Капустина'),
	 (43,3,'Москва','Веселова'),
	 (59,1,'Санкт-Петербург','Фомина'),
	 (8,2,'Санкт-Петербург','Степанова'),
	 (24,3,'Москва','Владимирова'),
	 (40,4,'Санкт-Петербург','Морозова'),
	 (56,3,'Москва','Макарова');
INSERT INTO tinkoff_game."_location" (location_rk,partner_rk,city_nm,metro_nm) VALUES
	 (7,2,'Санкт-Петербург','Орлова'),
	 (23,1,'Санкт-Петербург','Трофимова'),
	 (39,1,'Москва','Кудрявцева'),
	 (55,4,'Москва','Гурьева');
INSERT INTO tinkoff_game.account (account_rk,client_rk,registration_dttm,login,"password",email) VALUES
	 (9,3619,'01:54:24.487','xkapustin','GbC2Kpvw1X5','xkapustin55@example.org'),
	 (25,771,'17:18:11.939','vkapustin','xAeOvcMbauN','vkapustin32@example.com'),
	 (41,1890,'13:00:13.906','burova.regina','NaNRI8aCZl','burova.regina18@example.net'),
	 (57,1239,'13:10:28.4','igor.voronova','qLkNa0RIR','igor.voronova76@example.net'),
	 (73,808,'07:42:32.803','ignateva.vlad','gmfeuv6TwT','ignateva.vlad94@example.net'),
	 (89,3105,'20:18:29.091','vkonstantinova','oFAUpgEwyAKz','vkonstantinova46@example.com'),
	 (105,3987,'12:54:23.537','andreev.arsenij','zfEx2kFvI','andreev.arsenij35@example.net'),
	 (121,2002,'20:57:33.417','filipp73','qrxBluaI1S','filipp7318@example.net'),
	 (137,617,'05:30:53.028','iskra.pestova','UjC7WzgG3dek','iskra.pestova1@example.org'),
	 (153,81,'14:58:09.186','mnosov','NviJKITjr','mnosov73@example.net');
INSERT INTO tinkoff_game.account (account_rk,client_rk,registration_dttm,login,"password",email) VALUES
	 (169,3735,'14:22:17.916','sofa56','r1eCJWzwEAe2','sofa5690@example.com'),
	 (185,1955,'07:00:08.937','gkorolev','oU2dsfurxL9V','gkorolev32@example.net'),
	 (201,3032,'21:55:22.152','qilin','EjMRy8ONNTH','qilin99@example.org'),
	 (217,16,'23:27:53.916','viktoria.efimova','jnKXcOMW','viktoria.efimova18@example.org'),
	 (233,45,'16:33:17.535','kopylov.ekaterina','tsMl0OmcIF9','kopylov.ekaterina8@example.com'),
	 (249,1016,'01:09:15.895','artemeva.alisa','IKJI6vxstntM','artemeva.alisa38@example.net'),
	 (270,2113,'09:27:31.727','visnakov.oksana','wP1e7DG3W','visnakov.oksana85@example.org'),
	 (286,3142,'08:12:57.272','timur.rodionova','pDTlQ19eP','timur.rodionova68@example.com'),
	 (302,3367,'04:17:22.396','vladlen49','0Rqd1gVK','vladlen4970@example.com'),
	 (318,19,'06:27:31.757','dobryna.zimina','bMNuNrhKbZ','dobryna.zimina92@example.com');
INSERT INTO tinkoff_game.account (account_rk,client_rk,registration_dttm,login,"password",email) VALUES
	 (334,2741,'03:18:46.961','olesa.frolova','YjwsTbfM5','olesa.frolova84@example.com'),
	 (350,586,'01:50:39.733','albina.rabov','V81nl55vBd','albina.rabov23@example.com'),
	 (366,1577,'07:13:35.284','anatolij.subin','95YDNVEqjxHR','anatolij.subin69@example.com'),
	 (382,2727,'19:22:48.558','stefan.petuhov','rDGAIm7MH6','stefan.petuhov5@example.net'),
	 (398,3157,'14:45:02.255','larionov.gennadij','zdZrqj3EFXQ','larionov.gennadij66@example.org'),
	 (414,420,'20:27:26.113','iskra36','QxTl6S5pydl','iskra3687@example.net'),
	 (430,3754,'16:14:51.384','valentina.gusev','VKjUx3UUi','valentina.gusev86@example.org'),
	 (446,290,'02:25:53.769','ulia88','Mg7TW62af','ulia8849@example.com'),
	 (462,4081,'04:16:21.952','zbykov','X4ySRxWUffp3','zbykov32@example.net'),
	 (478,585,'21:41:01.233','snazarova','zWDe9LxNIJ1p','snazarova68@example.com');
INSERT INTO tinkoff_game.account (account_rk,client_rk,registration_dttm,login,"password",email) VALUES
	 (494,3603,'10:50:27.085','kiselev.rodion','BzwKnnSE4','kiselev.rodion80@example.com'),
	 (510,111,'23:35:26.362','kirill.gorskova','eFG75Xou','kirill.gorskova34@example.net'),
	 (527,77,'09:42:29.302','muraveva.dina','x4sgsm7v','muraveva.dina23@example.net'),
	 (543,2925,'14:57:02.079','panova.polina','TlHgSozTj','panova.polina86@example.com'),
	 (559,141,'15:21:45.578','iprohorov','juywJeYqp','iprohorov95@example.com'),
	 (575,1587,'15:15:26.282','lmisina','Sbhdp3A8','lmisina25@example.org'),
	 (591,492,'16:44:13.533','lvlasov','VQRvmOgyCO','lvlasov66@example.com'),
	 (607,1636,'10:14:48.104','mark06','GlozJA8x','mark0648@example.net'),
	 (623,124,'14:55:44.395','wgerasimov','9dHMr6rzH','wgerasimov84@example.org'),
	 (639,1291,'03:56:07.473','pbespalov','DWSNHusCOShz','pbespalov12@example.net');
INSERT INTO tinkoff_game.account (account_rk,client_rk,registration_dttm,login,"password",email) VALUES
	 (655,2648,'01:19:47.413','komarova.valentina','LK3BHtCIlw','komarova.valentina41@example.net'),
	 (671,3776,'02:50:14.808','gleb.zajceva','kDEdCQLRCu','gleb.zajceva58@example.org'),
	 (687,4085,'11:47:18.744','alisa26','lXqMrurJpa5T','alisa2637@example.org'),
	 (703,515,'05:20:45.208','sarova.viktor','yaCMChdWZ','sarova.viktor48@example.net'),
	 (719,419,'11:40:08.414','mihajlov.tatana','hLaNPA7a','mihajlov.tatana59@example.com'),
	 (735,1897,'17:51:18.256','bykova.sofia','kj00JQhRG','bykova.sofia43@example.org'),
	 (751,2430,'01:20:23.334','fokina.radislav','2mphPQpP2B1','fokina.radislav91@example.org'),
	 (767,3917,'01:17:11.606','florentina.kudravceva','o1x6vKpHJpz7','florentina.kudravceva85@example.org'),
	 (772,1654,'22:03:11.881','jsergeev','7iq6sN0pmh','jsergeev17@example.com'),
	 (788,1699,'02:02:07.627','gerasimov.alina','zmRWpbqGfHSz','gerasimov.alina20@example.com');
INSERT INTO tinkoff_game.account (account_rk,client_rk,registration_dttm,login,"password",email) VALUES
	 (804,2470,'15:54:10.369','zburov','ftUJfpZNBr','zburov22@example.org'),
	 (820,3789,'19:04:46.722','jharitonov','iqfjD4t0sm3M','jharitonov2@example.com'),
	 (836,982,'16:39:02.447','wrogova','1qaPjDFuHl','wrogova29@example.org'),
	 (852,3155,'23:29:37.669','valeksandrov','UEmg562JnPLi','valeksandrov44@example.net'),
	 (868,1008,'00:09:54.964','vladlen.veselova','iZW7Latr','vladlen.veselova45@example.net'),
	 (884,1885,'14:38:20.128','kotova.anfisa','toBP013fvn','kotova.anfisa97@example.org'),
	 (900,1021,'13:26:36.062','gulaeva.feliks','9XzfpebUPCY3','gulaeva.feliks30@example.org'),
	 (916,117,'06:24:20.385','gurev.zoa','2uAAjGN9J9','gurev.zoa97@example.net'),
	 (932,425,'15:07:59.728','dominika.rabova','WDXUcB1XiUe','dominika.rabova35@example.net'),
	 (948,259,'20:53:30.601','alla.rogova','50sB2a1Q','alla.rogova18@example.com');
INSERT INTO tinkoff_game.account (account_rk,client_rk,registration_dttm,login,"password",email) VALUES
	 (964,2550,'03:48:03.967','kondrateva.renata','m5sOwpSY','kondrateva.renata42@example.net'),
	 (980,204,'13:54:51.512','gleb86','X2r5C0Ee9F6','gleb8616@example.net'),
	 (996,3071,'20:00:33.258','aroslava48','RCeEdn2igvFq','aroslava4833@example.org'),
	 (1012,3154,'12:25:14.904','popova.gennadij','vaU9K4ToN','popova.gennadij94@example.com'),
	 (6,3979,'14:19:58.85','anaumov','9qbXqTmR6KB','anaumov25@example.org'),
	 (22,3882,'18:49:17.598','klavdia59','LfFlA4J8U','klavdia595@example.org'),
	 (38,3349,'04:43:36.664','timur81','2tQELT9F7d','timur8152@example.org'),
	 (54,3422,'20:42:41.309','veniamin30','L3dVZcXoz','veniamin309@example.net'),
	 (70,439,'22:25:48.196','aleksandrov.lusa','xDb5nGwZMbrF','aleksandrov.lusa69@example.com'),
	 (86,2606,'09:25:02.542','ignatij35','cCj9pphDmlER','ignatij3582@example.com');
INSERT INTO tinkoff_game.account (account_rk,client_rk,registration_dttm,login,"password",email) VALUES
	 (102,1344,'17:17:31.66','klavdia.maslova','3wbFW0j4ES','klavdia.maslova88@example.com'),
	 (118,803,'05:05:43.369','hlebedev','NNarjIOZLw8','hlebedev28@example.com'),
	 (134,2347,'17:20:16.352','david18','c6CHA9qqlBrW','david1846@example.net'),
	 (150,1266,'14:23:43.728','maria50','svukhGrNmec','maria5056@example.com'),
	 (166,2383,'09:05:02.016','vladlen.stepanova','2p2jMm3lBu','vladlen.stepanova25@example.org'),
	 (182,1804,'09:17:36.062','sitnikov.matvej','1PKZ0sVpJ3','sitnikov.matvej38@example.org'),
	 (198,2674,'15:07:29.731','maslova.leonid','kircRWYJ','maslova.leonid69@example.com'),
	 (214,2613,'18:21:13.102','vzaharov','oZxMtEHmPwK','vzaharov58@example.com'),
	 (230,1850,'06:49:53.127','antonina76','wsemQFKLL','antonina7640@example.org'),
	 (246,288,'18:01:25.052','nesterov.faina','uFaQYvRSHjyx','nesterov.faina87@example.org');
INSERT INTO tinkoff_game.account (account_rk,client_rk,registration_dttm,login,"password",email) VALUES
	 (257,1866,'03:26:37.197','dina40','FuqYC8tDQ7','dina4028@example.net'),
	 (273,811,'00:21:50.689','ezueva','x5J5iA9I4Oh','ezueva85@example.org'),
	 (289,1609,'11:14:38.272','sidorova.radislav','j6PenSOmn3q','sidorova.radislav49@example.org'),
	 (305,1345,'03:09:24.981','orodionova','qD6m73KMcDuM','orodionova38@example.com'),
	 (321,1044,'08:25:57.235','nelli02','wjAZVRhQV','nelli0249@example.net'),
	 (337,2993,'15:09:38.548','nika31','jmgE0l2x','nika3174@example.net'),
	 (353,78,'14:39:14.63','irina.sitnikova','3tQ9v3lWfhkQ','irina.sitnikova66@example.net'),
	 (369,3108,'15:58:12.625','radislav.bragin','2OXt6ApLiim','radislav.bragin30@example.com'),
	 (385,2432,'08:21:03.806','nonna67','IdqdfLTC8','nonna6716@example.com'),
	 (401,953,'16:31:04.672','vasilisa83','lY6bC3bQyx','vasilisa8348@example.org');
INSERT INTO tinkoff_game.account (account_rk,client_rk,registration_dttm,login,"password",email) VALUES
	 (417,458,'12:45:58.643','vladislav18','PLGoWaznYN9E','vladislav1841@example.com'),
	 (433,3478,'18:14:04.888','birukov.maksim','ZRH5qytZsjKh','birukov.maksim40@example.com'),
	 (449,3161,'10:04:32.744','serbakova.iskra','QN7eEVpGNM','serbakova.iskra37@example.org'),
	 (465,90,'15:25:34.005','polakov.margarita','wkXW23iv7XmG','polakov.margarita74@example.org'),
	 (481,577,'03:19:49.432','wsilin','dvqgvlBUq','wsilin85@example.org'),
	 (497,2719,'12:17:06.765','nika18','33mVqyIpmNV','nika1849@example.net'),
	 (524,1597,'16:19:26.213','xtimofeeva','MWJPIk92i','xtimofeeva15@example.net'),
	 (540,2325,'09:49:37.31','orlov.diana','ksn4dzc8H2','orlov.diana8@example.org'),
	 (556,816,'04:26:33.302','georgij40','ULEBLsNe','georgij4038@example.net'),
	 (572,3762,'17:19:44.881','uvarov.anna','lO28C5sC','uvarov.anna65@example.net');
INSERT INTO tinkoff_game.account (account_rk,client_rk,registration_dttm,login,"password",email) VALUES
	 (588,3556,'08:34:28.223','hbragina','lMdowopK','hbragina63@example.net'),
	 (604,3104,'17:31:02.636','qilina','ExJZK2PeKg','qilina67@example.net'),
	 (620,3562,'00:02:20.405','tretakova.veronika','AulTwKViDJA','tretakova.veronika26@example.com'),
	 (636,1967,'20:29:44.085','hteterina','ptuURRGoo','hteterina98@example.com'),
	 (652,3599,'05:53:02.042','vteterin','F8h7gjiQHGd','vteterin93@example.com'),
	 (668,544,'11:34:24.202','nsazonova','dTYcm6U983','nsazonova84@example.net'),
	 (684,1416,'17:00:47.73','dominika.kulikov','58l58Ynr','dominika.kulikov56@example.org'),
	 (700,1389,'05:34:49.784','egromov','4v8idP0nAtu','egromov15@example.net'),
	 (716,3626,'23:14:43.832','ykolobov','4bxRRhFtRV','ykolobov94@example.net'),
	 (732,1087,'07:00:19.778','efimova.malvina','3vHChgnCJeB6','efimova.malvina67@example.com');
INSERT INTO tinkoff_game.account (account_rk,client_rk,registration_dttm,login,"password",email) VALUES
	 (748,945,'09:03:51.843','kkulakov','8VdxKF7uJ','kkulakov56@example.com'),
	 (764,2393,'11:30:22.908','voronova.ivan','iAYT9NaQ','voronova.ivan56@example.com'),
	 (775,1604,'07:02:10.392','vkonovalova','f2mhdY6sxI','vkonovalova9@example.net'),
	 (791,3120,'09:42:01.118','fadeeva.margarita','9pe1A492u','fadeeva.margarita49@example.org'),
	 (807,958,'02:30:03.443','adrian.haritonova','damFFyseiRrl','adrian.haritonova23@example.com'),
	 (823,1517,'10:12:42.058','tretakov.antonin','kJCcpgze','tretakov.antonin53@example.net'),
	 (839,3794,'07:20:41.075','qkozlova','VVPV5N9Q','qkozlova2@example.com'),
	 (855,3644,'14:10:03.525','skudravceva','n40CD0fqv9','skudravceva14@example.org'),
	 (871,3948,'14:09:07.495','mzaharova','FEy0HjtB','mzaharova54@example.com'),
	 (887,1254,'10:00:23.639','kudrasova.kuzma','RQvG0HsOHjKB','kudrasova.kuzma54@example.org');
INSERT INTO tinkoff_game.account (account_rk,client_rk,registration_dttm,login,"password",email) VALUES
	 (903,2236,'22:18:00.089','sukina.an','4kMNYT2Et','sukina.an51@example.com'),
	 (919,2454,'10:06:41.347','rodion85','qaFkcTiM','rodion8532@example.org'),
	 (935,3370,'23:08:51.039','oprohorova','Z8dhK7uzz','oprohorova45@example.net'),
	 (951,833,'05:03:11.811','filippova.denis','ZFuTKjKW','filippova.denis42@example.net'),
	 (967,1018,'14:38:15.816','kovaleva.anton','nE05EAzrr2S','kovaleva.anton68@example.com'),
	 (983,2103,'03:50:01.517','alena.burov','R4pmCh1LQB','alena.burov20@example.org'),
	 (999,1656,'18:27:20.523','muraveva.malvina','bbj6DYneTtzE','muraveva.malvina97@example.com'),
	 (1015,1771,'01:43:03.423','lev.konstantinov','q9sS2pzzXk75','lev.konstantinov77@example.net'),
	 (3,3231,'10:58:05.929','mmolcanov','upv0iIrxoSp','mmolcanov41@example.net'),
	 (19,1112,'01:48:29.456','sava.cernova','RfEPgtqq68','sava.cernova92@example.net');
INSERT INTO tinkoff_game.account (account_rk,client_rk,registration_dttm,login,"password",email) VALUES
	 (35,2639,'02:28:21.191','dmitrij12','xaSjqx0G','dmitrij1239@example.org'),
	 (51,180,'12:49:07.145','zahar.emelanova','mV5KBcZz8','zahar.emelanova10@example.com'),
	 (67,2590,'15:55:02.428','orlov.fedor','1oJeSkqL','orlov.fedor14@example.org'),
	 (83,28,'19:35:58.822','bragin.ksenia','FUV7mFSQSpKL','bragin.ksenia81@example.net'),
	 (99,8,'13:34:02.31','emilia.gusina','MGxFo2qh','emilia.gusina5@example.com'),
	 (115,1415,'02:52:04.245','zinaida87','cl2L18FJN','zinaida8717@example.org'),
	 (131,2365,'12:39:37.08','anastasia70','eI327At1','anastasia7025@example.org'),
	 (147,1975,'21:58:59.026','rogov.urij','kAbFAmlTw6HR','rogov.urij34@example.net'),
	 (163,1440,'11:50:15.686','sobolev.marina','QB2J1Z6zOTqo','sobolev.marina4@example.com'),
	 (179,3969,'13:54:53.892','savva.maslova','kiNZNbS0f','savva.maslova26@example.com');
INSERT INTO tinkoff_game.account (account_rk,client_rk,registration_dttm,login,"password",email) VALUES
	 (195,1483,'22:08:54.375','zevseev','CU21Om33exXj','zevseev7@example.net'),
	 (211,2086,'20:01:35.685','aleksandr58','UduTq4a6rpgW','aleksandr5895@example.org'),
	 (227,2486,'17:57:50.94','olesa.volkova','afKRh5fQt','olesa.volkova70@example.com'),
	 (243,994,'13:17:26.318','kotov.ignat','wZHkEq94X8b','kotov.ignat85@example.org'),
	 (264,2938,'09:56:19.416','ignat.samsonova','kL4wGgwOCb','ignat.samsonova23@example.com'),
	 (280,2053,'07:58:06.679','dkulagina','W4kXA3dnLfp','dkulagina34@example.com'),
	 (296,243,'01:06:21.308','nestor.ignatev','7MsfJQve','nestor.ignatev24@example.net'),
	 (312,1230,'17:06:28.428','klavdia.ignatev','eIudS2m6HqA','klavdia.ignatev37@example.net'),
	 (328,3693,'07:26:41.936','qzaharova','dRsmSW1ObYnW','qzaharova77@example.org'),
	 (344,2327,'22:22:37.783','inna.vorobeva','iMUN044b6SGM','inna.vorobeva54@example.org');
INSERT INTO tinkoff_game.account (account_rk,client_rk,registration_dttm,login,"password",email) VALUES
	 (360,2023,'09:36:39.795','akovlev.izolda','Kx7knOK9kxkg','akovlev.izolda78@example.net'),
	 (376,1129,'23:01:38.726','aksenova.raisa','0ZkY8dJy','aksenova.raisa96@example.com'),
	 (392,1011,'03:24:25.754','xzimina','fdW5dIDyssMA','xzimina58@example.net'),
	 (408,3697,'04:23:57.495','zgorskov','fsXvn8LoIiyT','zgorskov53@example.net'),
	 (424,108,'20:19:28.012','ybelakov','hSvgXqqM','ybelakov93@example.com'),
	 (440,1827,'12:49:19.534','nazar.sukin','sZsRoMAxo','nazar.sukin45@example.com'),
	 (456,390,'23:48:35.145','vorehova','y6BXY3j9y','vorehova64@example.net'),
	 (472,2398,'05:28:15.437','bespalov.vsevolod','gaQmIavijLy','bespalov.vsevolod66@example.net'),
	 (488,1760,'07:11:32.373','milan08','d63Tlqo0St','milan0812@example.net'),
	 (504,2194,'21:14:49.519','makar08','mg8881RfBgf2','makar085@example.net');
INSERT INTO tinkoff_game.account (account_rk,client_rk,registration_dttm,login,"password",email) VALUES
	 (525,4079,'00:00:55.109','albina53','33fjoxNhxCW9','albina5367@example.net'),
	 (541,3628,'08:26:41.968','gsimonova','t9Z6gDad9','gsimonova43@example.org'),
	 (557,2262,'06:33:33.351','innokentij89','MQE44pLprL','innokentij8992@example.net'),
	 (573,3970,'18:40:29.716','pignateva','Jja4z4qrwnLK','pignateva94@example.com'),
	 (589,1854,'19:33:57.171','vtitov','dshC1FZhM0bM','vtitov63@example.org'),
	 (605,3000,'21:54:17.364','vorlova','Trr6CdNX4ARs','vorlova69@example.net'),
	 (621,2048,'19:30:09.789','vaceslav94','IudCHxqnqG','vaceslav9454@example.net'),
	 (637,3668,'01:20:02.321','golubev.egor','EelDLgpk38','golubev.egor83@example.net'),
	 (653,3002,'18:29:18.042','polina10','raVqGrfyEZEP','polina1019@example.net'),
	 (669,2905,'13:06:50.875','eva28','NcHrKNTfLX','eva2890@example.com');
INSERT INTO tinkoff_game.account (account_rk,client_rk,registration_dttm,login,"password",email) VALUES
	 (685,942,'03:59:35.664','xfadeeva','8jeLe0e3w4','xfadeeva64@example.net'),
	 (701,3369,'01:36:14.553','imatveev','zJUUFAPk4','imatveev3@example.org'),
	 (717,3726,'01:13:02.758','wbogdanova','i1Gqje9EZAyq','wbogdanova31@example.org'),
	 (733,583,'12:38:46.328','kononov.taras','pJTsBGUVU','kononov.taras17@example.com'),
	 (749,4067,'20:53:43.389','vadim.nesterov','Re9chULMC7o','vadim.nesterov76@example.net'),
	 (765,3336,'01:41:27.604','gennadij71','sSTjvFTJqBRN','gennadij7142@example.org'),
	 (770,518,'03:30:15.446','lada37','ZPhYKNWGTN','lada3717@example.net'),
	 (786,1448,'05:33:56.392','ekaterina.gavrilova','XRPQOoFyXk8','ekaterina.gavrilova21@example.com'),
	 (802,929,'03:38:02.409','bromanova','f5y2wXq5uhA2','bromanova39@example.net'),
	 (818,3664,'07:46:06.12','mvinogradov','LYH0zu8KoQ','mvinogradov47@example.org');
INSERT INTO tinkoff_game.account (account_rk,client_rk,registration_dttm,login,"password",email) VALUES
	 (834,2263,'12:22:05.003','valerian.kononova','RU5jglcb','valerian.kononova67@example.com'),
	 (850,4037,'13:36:39.94','fmuhina','9hpoBNPf','fmuhina11@example.net'),
	 (866,1563,'00:39:37.626','rafail72','aL2RVx72','rafail7264@example.net'),
	 (882,2868,'02:20:33.446','gusev.vaceslav','7VZNfGLgKzQ0','gusev.vaceslav30@example.com'),
	 (898,995,'22:28:38.586','taisia07','0AtacPofEfw','taisia0765@example.net'),
	 (914,2539,'17:32:53.597','nika49','PKc7jJUeUtwM','nika4934@example.org'),
	 (930,1809,'23:04:48.904','anfisa.loginova','MRTm8SLAnKR','anfisa.loginova96@example.com'),
	 (946,2760,'07:26:48.478','odackov','30GPv8CrN','odackov68@example.net'),
	 (962,2670,'15:27:43.694','faina.tihonov','KsnvWmCXqQK','faina.tihonov48@example.net'),
	 (978,2704,'05:18:50.039','vkononov','V7MvmeG9cnUz','vkononov50@example.org');
INSERT INTO tinkoff_game.account (account_rk,client_rk,registration_dttm,login,"password",email) VALUES
	 (994,1251,'14:20:48.528','szinovev','PTBHttdc','szinovev99@example.org'),
	 (1010,2060,'01:13:01.172','inna.mamontova','kQmkKh4qTb','inna.mamontova68@example.com'),
	 (16,1387,'00:09:48.974','ulana77','ebRhNTfbzE','ulana7798@example.com'),
	 (32,3114,'05:54:02.644','emma.evseeva','ilu6HOBq','emma.evseeva75@example.com'),
	 (48,2072,'18:00:16.294','kopylov.vitalij','vOwNCCmvN','kopylov.vitalij47@example.org'),
	 (64,1564,'17:42:12.914','tit84','Zl7yhqjS2','tit8468@example.com'),
	 (80,3846,'03:23:12.032','subbotin.dominika','PX5KE36co5','subbotin.dominika36@example.org'),
	 (96,909,'08:11:30.263','spartak72','jSWcAjw6g','spartak7236@example.com'),
	 (112,2121,'20:16:50.759','osipov.anatolij','PTgAIDBEDvL','osipov.anatolij66@example.org'),
	 (128,2003,'06:29:41.275','izabella.kuzmina','hUpfsxLaKfYo','izabella.kuzmina11@example.org');
INSERT INTO tinkoff_game.account (account_rk,client_rk,registration_dttm,login,"password",email) VALUES
	 (144,3876,'04:37:19.574','sitnikov.gennadij','WlaReOFiAo','sitnikov.gennadij95@example.com'),
	 (160,210,'04:45:48.471','ynoskov','41qboRRj','ynoskov83@example.net'),
	 (176,2014,'20:05:03.369','ofedotova','PpnNJYl7YwWu','ofedotova80@example.org'),
	 (192,403,'20:24:08.61','rbelousova','BMKer8yRNn','rbelousova75@example.org'),
	 (208,975,'11:28:31.009','boleslav.rusakov','ZOkhxreHz','boleslav.rusakov8@example.net'),
	 (224,1789,'17:52:20.347','rozalina96','u8wdNZQP','rozalina9694@example.org'),
	 (240,3433,'22:38:50.459','smirnov.marina','qIuwHfEU2','smirnov.marina82@example.org'),
	 (267,3260,'16:39:29.102','donat45','mlm3YmPq','donat4545@example.net'),
	 (283,2259,'12:27:36.136','matveev.arkadij','jrKuos13','matveev.arkadij4@example.com'),
	 (299,2570,'05:06:00.207','maja93','N9fXXGAqljVX','maja9361@example.net');
INSERT INTO tinkoff_game.account (account_rk,client_rk,registration_dttm,login,"password",email) VALUES
	 (315,3362,'00:54:33.823','evseev.faina','x3ZUOSn3vteE','evseev.faina8@example.com'),
	 (331,2424,'13:05:22.616','panov.savva','x7yh2GvMr','panov.savva38@example.com'),
	 (347,559,'06:54:19.99','inessa.krasilnikova','rvD1BO4PAU3','inessa.krasilnikova82@example.com'),
	 (363,2918,'18:29:39.906','evgenij.veselov','0tGwJca5E','evgenij.veselov7@example.org'),
	 (379,2752,'02:51:22.854','lytkin.vera','mqhcB6GZ','lytkin.vera46@example.net'),
	 (395,3975,'23:55:23.072','stefan87','4Iwp0q0O','stefan8754@example.org'),
	 (411,1494,'22:24:59.558','zaharova.alla','Sq1xXq9ki1','zaharova.alla14@example.com'),
	 (427,2047,'17:25:20.41','avgust.filippova','FkyhORqlpqXs','avgust.filippova40@example.org'),
	 (443,1546,'11:07:05.127','isaeva.inessa','HtiuaZMW2Npb','isaeva.inessa51@example.com'),
	 (459,1615,'12:50:05.81','donat26','wr6GxaQYd','donat265@example.net');
INSERT INTO tinkoff_game.account (account_rk,client_rk,registration_dttm,login,"password",email) VALUES
	 (475,318,'09:56:29.283','erik24','ry9MfMxgSky','erik2494@example.org'),
	 (491,94,'06:57:19.905','albina98','b5Uu5MbpUi','albina9837@example.org'),
	 (507,2747,'07:34:57.074','gennadij52','FIbmAMDbu','gennadij5271@example.org'),
	 (522,2334,'21:09:55.845','isitnikov','r1dBEsHE3PW','isitnikov26@example.com'),
	 (538,3044,'09:23:34.686','stepan41','kij11wAag','stepan4129@example.org'),
	 (554,1783,'09:04:44.177','egorov.diana','drDDiUk7F','egorov.diana26@example.com'),
	 (570,3971,'16:53:46.096','lazarev.savva','te45PCzE','lazarev.savva73@example.org'),
	 (586,2728,'16:25:46.658','akim.danilova','Z0nYCGkkG','akim.danilova13@example.org'),
	 (602,2242,'08:45:17.706','hagafonova','LmUzFYTm','hagafonova93@example.net'),
	 (618,2793,'12:56:43.335','ludmila.ivanov','S58O7EulIhSS','ludmila.ivanov91@example.org');
INSERT INTO tinkoff_game.account (account_rk,client_rk,registration_dttm,login,"password",email) VALUES
	 (634,3835,'04:33:14.377','kabanov.marina','oPRd8Hd6','kabanov.marina50@example.net'),
	 (650,491,'20:07:32.287','valerian34','lvr0OYXvRPtl','valerian3419@example.org'),
	 (666,887,'21:11:56.179','lev.serbakova','cAUYFoNg','lev.serbakova21@example.com'),
	 (682,3595,'17:54:45.768','raisa53','oEWHJ2xNCLSD','raisa5313@example.org'),
	 (698,3836,'20:41:56.561','gusin.ignatij','yLRrOn3cEXmr','gusin.ignatij65@example.com'),
	 (714,1709,'22:49:16.814','pestov.pavel','cnqDeBDihk1Z','pestov.pavel100@example.net'),
	 (730,3211,'17:59:51.86','rada27','h9btKhkl','rada2734@example.net'),
	 (746,79,'05:23:37.082','vladimir24','3V1HviGt','vladimir2438@example.net'),
	 (762,2573,'06:34:56.961','vil.aleksandrov','5jA1xLoair','vil.aleksandrov81@example.org'),
	 (773,1649,'18:04:23.803','kirillova.erik','RViF0juR','kirillova.erik87@example.net');
INSERT INTO tinkoff_game.account (account_rk,client_rk,registration_dttm,login,"password",email) VALUES
	 (789,2501,'19:37:28.503','zinaida92','Azb7EQ2nnRR','zinaida9236@example.org'),
	 (805,2173,'12:31:50.448','tarasov.emilia','cQgCNccQ7','tarasov.emilia19@example.org'),
	 (821,2085,'18:34:28.71','akim92','SUM0e57S6ZI','akim9247@example.org'),
	 (837,768,'08:57:39.762','skudrasova','Aj0g3oPvi91S','skudrasova37@example.com'),
	 (853,721,'02:54:32.15','irina33','T03P1OMIzE','irina3391@example.net'),
	 (869,3075,'11:11:55.698','cgordeev','sEhpbJL5Q','cgordeev71@example.com'),
	 (885,1335,'14:32:26.443','zinaida.semenov','4jXfVHSv','zinaida.semenov52@example.org'),
	 (901,3629,'02:43:54.57','svetlana37','BD8StmN6u','svetlana3740@example.net'),
	 (917,713,'15:34:29.753','olga67','F5gydnYDUPeu','olga676@example.net'),
	 (933,731,'22:39:40.034','vladlena.afanaseva','2ihNq567HtD','vladlena.afanaseva37@example.org');
INSERT INTO tinkoff_game.account (account_rk,client_rk,registration_dttm,login,"password",email) VALUES
	 (949,2553,'22:14:50.644','emilia58','KMIFPlQBuhUH','emilia5887@example.net'),
	 (965,218,'12:30:52.209','nnikonova','5vjvAOtx90fZ','nnikonova59@example.com'),
	 (981,3798,'16:37:35.462','arabov','9INFwxIkTI4','arabov67@example.com'),
	 (997,2301,'22:03:09.237','antonin58','xagME8e5','antonin5811@example.org'),
	 (1013,383,'06:09:29.795','marta14','6nV5i4n1B','marta1492@example.com'),
	 (13,2886,'11:00:56.406','fomiceva.gerasim','4LNtG5B0s','fomiceva.gerasim59@example.net'),
	 (29,965,'07:43:10.826','tlapin','995goEUsiX22','tlapin85@example.com'),
	 (45,3014,'08:14:17.692','otimofeeva','DBJICnjD','otimofeeva33@example.org'),
	 (61,901,'07:41:43.945','odincov.prohor','kqKBbn3oTh','odincov.prohor15@example.net'),
	 (77,394,'15:28:57.976','illarion.rybakov','6Oldd4OiHllj','illarion.rybakov80@example.com');
INSERT INTO tinkoff_game.account (account_rk,client_rk,registration_dttm,login,"password",email) VALUES
	 (93,2082,'12:33:09.112','zanna.gromova','TJledBm3sy5','zanna.gromova21@example.com'),
	 (109,987,'05:51:43.937','eva.muraveva','tctx4MRrVl','eva.muraveva55@example.net'),
	 (125,3929,'07:00:04.301','izolda28','ApevUBImn','izolda2813@example.org'),
	 (141,3630,'22:43:19.431','maksim68','ztwkUCHH','maksim684@example.net'),
	 (157,267,'19:44:07.527','ignat06','sTfb7AX9T','ignat0687@example.net'),
	 (173,558,'06:13:04.748','viktor.fedorova','834dYqlIdc3F','viktor.fedorova76@example.net'),
	 (189,3074,'12:28:48.24','vikentij.kulakova','Rt0YCQSC','vikentij.kulakova61@example.net'),
	 (205,3566,'13:07:23.615','svetlana.martynova','2JIcJCLYSEq','svetlana.martynova2@example.net'),
	 (221,1959,'14:44:02.76','spartak30','3zgmk12KB','spartak3019@example.net'),
	 (237,1499,'14:01:15.328','suhanov.nestor','OzsnqsCMxrOx','suhanov.nestor95@example.com');
INSERT INTO tinkoff_game.account (account_rk,client_rk,registration_dttm,login,"password",email) VALUES
	 (253,1442,'11:31:03.478','regina27','cDL7LAQJfmGo','regina2712@example.com'),
	 (258,276,'01:38:51.921','lmiheev','nTMjVGyLsR','lmiheev62@example.net'),
	 (274,3343,'22:41:41.227','seliverstova.danila','Fr9FIVL7Gqs2','seliverstova.danila66@example.net'),
	 (290,1792,'11:39:24.295','albert20','HqjDqL6jhY','albert2056@example.org'),
	 (306,2653,'10:40:36.622','frolova.klavdia','ymkDseWE','frolova.klavdia17@example.net'),
	 (322,2559,'00:42:20.015','sergej.arhipov','jFnXhteMM','sergej.arhipov89@example.net'),
	 (338,1527,'19:34:45.108','zanna25','EazOxQI0','zanna2539@example.net'),
	 (354,2876,'07:21:58.303','nikodim.voroncova','2Zs0UKbb4','nikodim.voroncova39@example.org'),
	 (370,3955,'14:09:28.214','olytkina','aTMkanNLvsI','olytkina64@example.net'),
	 (386,3240,'22:22:39.772','jkonovalova','2RmPFMprO9os','jkonovalova81@example.net');
INSERT INTO tinkoff_game.account (account_rk,client_rk,registration_dttm,login,"password",email) VALUES
	 (402,2906,'18:06:57.784','savina.margarita','2JIxYc6I0OT','savina.margarita22@example.org'),
	 (418,516,'06:59:12.338','trofim54','grLIBq3f','trofim5447@example.com'),
	 (434,130,'21:00:46.204','samsonova.iraklij','IjvFvf7DIs6','samsonova.iraklij31@example.org'),
	 (450,32,'04:20:10.774','dominika.simonov','7yA86YOB','dominika.simonov8@example.com'),
	 (466,1385,'09:03:17.166','zzimina','3njPHnyT','zzimina88@example.org'),
	 (482,2538,'10:23:45.537','pavel39','uG0yAoK4p','pavel3944@example.com'),
	 (498,819,'10:23:55.504','tit08','3SV88hzs','tit0842@example.org'),
	 (515,649,'08:14:14.538','frusakov','mk8fnTf5Pi6','frusakov22@example.com'),
	 (531,4093,'08:14:01.473','rozalina.kulakov','pQhOXWcN7K','rozalina.kulakov92@example.com'),
	 (547,3505,'14:18:29.638','gromova.lilia','6dxgXoLHu9','gromova.lilia61@example.org');
INSERT INTO tinkoff_game.account (account_rk,client_rk,registration_dttm,login,"password",email) VALUES
	 (563,1578,'01:38:24.796','anfisa.zuev','KTuMOFJB4','anfisa.zuev83@example.net'),
	 (579,3028,'01:53:09.547','roman.nikonov','LI9xMo4aCN','roman.nikonov16@example.org'),
	 (595,2352,'19:26:14.05','albina02','g4xo4iYrk','albina0288@example.net'),
	 (611,2475,'18:58:37.904','ckrukov','Zg0AhvEXbbYW','ckrukov83@example.net'),
	 (627,959,'18:00:53.04','konstantin89','np5wvzSY','konstantin893@example.com'),
	 (643,2471,'06:54:47.768','klavdia.visnakova','Kb5M5OJIYtZY','klavdia.visnakova52@example.com'),
	 (659,2623,'02:37:57.369','avgust.subbotina','BC1A5GINW','avgust.subbotina26@example.net'),
	 (675,603,'18:38:53.855','petr.krasilnikov','QEewf8vXz','petr.krasilnikov42@example.com'),
	 (691,841,'13:23:58.224','ynazarova','Fa5poH0JYWoI','ynazarova6@example.com'),
	 (707,70,'18:01:56.246','eva99','p1w5aMqxa8h','eva9984@example.com');
INSERT INTO tinkoff_game.account (account_rk,client_rk,registration_dttm,login,"password",email) VALUES
	 (723,1456,'13:47:57.398','qsitnikova','p0sUmXJmi','qsitnikova91@example.com'),
	 (739,774,'04:45:04.766','kolesnikov.svetlana','pp1WT52cw','kolesnikov.svetlana14@example.net'),
	 (755,2796,'19:31:18.357','kononova.arkadij','dIcUrmEv3h','kononova.arkadij81@example.com'),
	 (776,2671,'12:55:37.097','fsukina','AwQJE1Tqe','fsukina14@example.com'),
	 (792,2478,'06:08:04.402','ksenia.naumova','EFEbVSE2DqI','ksenia.naumova68@example.org'),
	 (808,1159,'19:23:17.277','hnovikova','7L37CMX8gD','hnovikova15@example.net'),
	 (824,2360,'10:22:52.515','karpov.gavriil','PPcSZvLWqnB','karpov.gavriil87@example.net'),
	 (840,4025,'09:38:22.481','bolsakov.tit','lpifEIMj3D','bolsakov.tit22@example.net'),
	 (856,1924,'05:25:13.704','rogova.alina','R5tt7uxxXy6','rogova.alina59@example.org'),
	 (872,3502,'17:46:15.332','bnovikova','TnNGWk99XRv','bnovikova99@example.org');
INSERT INTO tinkoff_game.account (account_rk,client_rk,registration_dttm,login,"password",email) VALUES
	 (888,3964,'14:31:49.204','vera77','L6cYGD3Wj','vera7784@example.org'),
	 (904,3072,'01:42:18.198','abram56','4uRzjQb0q2','abram5637@example.com'),
	 (920,1404,'05:29:18.729','rodionova.tamara','wfvx3G70P','rodionova.tamara26@example.com'),
	 (936,159,'02:02:58.247','milan.petrova','eAZYl0nI','milan.petrova69@example.net'),
	 (952,2265,'18:36:19.2','stepanov.iraklij','HgWW7EB1CS','stepanov.iraklij70@example.org'),
	 (968,2908,'03:13:10.448','panfilova.vitalij','UwaV7j78XlY','panfilova.vitalij80@example.com'),
	 (984,978,'05:54:13.637','dementev.evgenia','fVu9qhT4V','dementev.evgenia77@example.org'),
	 (1000,3290,'15:52:39.541','xsuhanova','NDmzOprjGKx','xsuhanova7@example.com'),
	 (1016,2734,'16:44:42.394','aleksandr18','09EDc3CTF','aleksandr1862@example.org'),
	 (10,3732,'21:15:34.996','lkolesnikova','M5lMymCiTFF1','lkolesnikova95@example.com');
INSERT INTO tinkoff_game.account (account_rk,client_rk,registration_dttm,login,"password",email) VALUES
	 (26,817,'15:53:41.695','gtarasova','23Dhibaiq3O','gtarasova20@example.com'),
	 (42,707,'18:17:33.604','nestor94','Yym8jbMJ','nestor9458@example.org'),
	 (58,255,'10:07:33.385','vladislav.blinov','obg5P9wyq7hi','vladislav.blinov46@example.com'),
	 (74,2575,'19:14:23.039','kirillova.ulia','IIproDoQfoLI','kirillova.ulia84@example.com'),
	 (90,1818,'15:46:57.657','osipova.stanislav','lYv7DzAz82i','osipova.stanislav43@example.net'),
	 (106,2371,'20:33:08.848','timofeeva.regina','SrhtPh5JyB','timofeeva.regina25@example.com'),
	 (122,2484,'18:04:08.784','natala83','REma32olsn1','natala8384@example.org'),
	 (138,2261,'02:26:02.515','fedosa99','6Yf3qnzcMk4','fedosa9971@example.org'),
	 (154,3928,'14:36:56.366','wbragin','teZDJAv8oy','wbragin6@example.com'),
	 (170,2800,'17:37:23.242','martynova.lidia','WIL6IbeCtFnP','martynova.lidia52@example.net');
INSERT INTO tinkoff_game.account (account_rk,client_rk,registration_dttm,login,"password",email) VALUES
	 (186,1863,'18:27:31.597','zdanova.lavrentij','2VrVVxA4Ai','zdanova.lavrentij9@example.com'),
	 (202,2891,'11:18:37.121','ltrofimov','CiaTtrqUT','ltrofimov78@example.com'),
	 (218,3884,'07:13:18.331','bobylev.alena','Yyb9QdiVO8q7','bobylev.alena61@example.org'),
	 (234,2156,'22:21:39.67','taisia04','7rH4EJqR','taisia0495@example.com'),
	 (250,2274,'22:17:19.576','korolev.veronika','wgoGYN6Pu','korolev.veronika44@example.org'),
	 (261,15,'08:19:18.861','klementina25','0Yez4Xux0','klementina2557@example.com'),
	 (277,26,'13:10:28.918','semen.lukin','FKr5t7uxkTp','semen.lukin80@example.org'),
	 (293,2240,'05:29:31.074','illarion.gorbunov','gdt8rBIn8','illarion.gorbunov29@example.org'),
	 (309,3765,'02:41:23.911','makar17','9eedaCCaiH8Q','makar1738@example.org'),
	 (325,748,'19:45:50.805','cstrelkova','l0RqpCYP','cstrelkova32@example.org');
INSERT INTO tinkoff_game.account (account_rk,client_rk,registration_dttm,login,"password",email) VALUES
	 (341,80,'11:39:05.452','torlova','v6w0sCc8Umg','torlova12@example.net'),
	 (357,320,'07:07:42.171','ila.popov','Mjny4EOvaS','ila.popov32@example.com'),
	 (373,347,'08:26:43.236','antonina44','KanDnAlRirb','antonina4481@example.com'),
	 (389,1631,'20:56:11.933','gusin.dmitrij','RdMVNhC5F','gusin.dmitrij38@example.com'),
	 (405,2937,'21:38:25.417','rafail.ilin','hiY3bl8JT','rafail.ilin48@example.net'),
	 (421,1861,'04:49:04.286','pahomov.irina','cgxdZbtp','pahomov.irina99@example.net'),
	 (437,3821,'21:27:45.178','evgenij.zinoveva','Slga3GmYqS4','evgenij.zinoveva88@example.net'),
	 (453,900,'10:00:51.583','galkin.avgust','ZN6oHGdI','galkin.avgust31@example.org'),
	 (469,11,'17:01:59.258','aleksandra.bragin','Ytw86DvJC','aleksandra.bragin16@example.com'),
	 (485,3927,'14:07:00.873','immanuil87','PtkGvtLQRcHh','immanuil8734@example.com');
INSERT INTO tinkoff_game.account (account_rk,client_rk,registration_dttm,login,"password",email) VALUES
	 (501,1077,'19:02:28.769','gfedoseev','wrOoHna02','gfedoseev43@example.net'),
	 (512,2285,'12:50:05.033','fedosa.udina','h0vk6lyvOK16','fedosa.udina37@example.net'),
	 (528,1895,'13:12:17.643','rtimofeeva','PbnlXzXR5z','rtimofeeva52@example.org'),
	 (544,908,'01:23:54.322','kulakova.matvej','RTgaeaNM','kulakova.matvej20@example.net'),
	 (560,3685,'14:12:26.224','zkovalev','HAdDjeU08eP','zkovalev3@example.org'),
	 (576,506,'00:31:30.777','tamara.nikiforov','odXXVp4YvLn','tamara.nikiforov22@example.net'),
	 (592,1707,'07:05:46.786','tarasov.tatana','EIeL9yPqgab','tarasov.tatana17@example.com'),
	 (608,1147,'16:33:57.407','tatana05','5EYbvNnj1','tatana0585@example.org'),
	 (624,3546,'15:13:27.374','ekondratev','BIduzY6q5Lj3','ekondratev99@example.net'),
	 (640,1471,'17:39:05.628','tamara10','oEsHfggvF5l0','tamara1017@example.com');
INSERT INTO tinkoff_game.account (account_rk,client_rk,registration_dttm,login,"password",email) VALUES
	 (656,1685,'11:53:46.741','udina.taisia','3fOE0mbwmJtg','udina.taisia36@example.org'),
	 (672,3772,'13:02:32.412','imironov','RVYTFKcal','imironov24@example.org'),
	 (688,3091,'18:01:07.614','zustinova','jIGOaOo5xC','zustinova91@example.net'),
	 (704,132,'08:33:13.995','ekuznecov','LD6G8M26NY','ekuznecov18@example.org'),
	 (720,2188,'01:52:38.039','georgij.dackov','S1Ol4lamllvw','georgij.dackov43@example.com'),
	 (736,1143,'01:37:34.424','georgij49','JklxJ1MHb','georgij4962@example.org'),
	 (752,335,'12:51:29.91','illarion.ivanova','OjPC79T2DTvl','illarion.ivanova27@example.org'),
	 (779,655,'07:36:44.726','mcernov','doaU0TMIb','mcernov52@example.org'),
	 (795,512,'05:09:49.087','vlad.fomicev','KXONm0eEyhh','vlad.fomicev68@example.com'),
	 (811,2201,'01:39:22.582','ignat.drozdova','zwoJvWBHr','ignat.drozdova52@example.com');
INSERT INTO tinkoff_game.account (account_rk,client_rk,registration_dttm,login,"password",email) VALUES
	 (827,1160,'14:49:04.792','ana04','7YQtGS40Kd','ana0444@example.com'),
	 (843,1752,'23:18:56.698','aleksandrova.immanuil','PgMK4sodLG','aleksandrova.immanuil79@example.com'),
	 (859,3147,'21:10:18.723','faina33','miS1aaiprBTJ','faina3363@example.com'),
	 (875,691,'19:01:07.4','rodionov.lada','gJIxhcfPoacd','rodionov.lada4@example.org'),
	 (891,3119,'13:26:09.172','jeliseeva','NizTS0DUojc','jeliseeva53@example.com'),
	 (907,3592,'04:46:39.196','kiselev.makar','MWxLantzXZw','kiselev.makar7@example.org'),
	 (923,1318,'17:02:37.177','valentina.gorbaceva','NA0wRDlu19','valentina.gorbaceva13@example.org'),
	 (939,536,'12:00:52.738','marat09','306M7lMYK1pI','marat0920@example.net'),
	 (955,1950,'12:12:36.6','rodion.drozdova','b5Y3Htw8b','rodion.drozdova79@example.com'),
	 (971,2022,'23:32:04.974','gleb.gureva','lHORJTN8','gleb.gureva43@example.net');
INSERT INTO tinkoff_game.account (account_rk,client_rk,registration_dttm,login,"password",email) VALUES
	 (987,770,'16:17:12.036','zinaida38','BB6LFga9','zinaida3891@example.com'),
	 (1003,1262,'05:51:26.944','renata.samojlov','CYAAWq1r','renata.samojlov52@example.net'),
	 (1019,241,'10:56:04.2','semen.petrov','LsOTBBa9DhA','semen.petrov75@example.net'),
	 (7,3615,'02:22:34.842','rostislav.soloveva','iEVYs9n2','rostislav.soloveva15@example.net'),
	 (23,2452,'16:11:52.366','nadezda.baranova','U9nNKySO','nadezda.baranova44@example.org'),
	 (39,96,'00:01:37.647','marina.anisimova','ZOTVI3aur','marina.anisimova58@example.com'),
	 (55,1079,'05:09:02.691','krylova.maksim','qpMwnwOt','krylova.maksim44@example.org'),
	 (71,3438,'12:27:05.749','stimofeev','VioFYPJysF','stimofeev46@example.com'),
	 (87,401,'05:29:13.926','vikentij.seleznev','nQdWSIJohY','vikentij.seleznev14@example.net'),
	 (103,1662,'00:10:54.089','sergeeva.prohor','VhcGPN4kcK','sergeeva.prohor17@example.com');
INSERT INTO tinkoff_game.account (account_rk,client_rk,registration_dttm,login,"password",email) VALUES
	 (119,2110,'05:59:22.304','arsenij.rabova','hnZRZ63Y21T7','arsenij.rabova30@example.org'),
	 (135,1515,'18:01:14.949','kapitolina.fedorov','8yULq0WG','kapitolina.fedorov78@example.com'),
	 (151,653,'12:49:20.252','vlad91','PLpX8cUbki7','vlad9153@example.org'),
	 (167,2268,'18:54:42.84','matvej.kalasnikov','uOJPhp5edG','matvej.kalasnikov89@example.org'),
	 (183,3450,'05:32:00.341','belova.ana','5uyOCUeK2FCN','belova.ana82@example.com'),
	 (199,3243,'22:25:46.431','daniil86','gKQTjsC4','daniil86100@example.com'),
	 (215,2297,'08:28:22.311','emma07','lorc7DkrgEk','emma0714@example.com'),
	 (231,1280,'09:07:02.876','anfisa.safonov','6o5uLu1TPEJs','anfisa.safonov79@example.org'),
	 (247,2912,'05:16:14.121','nprohorova','ezbbCem0Pu','nprohorova29@example.org'),
	 (268,3213,'23:16:20.782','wtretakov','1KoyYKekzD','wtretakov37@example.net');
INSERT INTO tinkoff_game.account (account_rk,client_rk,registration_dttm,login,"password",email) VALUES
	 (284,3286,'23:35:19.51','emma33','PQqZLJa5','emma3343@example.com'),
	 (300,3966,'05:55:17.408','savva90','AQCbSEcPwJOO','savva9063@example.org'),
	 (316,187,'21:42:57.39','ykrukov','xkxutjbB2P','ykrukov90@example.net'),
	 (332,2939,'03:29:14.125','klavdia.gulaev','mgXGV0mRLF1J','klavdia.gulaev8@example.com'),
	 (348,3481,'11:46:31.649','zanna.prohorov','uFRYh82vetK','zanna.prohorov67@example.com'),
	 (364,1510,'06:08:14.013','albina32','8wf3rMlisPA','albina328@example.org'),
	 (380,4020,'02:59:11.184','okolesnikova','qGoI7HO3','okolesnikova27@example.com'),
	 (396,2603,'06:43:53.017','zykov.nikolaj','q9iNHNod8gt','zykov.nikolaj6@example.com'),
	 (412,2672,'08:08:37.359','eduard.nikonova','fK2gxjUW','eduard.nikonova55@example.org'),
	 (428,1525,'06:58:03.476','faina.dementev','ovRTDpZY2iU','faina.dementev40@example.org');
INSERT INTO tinkoff_game.account (account_rk,client_rk,registration_dttm,login,"password",email) VALUES
	 (444,75,'06:20:18.158','dominika.grisin','pUb430yDPMdY','dominika.grisin94@example.org'),
	 (460,2139,'16:11:24.515','ulian.aksenova','pyV5lKoPu','ulian.aksenova78@example.org'),
	 (476,2318,'09:11:08.91','sergej.orlova','1S9XpQAnx7VC','sergej.orlova55@example.com'),
	 (492,663,'12:57:46.32','vadim.bogdanova','k4grjySq','vadim.bogdanova95@example.org'),
	 (508,1482,'19:00:12.312','makar.strelkov','XiuHaOCibs','makar.strelkov95@example.com'),
	 (513,2190,'18:39:55.387','eliseeva.abram','jjNfN7d7','eliseeva.abram32@example.com'),
	 (529,1222,'20:59:01.952','oantonova','5tsqA7aSaCK','oantonova26@example.com'),
	 (545,541,'14:44:53.429','vladimir.evdokimov','FhzhcZ2i','vladimir.evdokimov74@example.net'),
	 (561,1435,'06:37:34.022','scvetkova','UZhXBAP5TI','scvetkova35@example.org'),
	 (577,2101,'01:47:22.862','alina.selezneva','cMe2ezqs22dQ','alina.selezneva67@example.net');
INSERT INTO tinkoff_game.account (account_rk,client_rk,registration_dttm,login,"password",email) VALUES
	 (593,2209,'12:48:43.909','aksenova.rostislav','eZYmw7DBz','aksenova.rostislav26@example.org'),
	 (609,3099,'22:17:10.17','innokentij46','rFoJYGWdEFjh','innokentij4655@example.com'),
	 (625,3503,'13:42:18.624','makar59','hM5NfiMfRmv','makar595@example.net'),
	 (641,2780,'22:53:46.154','kuzmina.ekaterina','CEBvvXurl62v','kuzmina.ekaterina97@example.net'),
	 (657,2654,'07:45:28.693','ekaterina.terenteva','3EnZBlv1Mb','ekaterina.terenteva80@example.net'),
	 (673,2827,'13:54:14.174','amaksimova','13ttA4wIBGQa','amaksimova5@example.net'),
	 (689,421,'07:07:04.005','selezneva.marina','eaNRUK2tYEv','selezneva.marina43@example.org'),
	 (705,2446,'00:54:12.811','evgenia86','vO7FNcoQ','evgenia8672@example.com'),
	 (721,3126,'16:59:25.783','qignatov','R87AeF8LtN','qignatov48@example.net'),
	 (737,1033,'19:19:53.693','bnovikova','dp654ref13Mh','bnovikova3@example.com');
INSERT INTO tinkoff_game.account (account_rk,client_rk,registration_dttm,login,"password",email) VALUES
	 (753,1557,'18:45:14.245','urij83','WgzJrzXyGzd','urij8345@example.org'),
	 (774,1556,'20:21:54.244','akuseva.dina','d699P9hSM','akuseva.dina89@example.com'),
	 (790,3386,'00:22:56.47','mark74','KMjeycN5vCmS','mark7433@example.net'),
	 (806,1474,'10:23:54.5','valerij.abramov','ajkeQS8b','valerij.abramov63@example.com'),
	 (822,1464,'23:37:05.437','maria.soloveva','AQBfD8iu43','maria.soloveva79@example.org'),
	 (838,796,'15:04:14.838','baranov.albert','Q8GjrLIJj','baranov.albert28@example.net'),
	 (854,3115,'03:41:59.601','gorskova.sergej','HQpKNNMVQnX','gorskova.sergej91@example.net'),
	 (870,1855,'19:01:01.595','jbespalov','OG2Olia8','jbespalov93@example.net'),
	 (886,3306,'12:20:33.064','clihaceva','ptXAHtkEykb','clihaceva62@example.net'),
	 (902,2616,'15:53:11.503','jpolakova','yt7hXmzL','jpolakova38@example.org');
INSERT INTO tinkoff_game.account (account_rk,client_rk,registration_dttm,login,"password",email) VALUES
	 (918,42,'20:02:21.168','krylova.raisa','3S4fh20Or2XO','krylova.raisa52@example.com'),
	 (934,411,'10:32:00.145','zimina.tit','hf8lXEo28lKc','zimina.tit21@example.org'),
	 (950,3280,'18:40:33.133','sergej31','WbK90xkg4x','sergej312@example.org'),
	 (966,2397,'18:29:36.588','smuhin','UrBsC3fL','smuhin57@example.net'),
	 (982,1767,'08:40:52.605','terenteva.diana','Bw8bQJHOt','terenteva.diana62@example.com'),
	 (998,961,'14:28:13.374','fedosa60','ORnzK5eju','fedosa6017@example.org'),
	 (1014,1877,'00:56:54.817','miroslav.timofeev','ZnFFIUN9','miroslav.timofeev66@example.org'),
	 (14,4061,'06:31:34.605','leonid69','ONujOzQ7K10','leonid6957@example.org'),
	 (30,4044,'11:47:10.375','vasilisa66','mQCHt1Tvhr','vasilisa6647@example.org'),
	 (46,2749,'22:53:07.028','sava.emelanova','cw1zdFFLiKAA','sava.emelanova86@example.org');
INSERT INTO tinkoff_game.account (account_rk,client_rk,registration_dttm,login,"password",email) VALUES
	 (62,1674,'20:54:20.119','ignat17','ndb7GQ9Is','ignat1712@example.org'),
	 (78,3883,'13:36:42.178','mvoroncova','kHtuR2UFeIH','mvoroncova18@example.com'),
	 (94,1541,'20:22:09.253','kristina74','fU9I7iSrh','kristina7492@example.org'),
	 (110,2140,'02:23:00.116','leonid56','b7IP048w','leonid563@example.net'),
	 (126,2092,'14:16:06.336','ulia.zdanov','FGkCpkSH951S','ulia.zdanov25@example.net'),
	 (142,1560,'18:27:40.505','nika60','6DE56Q2gXOl','nika6094@example.com'),
	 (158,514,'06:16:35.238','osarov','iUGbQza5','osarov80@example.net'),
	 (174,258,'12:51:28.644','albina31','NqnDMJq5','albina316@example.com'),
	 (190,2162,'03:22:44.453','andreeva.aleksandr','9MYoIz7g','andreeva.aleksandr88@example.org'),
	 (206,29,'18:48:41.886','zinaida.kornilov','X0KFqa9hQ','zinaida.kornilov94@example.com');
INSERT INTO tinkoff_game.account (account_rk,client_rk,registration_dttm,login,"password",email) VALUES
	 (222,2158,'17:07:08.504','klara.sarova','anA2HL1gc','klara.sarova64@example.org'),
	 (238,637,'19:47:31.02','florentina22','BXqgLOrsl','florentina2233@example.com'),
	 (254,2852,'11:59:22.445','bogdanov.dominika','YGsGW3nMY','bogdanov.dominika100@example.net'),
	 (265,3919,'00:48:40.45','xsubina','AXtILCQn6Bi1','xsubina85@example.org'),
	 (281,758,'09:21:45.491','faina.odincov','autpeSQIN3','faina.odincov20@example.com'),
	 (297,1475,'07:18:45.171','tharitonov','09HBSqXF6','tharitonov28@example.net'),
	 (313,1360,'10:41:09.655','zoa56','C22BQILeTE','zoa5645@example.com'),
	 (329,3098,'13:12:24.532','vladlen18','U5iPryShIZbs','vladlen1815@example.org'),
	 (345,483,'05:18:25.513','tretakov.nikolaj','SsaWPyZ6','tretakov.nikolaj32@example.net'),
	 (361,2488,'20:15:25.004','jorehov','BF5bTI4cz3','jorehov37@example.org');
INSERT INTO tinkoff_game.account (account_rk,client_rk,registration_dttm,login,"password",email) VALUES
	 (377,1971,'18:17:16.379','garri42','zlleKMebv','garri4241@example.com'),
	 (393,1041,'10:00:54.117','nsarov','e5hnskqWJ','nsarov65@example.net'),
	 (409,194,'08:39:47.724','vhohlov','aqY5oIKyww','vhohlov2@example.org'),
	 (425,24,'02:29:55.911','akoroleva','ghMNJtgTd','akoroleva12@example.net'),
	 (441,3647,'00:33:03.933','zuravleva.an','kWbKoEGrM','zuravleva.an26@example.org'),
	 (457,3713,'18:00:26.742','klara08','PcGWmBv9f1','klara086@example.com'),
	 (473,1006,'23:22:01.673','dara07','4ULjzQMMylay','dara0764@example.com'),
	 (489,3488,'04:45:24.049','xaleksandrov','QoUGj3J5AK','xaleksandrov65@example.com'),
	 (505,3616,'13:44:36.06','inessa.teterin','eyncNmxu5','inessa.teterin17@example.org'),
	 (516,834,'02:12:57.317','msarapov','IrUTuMkB','msarapov88@example.org');
INSERT INTO tinkoff_game.account (account_rk,client_rk,registration_dttm,login,"password",email) VALUES
	 (532,1146,'18:36:35.953','boris27','9tJNk4kDG','boris2771@example.com'),
	 (548,1755,'22:31:24.902','zzuev','yxADtlIy','zzuev44@example.com'),
	 (564,2664,'11:36:26.964','masnikov.akov','HplBoPCglXg','masnikov.akov41@example.net'),
	 (580,2413,'04:10:57.613','qersova','8s7BvL1e','qersova40@example.com'),
	 (596,2902,'07:04:06.155','esamojlov','cPodh9oIQ','esamojlov83@example.com'),
	 (612,1341,'23:19:39.968','ulia34','sA7nKuY2Uii','ulia3444@example.net'),
	 (628,3340,'23:36:29.562','vikentij.pavlova','WAd8rCOHos0','vikentij.pavlova71@example.org'),
	 (644,3580,'23:32:00.97','nelli.fadeev','fYiui5YUNgG','nelli.fadeev68@example.net'),
	 (660,511,'00:07:11.071','oleg46','lFhyHblVbRok','oleg4626@example.org'),
	 (676,1781,'14:50:55.439','xseliverstov','KXIGKTZR','xseliverstov4@example.com');
INSERT INTO tinkoff_game.account (account_rk,client_rk,registration_dttm,login,"password",email) VALUES
	 (692,3743,'15:33:50.728','izabella.orehov','d15fVkQFwle','izabella.orehov71@example.org'),
	 (708,3253,'14:18:33.221','mihail.fokin','oDV8L4wKH','mihail.fokin5@example.org'),
	 (724,22,'22:11:30.685','xdenisov','GHfGBLOoBHR','xdenisov8@example.net'),
	 (740,3160,'22:19:49.854','igor.tihonov','k3AJzSYkMM','igor.tihonov52@example.com'),
	 (756,3404,'14:11:52.044','fadeev.illarion','dN2qUwbsjQ','fadeev.illarion45@example.com'),
	 (783,845,'12:41:30.678','tatana.blinova','eOXP33npwAod','tatana.blinova42@example.com'),
	 (799,839,'06:44:54.123','rudin','ToRZTuAiv6iZ','rudin68@example.com'),
	 (815,2199,'18:07:41.101','pavlov.vil','gDHZGqtlOuM','pavlov.vil78@example.com'),
	 (831,2883,'18:34:05.375','grigorij.gorbaceva','54YuaEmh3Od','grigorij.gorbaceva36@example.com'),
	 (847,3346,'02:54:28.852','pahomov.inga','AlgJMpYCDo','pahomov.inga49@example.org');
INSERT INTO tinkoff_game.account (account_rk,client_rk,registration_dttm,login,"password",email) VALUES
	 (863,1748,'06:42:31.922','akov00','BdypSKp1RDys','akov0045@example.org'),
	 (879,3048,'07:45:09.381','doronin.nelli','KmciWkc93Z','doronin.nelli23@example.org'),
	 (895,1167,'02:43:51.392','bobrova.efim','HuMYFSFY','bobrova.efim27@example.net'),
	 (911,1330,'09:59:01.726','dsarova','eauOrOq9n','dsarova99@example.org'),
	 (927,359,'15:18:45.401','inessa07','mXujNUz3A4','inessa0742@example.net'),
	 (943,2251,'18:29:27.197','rodionova.nika','IatPt8sI','rodionova.nika70@example.com'),
	 (959,325,'01:56:19.434','romanov.lidia','BT3c8AyAeOXV','romanov.lidia26@example.net'),
	 (975,2462,'05:44:31.384','trofimova.nonna','hpsDQ8AsM','trofimova.nonna63@example.org'),
	 (991,753,'19:49:39.78','wignatova','3FpiovfU6','wignatova9@example.com'),
	 (1007,2762,'15:49:19.82','alisa.strelkova','8y1SVW5N','alisa.strelkova58@example.com');
INSERT INTO tinkoff_game.account (account_rk,client_rk,registration_dttm,login,"password",email) VALUES
	 (1023,2535,'01:40:15.344','bronislav88','dRv8ZcQmFp1','bronislav8814@example.com'),
	 (11,1984,'12:02:16.023','safonov.florentina','bG4Kxztt','safonov.florentina44@example.org'),
	 (27,1572,'18:12:37.937','kudrasov.rodion','k1h5iTt1','kudrasov.rodion57@example.net'),
	 (43,3483,'21:30:57.081','fedor.eliseeva','w4vDF4D0g','fedor.eliseeva39@example.net'),
	 (59,2807,'02:07:31.534','xkapustina','GOfJS3kadXPg','xkapustina9@example.net'),
	 (75,13,'06:20:27.636','fstepanova','br2ZDGYrQMbQ','fstepanova21@example.net'),
	 (91,3402,'04:59:09.727','ksenia41','kbq6Usuzslb','ksenia4111@example.org'),
	 (107,2892,'09:30:10.391','alina.gureva','OxJUNZFxAX','alina.gureva39@example.org'),
	 (123,2829,'03:59:06.523','masnikov.ulana','xEI7bWgZLnjU','masnikov.ulana18@example.org'),
	 (139,3405,'18:35:58.392','anastasia.orlov','xywGuSDUFGK','anastasia.orlov56@example.org');
INSERT INTO tinkoff_game.account (account_rk,client_rk,registration_dttm,login,"password",email) VALUES
	 (155,2428,'03:47:48.493','kristina70','t7c74ksfj','kristina7076@example.com'),
	 (171,835,'22:37:46.371','aroslava78','u68OdG2ONjV','aroslava7895@example.org'),
	 (187,2767,'12:07:44.586','eveselova','U4NMhdSK','eveselova88@example.org'),
	 (203,890,'07:05:10.535','azykov','zKTBy42ki','azykov8@example.com'),
	 (219,1929,'00:19:04.444','radislav68','zVq2rSPHp','radislav6887@example.com'),
	 (235,457,'19:45:34.573','bronislav59','XyqdeFQSzKPJ','bronislav5912@example.net'),
	 (251,3904,'14:07:19.089','jmartynova','MXQ659bTR','jmartynova9@example.org'),
	 (256,169,'22:04:08.673','pblinova','tCJOq6uT','pblinova59@example.net'),
	 (272,3996,'17:56:58.046','vladlen.miheev','JU672F0s','vladlen.miheev59@example.org'),
	 (288,1943,'16:28:21.503','trofim.krasilnikov','BImmrL2diroT','trofim.krasilnikov89@example.com');
INSERT INTO tinkoff_game.account (account_rk,client_rk,registration_dttm,login,"password",email) VALUES
	 (304,1206,'18:53:21.252','radislav12','sVW04wecA','radislav1221@example.org'),
	 (320,14,'15:44:10.434','icvetkova','2INbSLNHp','icvetkova78@example.org'),
	 (336,2267,'22:29:45.707','polina81','Zd8WVK6fXH','polina8130@example.org'),
	 (352,3594,'23:43:26.782','robert.sysoev','KSEzoccr2KN','robert.sysoev1@example.com'),
	 (368,3150,'18:24:38.43','dignatev','85AQ8sBtdy','dignatev60@example.net'),
	 (384,402,'21:00:02.303','lubov57','WzGeNial','lubov5722@example.com'),
	 (400,554,'02:17:22.988','sidorov.kristina','BQXOmSPeM56','sidorov.kristina71@example.org'),
	 (416,91,'10:48:19.814','tatana69','xhGGfTYfhSAM','tatana6950@example.net'),
	 (432,690,'04:20:31.999','klavdia43','RM4GFgQ56','klavdia4391@example.org'),
	 (448,249,'19:09:34.509','ckolobov','07Nza4TCkc','ckolobov16@example.com');
INSERT INTO tinkoff_game.account (account_rk,client_rk,registration_dttm,login,"password",email) VALUES
	 (464,1434,'16:50:52.602','lubov49','gSlThpeznMv','lubov4942@example.org'),
	 (480,2216,'10:30:32.733','diana.kolobova','wMqkM0Vlo','diana.kolobova67@example.org'),
	 (496,3408,'22:02:48.656','vladimir38','2YQ4yyjJk','vladimir3867@example.net'),
	 (517,482,'04:34:20.657','mzinovev','LzZKjZzNGVZ','mzinovev70@example.com'),
	 (533,3057,'05:00:25.233','kisakova','SrJAi6DU','kisakova31@example.org'),
	 (549,3803,'01:14:05.781','inga.rozkova','svJ4O0VK','inga.rozkova80@example.org'),
	 (565,928,'18:40:17.517','wnikitina','Jk0s67nUWb7D','wnikitina90@example.net'),
	 (581,3341,'14:48:25.311','blohina.izabella','1Oz2f1ikDGU','blohina.izabella53@example.net'),
	 (597,818,'21:13:25.799','semen76','hQaO8lXrNHIQ','semen7632@example.org'),
	 (613,452,'12:43:17.301','albina.uvarov','hLp8MmpJMQc','albina.uvarov59@example.org');
INSERT INTO tinkoff_game.account (account_rk,client_rk,registration_dttm,login,"password",email) VALUES
	 (629,2000,'05:16:48.088','eliseev.albina','ZbFCjmdM','eliseev.albina14@example.com'),
	 (645,2189,'07:08:12.823','emelanova.mihail','5gDdldss','emelanova.mihail57@example.com'),
	 (661,1562,'21:17:18.894','kapustina.stanislav','D5ISlbwY3','kapustina.stanislav36@example.com'),
	 (677,1182,'05:04:38.959','avgust77','odXllNQVam','avgust7765@example.org'),
	 (693,1570,'23:58:04.686','raisa92','JVJDEEWSDGf','raisa9287@example.net'),
	 (709,1953,'05:04:54.261','gkulagina','iW7k7bWK7cLd','gkulagina55@example.net'),
	 (725,3839,'08:27:14.054','wfomin','AaBSfgw2H','wfomin94@example.com'),
	 (741,3903,'05:03:05.956','esitnikova','2zhTXOJtz','esitnikova42@example.com'),
	 (757,3042,'23:56:00.637','vera79','byquk9koOP','vera7968@example.org'),
	 (778,1794,'06:48:22.98','kalinina.raisa','fq72oRRsqD','kalinina.raisa51@example.org');
INSERT INTO tinkoff_game.account (account_rk,client_rk,registration_dttm,login,"password",email) VALUES
	 (794,1910,'22:28:53.481','aleksandra.lobanov','dFfw7Nup7y','aleksandra.lobanov20@example.org'),
	 (810,2656,'19:42:52.389','stepan61','EMZQAkEP3OD','stepan6133@example.net'),
	 (826,333,'22:20:44.491','qkotova','Kj87bgeF','qkotova75@example.net'),
	 (842,2795,'02:33:47.202','mbelozerov','9DX5ZfWI7','mbelozerov77@example.net'),
	 (858,2948,'02:43:09.679','spartak27','JzgzN3O1RBJ','spartak2777@example.net'),
	 (874,2278,'15:41:17.044','gavriil04','mW9aeafVbpP','gavriil0493@example.com'),
	 (890,1566,'18:41:43.338','tatana11','WI2kUclWxJ','tatana1187@example.org'),
	 (906,2463,'10:50:59.828','bogdan43','Nlpw2DRhoZ','bogdan4373@example.com'),
	 (922,3663,'13:46:01.341','wkonovalova','LTUbMJeAzfi','wkonovalova100@example.com'),
	 (938,3321,'07:58:25.364','marta05','whrCu81BQ7rT','marta0572@example.com');
INSERT INTO tinkoff_game.account (account_rk,client_rk,registration_dttm,login,"password",email) VALUES
	 (954,2903,'00:23:27.424','boleslav26','9AXE15bmUV','boleslav2614@example.net'),
	 (970,750,'19:00:23.338','novikova.irina','FhS30BsYQoWB','novikova.irina92@example.com'),
	 (986,1059,'16:49:39.512','veniamin86','9PhqLKfExO','veniamin8688@example.org'),
	 (1002,2845,'15:27:48.619','leonid.mihajlova','Wk0jyeeBT4G8','leonid.mihajlova62@example.net'),
	 (1018,2324,'22:53:31.519','prohor.soboleva','97i3rLzgx','prohor.soboleva75@example.org'),
	 (8,3225,'15:01:51.515','garri.saskova','Jo2Gcny2q7m','garri.saskova22@example.net'),
	 (24,4001,'20:48:30.253','ulij38','II3j9zjPnOpx','ulij3825@example.com'),
	 (40,398,'13:31:01.003','alekseeva.roman','8D6srH1oD3au','alekseeva.roman44@example.com'),
	 (56,636,'09:36:23.038','stepanov.alena','zsvrzRAdzI5','stepanov.alena20@example.net'),
	 (72,2210,'01:22:28.034','sokolova.nelli','wIl4uaRB4t','sokolova.nelli90@example.com');
INSERT INTO tinkoff_game.account (account_rk,client_rk,registration_dttm,login,"password",email) VALUES
	 (88,3337,'02:11:42.893','xarhipov','L4nXdzPimi5I','xarhipov7@example.com'),
	 (104,3329,'18:55:50.088','uvarova.akov','pb1GEOxUX5Z','uvarova.akov22@example.net'),
	 (120,2962,'01:41:38.929','ssiraeva','b8e7PVe3QRJa','ssiraeva5@example.com'),
	 (136,1118,'22:03:35.771','arkadij.polakova','AMKrDhhDXF','arkadij.polakova56@example.com'),
	 (152,832,'01:43:36.829','vladislav.fedoseev','2GoM0UBrnkj','vladislav.fedoseev77@example.net'),
	 (168,3298,'17:36:04.79','galina75','3VHk1inMD','galina7581@example.net'),
	 (184,2376,'23:50:53.665','terentev.valerij','4xGt62SXlflB','terentev.valerij31@example.org'),
	 (200,1380,'10:09:35.723','udin.nikita','Xzu9FoILjW13','udin.nikita84@example.org'),
	 (216,1875,'00:18:50.653','feliks.makarov','Ce312mg38Q','feliks.makarov13@example.com'),
	 (232,2419,'00:37:20.989','inessa28','XvtiVAoeJBsr','inessa2846@example.net');
INSERT INTO tinkoff_game.account (account_rk,client_rk,registration_dttm,login,"password",email) VALUES
	 (248,1769,'09:32:44.203','diana39','CDvdkxu0P','diana3933@example.net'),
	 (259,2472,'02:41:49.364','fomiceva.dmitrij','On4Yvwpkn','fomiceva.dmitrij53@example.net'),
	 (275,1870,'02:02:24.067','anton52','3Iy5oyZ26Rr','anton5261@example.net'),
	 (291,3752,'11:38:47.454','nestor.bobrov','D70guPDK','nestor.bobrov69@example.com'),
	 (307,3806,'23:58:50.725','uvarov.ekaterina','2Otj4AIEPD6L','uvarov.ekaterina28@example.org'),
	 (323,366,'00:09:03.641','sofa55','f7rF9Tmwj0','sofa5533@example.org'),
	 (339,3736,'09:58:15.528','efimova.olga','giCHn3cL1D4','efimova.olga31@example.org'),
	 (355,2219,'15:21:12.558','gmakarova','MbLL2Y0kRFZ','gmakarova43@example.net'),
	 (371,1617,'23:01:15.787','krasilnikov.pavel','SVhoZF0F','krasilnikov.pavel69@example.com'),
	 (387,853,'05:17:11.378','pmarkov','59pVbwfLWeJ','pmarkov37@example.com');
INSERT INTO tinkoff_game.account (account_rk,client_rk,registration_dttm,login,"password",email) VALUES
	 (403,3617,'18:03:21.802','andrej80','6Fhm3zfNgz','andrej809@example.org'),
	 (419,1559,'09:22:51.989','inna.emelanov','ijLVkwFY','inna.emelanov69@example.com'),
	 (435,2038,'23:24:42.111','panova.rada','8GrrfbHKqW','panova.rada53@example.com'),
	 (451,1606,'22:01:28.018','artur47','rvFOe58t0G1a','artur4726@example.org'),
	 (467,2308,'11:18:24.448','natala.pahomova','CrTLe0OMQt','natala.pahomova100@example.org'),
	 (483,1441,'00:59:30.997','rozalina.ovcinnikov','XpSlT1nsZ','rozalina.ovcinnikov59@example.org'),
	 (499,805,'12:27:33.252','antonina.prohorov','6m1CuuvXuK','antonina.prohorov43@example.com'),
	 (514,2761,'19:58:13.053','cernov.vera','vltYI4Yah','cernov.vera12@example.net'),
	 (530,1117,'09:59:46.876','konstantin05','TlGf1xL2bZ','konstantin0575@example.com'),
	 (546,1272,'01:19:58.456','vikentij08','oI1Teq3k','vikentij0818@example.org');
INSERT INTO tinkoff_game.account (account_rk,client_rk,registration_dttm,login,"password",email) VALUES
	 (562,665,'22:40:09.602','kozlov.fedor','Zq8B1c6i','kozlov.fedor26@example.com'),
	 (578,2402,'10:32:05.554','lilia.agafonova','vZq9Rh2M','lilia.agafonova35@example.org'),
	 (594,2736,'20:17:08.424','jbobylev','mmTk3V6yu3HW','jbobylev50@example.net'),
	 (610,2316,'03:33:52.64','bogdanov.ivan','zfoQzbkyOHpZ','bogdanov.ivan63@example.com'),
	 (626,1567,'00:47:33.593','nazarova.egor','qXinUeUKre2','nazarova.egor69@example.org'),
	 (642,1729,'06:53:41.412','alisa.ponomareva','az2esTbp1','alisa.ponomareva76@example.net'),
	 (658,1668,'04:24:31.064','rvladimirov','OiWkYPfZK','rvladimirov5@example.org'),
	 (674,3489,'04:56:58.269','ihohlova','TtYBJkIC','ihohlova61@example.com'),
	 (690,2867,'20:23:03.725','safonov.vasilij','GQ8CwCle','safonov.vasilij91@example.net'),
	 (706,3650,'08:00:49.379','esubina','bqjWAVxMw','esubina16@example.net');
INSERT INTO tinkoff_game.account (account_rk,client_rk,registration_dttm,login,"password",email) VALUES
	 (722,1693,'13:54:13.155','voronov.ignat','8J5wSLFsLRy','voronov.ignat97@example.com'),
	 (738,3208,'10:27:34.286','veronika.morozov','F7Vb2nGVXoz','veronika.morozov31@example.org'),
	 (754,23,'17:03:10.693','valerian.antonova','yCOP8PFXSx','valerian.antonova60@example.com'),
	 (781,345,'04:57:26.632','valerian34','AiSzYxop5','valerian3474@example.net'),
	 (797,198,'19:38:09.88','alisa.kononova','jZQz58x0e0p2','alisa.kononova69@example.org'),
	 (813,1180,'03:40:44.12','oleg22','z3vEFbVlp','oleg2242@example.org'),
	 (829,557,'21:26:50.412','emilia31','q8ymY0qk3o','emilia3185@example.com'),
	 (845,2112,'10:39:07.389','ysiraev','SVmyMhrd','ysiraev39@example.net'),
	 (861,1124,'09:54:04.324','jlukin','xI3mSS08dKU','jlukin68@example.com'),
	 (877,2808,'16:53:40.495','gordej.martynova','0QvM5HZDjPU','gordej.martynova85@example.org');
INSERT INTO tinkoff_game.account (account_rk,client_rk,registration_dttm,login,"password",email) VALUES
	 (893,911,'23:58:18.112','tpopova','loGUndnzL0oW','tpopova100@example.org'),
	 (909,3974,'09:09:25.134','klavdia.turova','ATKGEvYSFWfp','klavdia.turova95@example.org'),
	 (925,1126,'20:40:18.2','karhipova','aqBAhoFQA','karhipova91@example.net'),
	 (941,3017,'15:25:53.412','hcvetkov','tFb07kEzgo','hcvetkov69@example.net'),
	 (957,4010,'00:06:11.103','zanna16','qSUbftOJr','zanna1670@example.net'),
	 (973,1268,'06:39:38.646','fsiraev','2C6F6GPo','fsiraev37@example.net'),
	 (989,2612,'06:28:01.967','izabella.abramov','nFVHPVGrt','izabella.abramov19@example.net'),
	 (1005,1909,'12:15:01.501','pgulaev','K8JTimn8wo','pgulaev4@example.org'),
	 (1021,2340,'13:06:22.418','vasileva.anfisa','SOwAh5d2tlJ','vasileva.anfisa61@example.org'),
	 (5,1477,'20:28:03.534','xevseev','340b0PIh59','xevseev18@example.com');
INSERT INTO tinkoff_game.account (account_rk,client_rk,registration_dttm,login,"password",email) VALUES
	 (21,1045,'05:40:09.596','alisa89','Lp8r6sYGF52','alisa8927@example.org'),
	 (37,3673,'06:02:55.704','pkozlova','reWB9SxdH','pkozlova50@example.com'),
	 (53,3829,'09:03:48.93','gorskova.milan','w3BkkCwaNdN','gorskova.milan79@example.net'),
	 (69,43,'07:11:55.3','marta.knazeva','5L6yzSLwqvh','marta.knazeva19@example.net'),
	 (85,3124,'21:21:11.781','ana.guseva','mA07F1aDZ','ana.guseva93@example.org'),
	 (101,3851,'16:26:25.907','xuvarova','fj1wCJTCm','xuvarova73@example.net'),
	 (117,1226,'23:29:31.721','jdanilov','8FpA9QemIPK','jdanilov78@example.net'),
	 (133,985,'20:16:26.695','irina28','XAx9uh4j9EYx','irina2890@example.com'),
	 (149,3294,'23:35:17.063','nekrasov.afanasij','2nVnlObIi','nekrasov.afanasij67@example.com'),
	 (165,122,'22:51:48.981','lebedev.nikita','geNB7qAIv','lebedev.nikita98@example.net');
INSERT INTO tinkoff_game.account (account_rk,client_rk,registration_dttm,login,"password",email) VALUES
	 (181,662,'23:09:52.525','ologinova','WG82FAW53qj9','ologinova28@example.net'),
	 (197,2289,'11:01:09.952','skolobova','bFAQU507','skolobova30@example.net'),
	 (213,3627,'00:43:01.822','cbelaev','FSHlxULLB','cbelaev20@example.com'),
	 (229,3633,'13:39:28.541','elavrenteva','G1BCOngJr0mf','elavrenteva57@example.net'),
	 (245,3428,'19:36:57.488','evgenia.larionova','U8DiNCUrvPZ','evgenia.larionova66@example.com'),
	 (266,3177,'22:37:21.876','alina.vinogradov','VnuhPXGv3w','alina.vinogradov12@example.com'),
	 (282,702,'09:05:09.823','vasilisa82','2MlraTmhH','vasilisa8213@example.com'),
	 (298,339,'15:07:17.48','visakov','y2U6XzvVDo','visakov38@example.com'),
	 (314,1713,'08:11:13.562','andrej.abramova','YpeYq0ida8R9','andrej.abramova51@example.net'),
	 (330,3282,'13:09:42.465','dvoronova','u9ppoPk2DR','dvoronova66@example.org');
INSERT INTO tinkoff_game.account (account_rk,client_rk,registration_dttm,login,"password",email) VALUES
	 (346,171,'07:25:43.352','gorbacev.bogdan','7O3FmmfLYW','gorbacev.bogdan21@example.com'),
	 (362,1017,'13:19:05.468','skrasilnikova','UHFpygMbaau','skrasilnikova67@example.com'),
	 (378,974,'02:02:48.275','elena74','ApUk961Fains','elena7477@example.net'),
	 (394,2100,'01:24:38.038','vikentij70','OUe7TSO0','vikentij7069@example.net'),
	 (410,741,'02:50:47.026','gkolesnikova','zQaI3N3u','gkolesnikova35@example.net'),
	 (426,82,'03:39:42.809','vsevolod97','V1afXL6Q','vsevolod9778@example.net'),
	 (442,3651,'10:55:42.209','svatoslav.sysoev','3O5G50nA','svatoslav.sysoev58@example.com'),
	 (458,918,'03:59:58.359','akim89','Freb6pxnOj','akim8944@example.net'),
	 (474,1893,'18:24:06.471','bolsakov.vladimir','vXqh0G6b','bolsakov.vladimir13@example.net'),
	 (490,63,'11:00:36.668','inessa.zueva','Ka8g3MMGF','inessa.zueva18@example.org');
INSERT INTO tinkoff_game.account (account_rk,client_rk,registration_dttm,login,"password",email) VALUES
	 (506,1650,'08:47:07.979','kovaleva.adam','oDNLClyVB','kovaleva.adam27@example.org'),
	 (523,920,'09:25:56.257','qbelousov','3gr6NyjEUDxT','qbelousov100@example.org'),
	 (539,456,'12:12:52.684','dina.golubeva','rWv0GbiUUQe','dina.golubeva30@example.org'),
	 (555,2482,'20:13:07.788','vignatov','2wlTHFGmoqFR','vignatov57@example.com'),
	 (571,1937,'23:42:42.308','efremova.nestor','gj4fAId4','efremova.nestor56@example.net'),
	 (587,915,'07:28:46.255','sgusina','NbOge7kr','sgusina94@example.com'),
	 (603,1369,'02:09:12.833','viktor.alekseeva','9lzF6eAIoU','viktor.alekseeva24@example.org'),
	 (619,1757,'08:21:06.235','lobanova.taisia','TFBuGs9cXr','lobanova.taisia23@example.com'),
	 (635,153,'19:36:49.964','isukin','qz9twmDc','isukin70@example.net'),
	 (651,433,'18:14:56.966','grigorij54','1YEzJufF','grigorij5487@example.org');
INSERT INTO tinkoff_game.account (account_rk,client_rk,registration_dttm,login,"password",email) VALUES
	 (667,1092,'09:11:21.447','teterina.milan','ndOWsFdiZMF1','teterina.milan22@example.com'),
	 (683,1128,'19:21:51.758','polakova.emma','Xhz2JZ5j','polakova.emma55@example.org'),
	 (699,3251,'06:31:39.56','sava36','lAcKDAEI','sava3667@example.net'),
	 (715,3838,'06:33:44.965','udin.robert','B6t3xdDSy','udin.robert73@example.org'),
	 (731,3957,'08:34:26.357','rabramova','AMSKnK9xk7','rabramova43@example.org'),
	 (747,1022,'09:10:41.191','grigorij40','F3BcHbPMly','grigorij4059@example.org'),
	 (763,1697,'09:17:58.96','dmitrij.udina','Elcaa76TCuNj','dmitrij.udina41@example.net'),
	 (768,1927,'03:14:45.61','izolda92','lkSHWRlBv9','izolda9242@example.com'),
	 (784,3152,'09:34:46.563','rozalina.kulagina','wdufNrR2h','rozalina.kulagina55@example.org'),
	 (800,2644,'11:16:53.947','lbogdanova','lJGSod4UfX','lbogdanova59@example.org');
INSERT INTO tinkoff_game.account (account_rk,client_rk,registration_dttm,login,"password",email) VALUES
	 (816,2631,'23:09:14.341','nikodim36','RNjpt8w3MI5q','nikodim3679@example.org'),
	 (832,3518,'01:06:44.221','ulian34','mKOYVsVla','ulian3410@example.com'),
	 (848,72,'01:42:58.066','anfisa.cvetkov','kPQlGqBvC4X','anfisa.cvetkov82@example.com'),
	 (864,2187,'04:30:33.171','marat.kazakova','gtCFMcQF','marat.kazakova7@example.org'),
	 (880,849,'07:06:15.925','ulana.maslov','00n4lszGKwh1','ulana.maslov81@example.net'),
	 (896,368,'05:47:57.365','sukina.regina','SuoKtwUCSg3','sukina.regina98@example.net'),
	 (912,1613,'13:54:27.822','cdackov','vwcRFw3xh0','cdackov6@example.com'),
	 (928,1533,'00:47:17.73','savin.sava','HtB7z8T7Os','savin.sava64@example.com'),
	 (944,2328,'02:35:34.734','oleg.panfilov','c4FVU7bwKbJ','oleg.panfilov6@example.com'),
	 (960,2136,'07:03:41.078','nelli.voronov','acoA55xxYFFx','nelli.voronov2@example.net');
INSERT INTO tinkoff_game.account (account_rk,client_rk,registration_dttm,login,"password",email) VALUES
	 (976,4019,'21:21:12.652','gsidorov','Nifo1gbHir','gsidorov24@example.net'),
	 (992,1747,'13:49:02.595','filipp.romanova','OJNGVCGl','filipp.romanova46@example.com'),
	 (1008,3101,'20:56:45.068','rozalina29','TJo0vjwoUqq','rozalina2938@example.org'),
	 (2,161,'08:48:21.782','msubbotina','Adts2Rva','msubbotina98@example.org'),
	 (18,242,'20:20:23.002','nikodim.bogdanov','Hc5Btm0m','nikodim.bogdanov52@example.net'),
	 (34,639,'23:02:26.698','belova.olesa','Z4R5zmelx','belova.olesa99@example.org'),
	 (50,2195,'19:29:31.835','ulia09','QR5HzAFGqiyA','ulia0967@example.com'),
	 (66,389,'13:41:02.091','mihail95','KWlMmSe9','mihail95100@example.org'),
	 (82,1199,'01:46:44.202','vera81','XqYWxGDu','vera8162@example.net'),
	 (98,1342,'18:42:20.72','radislav53','GKvOeZx7','radislav5365@example.org');
INSERT INTO tinkoff_game.account (account_rk,client_rk,registration_dttm,login,"password",email) VALUES
	 (114,4062,'22:52:11.128','faina96','WUfPz4k7MKpV','faina9612@example.net'),
	 (130,1702,'19:37:17.952','komissarova.marina','JMDueveRWZq','komissarova.marina36@example.org'),
	 (146,2571,'13:14:04.208','zaharova.ignat','FZsPuPS5','zaharova.ignat63@example.net'),
	 (162,745,'06:52:53.457','sitnikova.vitold','FQcLpF0m','sitnikova.vitold23@example.net'),
	 (178,1676,'00:53:20.066','qsaveleva','9V21HtjP','qsaveleva8@example.com'),
	 (194,3934,'11:51:20.53','artemev.polina','qU9NCQHWr','artemev.polina70@example.org'),
	 (210,794,'17:25:22.99','osiraeva','0t1pQjoRpIA1','osiraeva66@example.org'),
	 (226,2095,'19:35:57.117','jsestakov','LBN1FEHH0','jsestakov81@example.net'),
	 (242,2950,'19:41:44.097','apanova','2ecAVAIAT','apanova62@example.com'),
	 (269,3741,'01:55:49.488','miroslav.fedoseev','1BHQRCKXB3OY','miroslav.fedoseev55@example.net');
INSERT INTO tinkoff_game.account (account_rk,client_rk,registration_dttm,login,"password",email) VALUES
	 (285,1816,'09:04:11.463','ulebedev','n4phSZpC','ulebedev12@example.org'),
	 (301,104,'08:08:01.092','knazeva.polina','1OOOAjH6XzUT','knazeva.polina8@example.net'),
	 (317,3558,'08:31:46.438','sokolov.dan','cO8YBJg1','sokolov.dan71@example.com'),
	 (333,1110,'15:44:12.571','ivan16','0OHaRSkxbuY','ivan1613@example.net'),
	 (349,3905,'17:40:54.569','esaveleva','ZMQcwcLpHI','esaveleva89@example.org'),
	 (365,446,'01:26:41','bogdan93','Q25SfZ7tI','bogdan9325@example.com'),
	 (381,2179,'00:19:33.797','abramov.rodion','l4zw9Lgl3hA','abramov.rodion72@example.net'),
	 (397,2660,'14:05:19.083','izabella13','u2kyBJ9au7','izabella1364@example.org'),
	 (413,3164,'14:01:55.99','lubov.muhina','QWSoLo3madx','lubov.muhina55@example.com'),
	 (429,692,'14:32:09.809','savelev.vasilisa','JwhWTjiR0zT','savelev.vasilisa43@example.net');
INSERT INTO tinkoff_game.account (account_rk,client_rk,registration_dttm,login,"password",email) VALUES
	 (445,174,'03:29:55.091','natala61','V15d9jpNZl','natala6135@example.org'),
	 (461,2467,'22:05:43.599','anzelika72','HHEzBctV9','anzelika7280@example.org'),
	 (477,3937,'17:56:07.053','doronin.egor','E7TpifSJ','doronin.egor71@example.com'),
	 (493,747,'01:16:28.428','jsmirnova','Xhw2MmpfJM','jsmirnova68@example.net'),
	 (509,35,'14:49:10.008','rsaskova','UXH6PTAO8','rsaskova37@example.net'),
	 (520,2043,'23:10:18.198','akuznecov','2lOUDCi30W','akuznecov5@example.net'),
	 (536,2931,'02:56:15.009','ludmila.bobylev','JiLaY42YZFiJ','ludmila.bobylev34@example.net'),
	 (552,3833,'05:11:10.853','albina.suvorov','QeayoyEm','albina.suvorov58@example.com'),
	 (568,1852,'00:16:25.775','kdanilova','bSkrQZzNrrg','kdanilova27@example.com'),
	 (584,3875,'06:40:08.233','polina.siraeva','lU2NGWcy5O','polina.siraeva18@example.org');
INSERT INTO tinkoff_game.account (account_rk,client_rk,registration_dttm,login,"password",email) VALUES
	 (600,144,'23:25:47.186','aleksandr49','NYviYYgdq','aleksandr49100@example.org'),
	 (616,1698,'10:53:01.151','dtarasova','TWeuDWQtBX','dtarasova79@example.net'),
	 (632,1766,'09:24:36.334','iskra.cernova','at2ymfIwYli3','iskra.cernova50@example.org'),
	 (648,3233,'02:35:32.933','tamara46','YhliSpxIq','tamara4637@example.com'),
	 (664,3498,'16:09:36.94','innokentij43','Wh8jS67dlOM','innokentij4367@example.org'),
	 (680,851,'19:59:43.322','emerkusev','DLUpfVSz2','emerkusev47@example.com'),
	 (696,3759,'09:45:13.072','xmaslov','flDyo4kRdIR','xmaslov3@example.com'),
	 (712,227,'01:58:52.376','zueva.avgust','hc4tqRCG0Pu','zueva.avgust21@example.org'),
	 (728,3746,'21:29:19.666','zoa.frolov','h673c2RsJf','zoa.frolov53@example.com'),
	 (744,2323,'13:14:59.493','haritonova.erik','nZyt4a0L','haritonova.erik92@example.net');
INSERT INTO tinkoff_game.account (account_rk,client_rk,registration_dttm,login,"password",email) VALUES
	 (760,2516,'00:37:03.177','sofa.ivanov','zJcPoOafbY','sofa.ivanov84@example.org'),
	 (771,2272,'01:03:44.226','platon.sazonov','Rs7LkeVhy','platon.sazonov27@example.com'),
	 (787,3827,'22:28:40.003','timur.vinogradov','qCOO9zlbvGW','timur.vinogradov80@example.org'),
	 (803,1088,'00:58:06.894','nikodim74','hjYb2fi8R','nikodim7465@example.com'),
	 (819,3507,'17:06:45.308','nazar.timofeev','3boevKIZxl4','nazar.timofeev73@example.com'),
	 (835,2148,'05:40:53.464','ruslan.fomicev','uIhHTMki','ruslan.fomicev35@example.com'),
	 (851,1934,'17:42:25.75','maria.kotova','SCJ1YPfsHr','maria.kotova97@example.com'),
	 (867,2363,'15:01:48.543','makarov.marat','e2eSww2O3MqX','makarov.marat25@example.net'),
	 (883,2306,'16:34:17.082','acvetkova','XGfgmOjUt','acvetkova51@example.com'),
	 (899,139,'23:11:23.781','eduard.gusin','9rxUfbA6c','eduard.gusin44@example.com');
INSERT INTO tinkoff_game.account (account_rk,client_rk,registration_dttm,login,"password",email) VALUES
	 (915,998,'06:37:51.607','vasilisa58','lapZGJOTcaf','vasilisa5841@example.org'),
	 (931,3356,'04:19:25.63','petr49','ON7I0O37','petr4938@example.net'),
	 (947,3834,'23:34:39.452','kuznecov.maksim','yn7lgtKG8','kuznecov.maksim100@example.com'),
	 (963,1071,'00:38:00.046','egor.zinoveva','WCjNr6eJX7gd','egor.zinoveva4@example.com'),
	 (979,220,'16:34:11.04','silov.emma','OnM3aIbioM','silov.emma95@example.org'),
	 (995,2533,'02:55:10.541','fkuzmina','E5hU4PMWEdG','fkuzmina28@example.org'),
	 (1011,2543,'19:56:26.817','eva.sysoev','vZeOj2r7Muda','eva.sysoev16@example.com'),
	 (15,3973,'22:52:38.885','vitalij.makarov','mB1qIJKQr','vitalij.makarov7@example.net'),
	 (31,489,'03:29:21.907','inga.efimova','10eH2ccz','inga.efimova35@example.org'),
	 (47,2715,'10:13:10.632','jnekrasova','6wv9QFggPr','jnekrasova71@example.com');
INSERT INTO tinkoff_game.account (account_rk,client_rk,registration_dttm,login,"password",email) VALUES
	 (63,2281,'08:38:07.166','zinaida.kononova','v7w5T6QsY','zinaida.kononova53@example.org'),
	 (79,2400,'07:55:31.435','molcanova.makar','KReCnHcnBgz','molcanova.makar68@example.com'),
	 (95,1075,'22:32:51.639','vmakarova','0PWVF9Usc','vmakarova64@example.org'),
	 (111,1664,'11:01:49.453','panfilova.tit','zgLApWwAL9W','panfilova.tit100@example.org'),
	 (127,2447,'15:52:37.352','nika11','u4Pc7jrrg1xw','nika1139@example.com'),
	 (143,257,'22:46:36.592','raisa.kuznecova','4mu1D6gVi1','raisa.kuznecova96@example.net'),
	 (159,1840,'06:27:32.103','eduard31','IGaeE06t','eduard3167@example.net'),
	 (175,474,'10:25:51.142','moiseeva.ulij','cck5FJ1V','moiseeva.ulij71@example.org'),
	 (191,1152,'00:31:07.664','hmerkuseva','GarIOHySqr','hmerkuseva87@example.com'),
	 (207,2418,'02:39:55','lavrentij.savelev','XXJELDkqpfE','lavrentij.savelev53@example.org');
INSERT INTO tinkoff_game.account (account_rk,client_rk,registration_dttm,login,"password",email) VALUES
	 (223,358,'22:01:00.969','maja80','gIuq6p0O','maja8027@example.net'),
	 (239,1743,'10:43:59.276','siraeva.albina','EkRJra5y2bs7','siraeva.albina39@example.net'),
	 (255,3672,'08:16:11.432','petrov.timofej','iSrHIS9F','petrov.timofej54@example.net'),
	 (260,3847,'02:59:02.361','zanna.kapustin','n8SAMbh04Q','zanna.kapustin78@example.com'),
	 (276,4084,'23:45:23.981','platon52','D3rqDb46C','platon5247@example.net'),
	 (292,61,'16:31:46.42','qtimofeev','ppXMuYg8','qtimofeev27@example.org'),
	 (308,726,'23:26:03.008','natala.safonov','hQN7rRntP','natala.safonov4@example.com'),
	 (324,3156,'20:20:51.696','nika.pavlov','XANHjVBvgm5','nika.pavlov61@example.net'),
	 (340,3302,'12:20:03.918','oleg62','S2938uI4','oleg6259@example.com'),
	 (356,2477,'10:43:03.935','mamontov.nikita','VmJgbgOtki','mamontov.nikita90@example.com');
INSERT INTO tinkoff_game.account (account_rk,client_rk,registration_dttm,login,"password",email) VALUES
	 (372,1558,'23:15:31.035','kirill32','vvuwUdIfrPp','kirill3239@example.com'),
	 (388,601,'04:31:06.945','sarova.spartak','cOxl5jfiHW','sarova.spartak97@example.net'),
	 (404,2789,'07:29:24.428','matvej98','hQmg0fBAU','matvej9841@example.net'),
	 (420,2560,'06:33:54.304','maslov.eva','hugdJ3HkcZh','maslov.eva10@example.org'),
	 (436,3813,'08:31:13.219','vera38','s7LuKilpJO3','vera3833@example.org'),
	 (452,3419,'11:57:40.606','nazar32','dkKLBwPgI','nazar3237@example.com'),
	 (468,3843,'22:54:29.286','maslova.ludmila','nkNheubB11','maslova.ludmila64@example.org'),
	 (484,2405,'05:32:34.898','cmatveeva','wOZT9fT6FOL','cmatveeva31@example.net'),
	 (500,1801,'03:16:06.249','lilia.melnikova','Waz3f69g6Cwk','lilia.melnikova26@example.com'),
	 (521,1433,'04:28:52.921','noskov.artur','n2LWwjxcS','noskov.artur43@example.com');
INSERT INTO tinkoff_game.account (account_rk,client_rk,registration_dttm,login,"password",email) VALUES
	 (537,460,'10:38:50.02','urij11','Hikg0rGo0','urij1115@example.org'),
	 (553,461,'17:36:56.693','kabramov','DHz0G7DlIXgU','kabramov84@example.com'),
	 (569,1328,'22:15:23.649','maslov.immanuil','ur0MtEjgM','maslov.immanuil36@example.org'),
	 (585,1594,'03:59:03.748','akusev.rodion','dRNaBIMSTLUm','akusev.rodion31@example.net'),
	 (601,2444,'19:22:26.834','stanislav09','ICAK7GxxNwP','stanislav0930@example.com'),
	 (617,1452,'02:55:58.329','timofej04','0reNrvApSSw6','timofej0437@example.net'),
	 (633,1060,'18:32:31.197','saveleva.gerasim','zWUv5CGKj5f','saveleva.gerasim69@example.org'),
	 (649,2635,'19:03:07.672','lubov64','Hc1nTqAPrq','lubov6464@example.org'),
	 (665,1015,'12:17:26.232','rozkova.zinaida','zeRCINWg','rozkova.zinaida26@example.org'),
	 (681,2834,'22:11:41.338','albert.lavrenteva','RqG2LdcAg3HC','albert.lavrenteva96@example.org');
INSERT INTO tinkoff_game.account (account_rk,client_rk,registration_dttm,login,"password",email) VALUES
	 (697,3499,'19:06:02.463','emilia82','wyBBjztQ','emilia8230@example.net'),
	 (713,1034,'15:45:08.941','loginova.diana','rvso58HjaYi','loginova.diana28@example.org'),
	 (729,2662,'12:03:27.947','sava13','qLgZ502FD','sava1387@example.org'),
	 (745,2801,'20:43:01.427','xsaveleva','mMwBEkES','xsaveleva29@example.com'),
	 (761,1049,'15:32:50.964','epetrov','JdR6R1hV','epetrov41@example.com'),
	 (782,1374,'06:02:19.83','regina.kulikov','gSPFihgTcvtN','regina.kulikov11@example.com'),
	 (798,550,'11:24:16.573','robert99','bsA6hx9ef','robert9971@example.net'),
	 (814,2056,'01:19:42.825','david40','8lUMBki9AGJW','david4033@example.org'),
	 (830,3073,'04:25:48.742','panisimova','ZGPHQulF8P','panisimova69@example.com'),
	 (846,1325,'03:30:55.151','wignatev','wF8lQ0LecacX','wignatev56@example.com');
INSERT INTO tinkoff_game.account (account_rk,client_rk,registration_dttm,login,"password",email) VALUES
	 (862,3711,'22:48:14.678','isaeva.alina','AsenSCTu4Zr','isaeva.alina16@example.com'),
	 (878,1772,'12:06:15.451','garri.kopylova','9JjTF7Bu','garri.kopylova69@example.com'),
	 (894,2562,'09:00:14.621','nikonova.bogdan','XHiGIswJVS','nikonova.bogdan1@example.net'),
	 (910,93,'04:22:00.752','kostin.nonna','j8j1BAJx','kostin.nonna7@example.com'),
	 (926,962,'14:06:54.615','hlavrentev','FrzXQNkf','hlavrentev66@example.com'),
	 (942,3993,'17:40:10.775','vladlena.fedotov','QwCsyr16Ncw','vladlena.fedotov10@example.org'),
	 (958,1825,'11:28:01.898','fomiceva.malvina','Df7iKjypp70','fomiceva.malvina23@example.org'),
	 (974,3584,'05:34:47.495','lusa.burov','QkfEnUsY4B','lusa.burov54@example.org'),
	 (990,1024,'00:55:57.975','zinovev.varvara','b9AW5h81R','zinovev.varvara6@example.com'),
	 (1006,1132,'20:13:44.173','ufilippov','ukegvyh0Ub','ufilippov13@example.net');
INSERT INTO tinkoff_game.account (account_rk,client_rk,registration_dttm,login,"password",email) VALUES
	 (1022,2186,'06:49:10.689','inessa91','i9le9kA89Tkm','inessa911@example.net'),
	 (12,3,'04:34:12.392','rodion19','OdsHwVZwJBmL','rodion198@example.org'),
	 (28,3557,'05:44:13.418','marta05','MR01ol1SDO1','marta0584@example.com'),
	 (44,316,'11:08:25.162','dnesterova','wRRPxD6mm','dnesterova76@example.net'),
	 (60,2039,'19:38:18.89','klementina.mamontov','LyL0WMTqh','klementina.mamontov24@example.net'),
	 (76,769,'21:07:23.897','olesa83','JeEhGRixB','olesa8375@example.com'),
	 (92,6,'10:41:52.466','apollon.pestov','HFvmT1EbF','apollon.pestov53@example.com'),
	 (108,2232,'02:56:33.113','evgenia.pavlova','LLQ2KPErvXmx','evgenia.pavlova35@example.com'),
	 (124,3598,'07:58:34.254','mark.merkusev','LeAnpgJJq','mark.merkusev25@example.net'),
	 (140,9,'20:06:10.054','donat83','Yzd6sqh3id','donat8365@example.org');
INSERT INTO tinkoff_game.account (account_rk,client_rk,registration_dttm,login,"password",email) VALUES
	 (156,1370,'00:31:02.487','tzimin','aqa0XHnH','tzimin90@example.net'),
	 (172,1315,'22:08:36.149','veronika34','4Y3iSsxBW','veronika3415@example.net'),
	 (188,2160,'06:37:00.291','pavel67','QyekPQdB','pavel6758@example.net'),
	 (204,996,'10:02:44.758','stepan96','GvHe6GoAA8HX','stepan9698@example.com'),
	 (220,3871,'04:58:29.328','samojlov.zoa','Q1AU2c5sfVS','samojlov.zoa42@example.com'),
	 (236,3761,'05:00:00.069','lavdeev','9QG3dAIa','lavdeev21@example.net'),
	 (252,2816,'20:52:52.455','taisia.vladimirova','64wdwkTCQ3pk','taisia.vladimirova64@example.net'),
	 (263,2930,'14:05:13.594','veselova.lusa','78EikB6p6R','veselova.lusa39@example.com'),
	 (279,1994,'09:43:44.74','dominika16','OpluDchb2c','dominika1643@example.org'),
	 (295,2145,'05:38:48.654','doronina.sofa','zbCt5flZfdi','doronina.sofa18@example.net');
INSERT INTO tinkoff_game.account (account_rk,client_rk,registration_dttm,login,"password",email) VALUES
	 (311,2758,'04:14:34.6','stanislav27','MCtwmhraYkV','stanislav2715@example.net'),
	 (327,2702,'17:57:07.763','polakova.gerasim','OabvqPhJp','polakova.gerasim43@example.net'),
	 (343,3613,'10:56:32.055','taisia.popova','gkOtpw2p','taisia.popova89@example.org'),
	 (359,2857,'07:00:57.541','vasilisa.belakova','TEBclpHB','vasilisa.belakova61@example.org'),
	 (375,2791,'15:40:27.265','polina.fedorova','pwttqOX3RK','polina.fedorova93@example.com'),
	 (391,602,'15:09:14.009','klementina13','44jHBi5LBm','klementina1355@example.net'),
	 (407,1652,'16:55:32.323','kabanov.kuzma','MVN207bw','kabanov.kuzma67@example.com'),
	 (423,1504,'20:11:07.35','kristina.silin','tnJuMuLmpcO','kristina.silin82@example.com'),
	 (439,2799,'17:03:23.609','vadim.masnikov','8Ma4pPmi','vadim.masnikov37@example.net'),
	 (455,214,'05:00:16.2','ekaterina12','NdcicjOdSVr','ekaterina1244@example.org');
INSERT INTO tinkoff_game.account (account_rk,client_rk,registration_dttm,login,"password",email) VALUES
	 (471,3553,'08:05:57.212','frolova.lusa','IwKDj1JhG','frolova.lusa86@example.com'),
	 (487,3802,'11:53:45.415','anfisa.doronina','SZ4lzozfj0u','anfisa.doronina14@example.com'),
	 (503,3935,'14:30:40.681','renata23','3zS2kRjV','renata2334@example.org'),
	 (518,1046,'16:09:13.167','zajcev.ignatij','xRhDQhBUqoJ','zajcev.ignatij73@example.com'),
	 (534,2650,'22:41:13.266','larisa05','Ld0WnQ09','larisa0524@example.org'),
	 (550,1436,'13:18:59.127','florentina.belaev','5Mlz5jjUr','florentina.belaev31@example.org'),
	 (566,3631,'14:25:17.083','nonna75','uCnTrslPP','nonna7571@example.org'),
	 (582,2369,'16:20:46.627','nika15','TiaYxvSwAZNd','nika1530@example.net'),
	 (598,3204,'12:21:34.089','lzueva','Cl42sU4oUu','lzueva90@example.net'),
	 (614,205,'04:34:40.319','anzelika58','YYzyKZ99mS5i','anzelika5814@example.com');
INSERT INTO tinkoff_game.account (account_rk,client_rk,registration_dttm,login,"password",email) VALUES
	 (630,3135,'14:13:52.322','diana.fadeev','otbdfSyo','diana.fadeev9@example.net'),
	 (646,2414,'04:50:17.554','pkirillov','LXPAFOp7nt','pkirillov44@example.com'),
	 (662,1728,'02:23:21.131','alena.maksimova','SoE4VgHunyk','alena.maksimova59@example.com'),
	 (678,3800,'16:52:35.348','qevdokimova','mnC10ePG42','qevdokimova53@example.net'),
	 (694,2141,'18:50:44.069','nekrasov.anastasia','AGRUGfa3e7n','nekrasov.anastasia4@example.net'),
	 (710,791,'04:33:28.372','vasilev.olga','l3USga8Txb1A','vasilev.olga75@example.com'),
	 (726,197,'11:36:14.582','pestova.miroslav','fq9Pf9YcFtN3','pestova.miroslav23@example.net'),
	 (742,3612,'07:32:15.094','msafonova','wZz5Ba45CU7','msafonova20@example.com'),
	 (758,2958,'10:03:32.469','rada.odincov','PaLutVlIBcCc','rada.odincov40@example.net'),
	 (769,2634,'22:23:14.525','msorokina','QZvOT2jT','msorokina74@example.com');
INSERT INTO tinkoff_game.account (account_rk,client_rk,registration_dttm,login,"password",email) VALUES
	 (785,3136,'01:29:42.023','semen.dackov','VPKoPJ1JbBC','semen.dackov18@example.net'),
	 (801,4,'00:58:56.483','rkondrateva','ilK9K0IA6Q0','rkondrateva55@example.org'),
	 (817,3845,'17:38:05.9','fedoseeva.margarita','6udcCQamtma','fedoseeva.margarita72@example.net'),
	 (833,2642,'01:21:27.958','tmatveev','3si06jfz6','tmatveev51@example.com'),
	 (849,2836,'13:43:40.759','isaev.klim','UomD7Drhw','isaev.klim59@example.com'),
	 (865,3140,'09:17:07.216','noskova.vera','70zsZaBu','noskova.vera59@example.com'),
	 (881,64,'18:05:58.295','akim.samsonov','cWOILLA1','akim.samsonov66@example.org'),
	 (897,364,'23:58:04.516','gordej.rozkov','gjH19gKnxMu','gordej.rozkov78@example.net'),
	 (913,2356,'22:52:51.031','kozlov.dan','wCk5rqIKj8','kozlov.dan46@example.net'),
	 (929,1096,'02:49:56.731','rarhipova','lp090VJoF','rarhipova95@example.org');
INSERT INTO tinkoff_game.account (account_rk,client_rk,registration_dttm,login,"password",email) VALUES
	 (945,3513,'08:05:27.882','kostina.timur','YSCMY47e8UE','kostina.timur85@example.com'),
	 (961,3770,'15:32:05.239','kovaleva.nonna','kUWTiQygn','kovaleva.nonna2@example.com'),
	 (977,3680,'01:09:16.399','yfedotov','NwXacuBLQsdU','yfedotov3@example.com'),
	 (993,633,'01:34:42.708','florentina.gromov','Sys7aD9obt','florentina.gromov79@example.org'),
	 (1009,2131,'08:30:07.648','orehov.aroslava','QtfSrgEmpwKl','orehov.aroslava34@example.net'),
	 (1024,1675,'23:49:03.422','krylova.alisa','XhP0bya6Yt','krylova.alisa39@example.net'),
	 (4,3194,'22:04:51.329','gordeev.ksenia','9xa7DweSh2i','gordeev.ksenia33@example.com'),
	 (20,4041,'12:06:44.464','alisa49','gIMvCgoUY','alisa4911@example.org'),
	 (36,587,'14:50:01.646','kulagina.nina','ywmAlexM0A9n','kulagina.nina31@example.net'),
	 (52,1091,'14:33:51.931','filipp77','ynmhhP4nkr','filipp7739@example.org');
INSERT INTO tinkoff_game.account (account_rk,client_rk,registration_dttm,login,"password",email) VALUES
	 (68,997,'07:21:42.641','kristina.smirnova','vlbYLFzRn','kristina.smirnova21@example.org'),
	 (84,1962,'06:56:27.813','izolda.artemeva','aao0JW397','izolda.artemeva11@example.net'),
	 (100,3856,'01:44:21.93','xsarapova','Y2FLztW0htVk','xsarapova30@example.org'),
	 (116,3777,'07:35:02.466','kostina.ekaterina','MIoHYNgqqN','kostina.ekaterina12@example.org'),
	 (132,3797,'04:29:38.454','efimov.anzelika','3ESNZMPcMuQ','efimov.anzelika43@example.com'),
	 (148,3666,'08:58:48.903','titova.emilia','0pULfu1UAj','titova.emilia64@example.org'),
	 (164,10,'12:47:29.237','ulij54','YmSiBb49Ho','ulij542@example.com'),
	 (180,971,'22:58:04.919','urij45','deOCtd1f1','urij4510@example.com'),
	 (196,167,'22:00:05.188','elvira45','AFLXgEa6UHFV','elvira4558@example.net'),
	 (212,2572,'09:11:15.7','nikodim.kudravceva','qdAVPST2XCU6','nikodim.kudravceva40@example.com');
INSERT INTO tinkoff_game.account (account_rk,client_rk,registration_dttm,login,"password",email) VALUES
	 (228,2577,'01:18:52.3','usubbotina','jW7FWZrv4','usubbotina81@example.com'),
	 (244,1376,'18:09:06.467','urij10','FCbQQAivb7R','urij1017@example.com'),
	 (271,1039,'14:14:42.05','bpanfilov','ZQC4xAq7S','bpanfilov96@example.net'),
	 (287,3527,'00:46:49.053','evdokimov.lusa','hie4Jyyg','evdokimov.lusa39@example.net'),
	 (303,1491,'14:09:51.185','ymiheev','NfFNgeZe13','ymiheev20@example.org'),
	 (319,47,'05:11:42.283','olesa.fomina','TFfAWk41vr','olesa.fomina11@example.org'),
	 (335,3634,'20:25:04.338','izolda.golubev','TYpBuq3s','izolda.golubev8@example.org'),
	 (351,1351,'21:55:23.685','xcernov','MZtSk4eTfQ','xcernov80@example.com'),
	 (367,742,'20:36:38.544','isaeva.lev','j99vPHPFiBP2','isaeva.lev82@example.org'),
	 (383,73,'19:46:02.891','zgureva','0XMvZEl4JDt','zgureva80@example.com');
INSERT INTO tinkoff_game.account (account_rk,client_rk,registration_dttm,login,"password",email) VALUES
	 (399,3533,'17:08:53.53','bsafonov','ujhP83QITG46','bsafonov100@example.com'),
	 (415,2378,'22:58:12.632','vitold.kulakova','Zqv3RHTrVOU','vitold.kulakova98@example.net'),
	 (431,1137,'15:46:09.978','urogova','X2IAfj2ceiu','urogova48@example.org'),
	 (447,2252,'13:39:41.015','grisina.inna','LBmcojsb','grisina.inna71@example.com'),
	 (463,2098,'17:08:24.872','ulian.kalinina','zu4Itbd6b6G6','ulian.kalinina16@example.net'),
	 (479,1287,'11:57:24.093','gennadij14','bIAQS8YJ8ov','gennadij1413@example.com'),
	 (495,2206,'18:31:34.251','viktor.silina','HudeiH5oKO','viktor.silina29@example.net'),
	 (511,330,'15:57:49.79','dstrelkova','X0v99JBnVGhC','dstrelkova79@example.net'),
	 (526,3786,'17:53:47.944','korolev.anzelika','CAkZu9ds0JT','korolev.anzelika64@example.net'),
	 (542,3076,'23:40:55.25','fedotova.nikita','1CKQt93ihKVx','fedotova.nikita9@example.net');
INSERT INTO tinkoff_game.account (account_rk,client_rk,registration_dttm,login,"password",email) VALUES
	 (558,2643,'07:25:33.525','natala06','Sd2NYmo12e3','natala0633@example.com'),
	 (574,895,'19:52:38.213','antonin.zdanova','y08vRlaPd','antonin.zdanova47@example.org'),
	 (590,2154,'08:53:32.327','donat22','jEHk0eDKz5f','donat2283@example.com'),
	 (606,685,'16:39:41.334','polina.belozerov','xWchy5Vjy','polina.belozerov7@example.net'),
	 (622,3660,'14:04:38.294','anisimov.afanasij','J3jnk1EO0','anisimov.afanasij45@example.com'),
	 (638,1554,'10:59:35.939','andrej.kulikov','WYM4f6mm1','andrej.kulikov94@example.net'),
	 (654,627,'18:39:34.521','albert.anisimova','nehdLkFVV','albert.anisimova81@example.org'),
	 (670,3805,'19:19:27.508','komissarova.petr','5ZJPu4Fsez','komissarova.petr16@example.com'),
	 (686,48,'21:29:45.695','ludmila.nikolaeva','dVI7d85Vg','ludmila.nikolaeva72@example.net'),
	 (702,2688,'03:08:41.983','lilia.nosova','ADt7mk8fl5e','lilia.nosova91@example.net');
INSERT INTO tinkoff_game.account (account_rk,client_rk,registration_dttm,login,"password",email) VALUES
	 (718,2765,'07:08:55.825','uvarov.nadezda','tp2xiZFP','uvarov.nadezda70@example.net'),
	 (734,2138,'03:23:00.054','titov.dina','fRp45dcjlh','titov.dina93@example.org'),
	 (750,1353,'03:28:02.506','tit43','4xqIsavLT3xH','tit4310@example.net'),
	 (766,3909,'04:33:46.497','mihail03','ry2rEAkN','mihail0355@example.com'),
	 (777,2786,'05:37:47.724','lusa04','npcvisRe','lusa0414@example.org'),
	 (793,3942,'14:56:39.946','sevseev','QBnaBcvnX','sevseev50@example.org'),
	 (809,1502,'17:20:21.227','vera59','rdCx7gCPcl','vera5972@example.org'),
	 (825,2351,'06:06:15.926','blohin.nina','M1huARKLA','blohin.nina26@example.net'),
	 (841,1785,'02:52:44.836','bpetrov','zZdkmjG4ZzL','bpetrov97@example.com'),
	 (857,453,'21:45:29.64','inessa.vinogradov','CThZdDAP','inessa.vinogradov96@example.org');
INSERT INTO tinkoff_game.account (account_rk,client_rk,registration_dttm,login,"password",email) VALUES
	 (873,594,'10:44:32.602','nesterov.zahar','tGjS2wuf7rX5','nesterov.zahar86@example.org'),
	 (889,2415,'18:58:34.466','ianisimova','i2pnruvmYB','ianisimova97@example.com'),
	 (905,52,'02:24:50.189','lusa.golubeva','4MhlVBjD7','lusa.golubeva22@example.com'),
	 (921,3978,'10:57:23.751','vorobev.rafail','c5voV9HuRI','vorobev.rafail81@example.org'),
	 (937,3578,'15:53:19.794','leonid.teterina','sWzOEICmq0','leonid.teterina28@example.org'),
	 (953,2487,'15:21:42.686','elena91','pF465VysbB','elena9189@example.com'),
	 (969,1338,'22:42:37.032','anastasia.belaev','98OQSIvraI9e','anastasia.belaev32@example.net'),
	 (985,944,'14:00:27.561','timur.fadeeva','OEy6MTFLX','timur.fadeeva74@example.com'),
	 (1001,1009,'16:19:27.699','knazeva.immanuil','RCHWIfg6wd','knazeva.immanuil58@example.com'),
	 (1017,147,'17:16:57.357','nika38','5qMUAMDY32','nika3821@example.com');
INSERT INTO tinkoff_game.account (account_rk,client_rk,registration_dttm,login,"password",email) VALUES
	 (1,3113,'12:22:07.577','tgolubev','ngnW2ZgPM4N','tgolubev70@example.org'),
	 (17,1623,'11:37:09.941','lubov.tretakova','T3Tedz7pt63','lubov.tretakova46@example.net'),
	 (33,2588,'14:52:42.524','mharitonov','zQ3zMZIB','mharitonov94@example.com'),
	 (49,3084,'03:34:44.193','olesa.merkuseva','VHBmFqTK','olesa.merkuseva81@example.net'),
	 (65,1409,'07:00:55.825','wmartynova','Mdrw2sepAC','wmartynova14@example.com'),
	 (81,1530,'00:27:59.267','kulikov.elvira','hJwsc1lSng','kulikov.elvira43@example.org'),
	 (97,1845,'02:14:13.367','anisimova.albina','2Uro3zftsQD','anisimova.albina61@example.org'),
	 (113,2628,'08:57:08.744','konovalova.ananij','f7ECtko5jR','konovalova.ananij2@example.net'),
	 (129,1573,'22:47:57.816','ulia75','RR0tbDzqyr','ulia7536@example.com'),
	 (145,4091,'23:50:41.438','zlata33','8lalt7e7wTzR','zlata33100@example.net');
INSERT INTO tinkoff_game.account (account_rk,client_rk,registration_dttm,login,"password",email) VALUES
	 (161,1830,'23:30:32.012','artur.suhanova','TC4soxBLlfK','artur.suhanova73@example.org'),
	 (177,3684,'04:41:55.21','dgusev','nYJs1Bi4ewr','dgusev7@example.net'),
	 (193,2667,'14:08:53.417','marina.kuzmina','PlqXUSk75','marina.kuzmina62@example.com'),
	 (209,2833,'04:23:59.255','immanuil.blinov','HLy1Obwy6z6','immanuil.blinov13@example.org'),
	 (225,3127,'21:17:47.85','bkopylova','CnPhStY9lwbt','bkopylova80@example.org'),
	 (241,3040,'04:24:28.799','abramova.dara','ngxeA0H1G','abramova.dara83@example.org'),
	 (262,3535,'19:07:53.687','timofej.bykov','FPKm8hP6jl','timofej.bykov49@example.com'),
	 (278,837,'10:04:15.414','timofej52','u8gJjVhE','timofej5265@example.com'),
	 (294,3207,'07:49:28.241','ignatova.matvej','7nF06WFw','ignatova.matvej74@example.org'),
	 (310,1682,'15:16:44.395','gordeev.tamara','a1VBAV2YJVp5','gordeev.tamara58@example.org');
INSERT INTO tinkoff_game.account (account_rk,client_rk,registration_dttm,login,"password",email) VALUES
	 (326,591,'22:24:45.361','albert91','LAPPe61kbGY','albert9195@example.net'),
	 (342,843,'00:10:20.31','bronislav.saveleva','fQo68aOVcu','bronislav.saveleva5@example.net'),
	 (358,772,'18:30:13.206','anisimov.nina','2cS8VsMa','anisimov.nina23@example.org'),
	 (374,3465,'08:09:22.571','kseliverstov','JEO6MjHOFG1','kseliverstov45@example.com'),
	 (390,3539,'00:34:36.847','zoa.medvedev','4eBYQ2JhYo','zoa.medvedev9@example.net'),
	 (406,478,'04:06:48.824','belozerov.timofej','DAApFzU8Xs','belozerov.timofej27@example.org'),
	 (422,727,'23:08:26.97','kotova.bogdan','7I7OjhEVn','kotova.bogdan6@example.net'),
	 (438,846,'13:52:51.224','stanislav66','Ku86CAIo','stanislav6671@example.net'),
	 (454,3305,'13:03:41.371','stepan63','ywYFcn10Ad','stepan6345@example.net'),
	 (470,2735,'01:12:24.765','donat89','X803uX2yP','donat8998@example.net');
INSERT INTO tinkoff_game.account (account_rk,client_rk,registration_dttm,login,"password",email) VALUES
	 (486,2456,'22:35:34.616','lidia.kirillova','pD99k7FW0','lidia.kirillova6@example.org'),
	 (502,95,'16:54:46.509','egorov.dobryna','07n3BYDIK1','egorov.dobryna43@example.net'),
	 (519,2753,'06:04:29.983','dsafonov','Bem2TFLTg1','dsafonov44@example.org'),
	 (535,1692,'13:13:43.909','antonin19','kNLDSA0l4','antonin1954@example.org'),
	 (551,25,'04:05:18.819','ktitova','vS05wYfGx','ktitova41@example.net'),
	 (567,2976,'19:07:47.42','ytimofeev','RPYBLcx2','ytimofeev46@example.com'),
	 (583,616,'16:42:43.489','fedosa74','GYD596X5k','fedosa7466@example.com'),
	 (599,3066,'05:26:42.546','gorbunova.urij','tfrO4pgAPGh','gorbunova.urij55@example.org'),
	 (615,1003,'11:23:44.405','hgurev','ylDOSYxL','hgurev39@example.net'),
	 (631,871,'20:36:10.522','mmelnikova','WJi1FDfv','mmelnikova44@example.net');
INSERT INTO tinkoff_game.account (account_rk,client_rk,registration_dttm,login,"password",email) VALUES
	 (647,3581,'13:35:09.407','eva.zuravlev','sn1Nufxb','eva.zuravlev53@example.net'),
	 (663,669,'13:05:53.616','mbelozerova','WQqq62gOCs','mbelozerova9@example.org'),
	 (679,1812,'03:57:20.889','simonova.rozalina','l0OZZpWr','simonova.rozalina54@example.com'),
	 (695,2536,'10:48:58.377','zmolcanov','V4Yaz89K','zmolcanov99@example.org'),
	 (711,3317,'14:06:46.102','ustinov.igor','UlhKCBsYY','ustinov.igor57@example.net'),
	 (727,31,'18:51:28.564','qlytkina','u9Co0BwqGbY','qlytkina16@example.com'),
	 (743,3137,'05:39:44.749','denis04','DNoIluRWseAJ','denis0465@example.org'),
	 (759,265,'04:35:04.507','maksim58','kpbeVEHfM3','maksim5896@example.org'),
	 (780,1667,'11:03:08.19','albina.nazarova','sKILmpoWYpq8','albina.nazarova22@example.com'),
	 (796,248,'12:14:22.95','renata.lobanov','6poE3Z7wQHsU','renata.lobanov82@example.com');
INSERT INTO tinkoff_game.account (account_rk,client_rk,registration_dttm,login,"password",email) VALUES
	 (812,1178,'17:42:23.747','andrej.sarapov','KzDPxLNrskP','andrej.sarapov38@example.org'),
	 (828,375,'21:50:06.703','stepan.maksimova','X9D6hydVd','stepan.maksimova70@example.org'),
	 (844,2164,'21:04:07.868','mironov.fedosa','3VjLuWd7I','mironov.fedosa40@example.net'),
	 (860,2561,'05:28:15.534','larisa.fedoseeva','WPYNzWZESVSg','larisa.fedoseeva100@example.org'),
	 (876,1963,'17:09:50.53','nika.muravev','3slipi9HLkwc','nika.muravev81@example.net'),
	 (892,3554,'17:18:15.294','ddackova','m1o3EV63gC','ddackova80@example.com'),
	 (908,3145,'21:14:23.767','xsavelev','Z7ANXgC4rpbS','xsavelev6@example.net'),
	 (924,418,'10:01:38.436','bobylev.pavel','MIN4a1q9','bobylev.pavel87@example.com'),
	 (940,112,'04:53:35.155','qkazakova','f5r7UKCA1','qkazakova15@example.org'),
	 (956,219,'05:41:26.85','avisnakov','J12tUiFA','avisnakov20@example.org');
INSERT INTO tinkoff_game.account (account_rk,client_rk,registration_dttm,login,"password",email) VALUES
	 (972,1538,'05:53:48.646','alisa.rozkova','EydvukJ2GOF','alisa.rozkova57@example.com'),
	 (988,877,'04:58:37.067','efilatova','2ei30z5bf','efilatova24@example.com'),
	 (1004,2651,'10:58:44.279','davydov.polina','LqTRjatlyyZx','davydov.polina88@example.org'),
	 (1020,2367,'17:45:59.704','udoronina','0IiK13ajsE','udoronina10@example.org');
INSERT INTO tinkoff_game.application (application_rk,account_rk,game_rk,application_dttm) VALUES
	 (185,575,320,'13:24:08.401'),
	 (153,748,36,'19:55:09.096'),
	 (249,525,158,'07:46:14.545'),
	 (73,589,23,'11:29:58.702'),
	 (446,749,210,'18:15:39.02'),
	 (41,570,230,'09:14:17.525'),
	 (137,535,90,'16:56:28.254'),
	 (366,551,57,'14:23:38.21'),
	 (169,663,133,'22:30:17.976'),
	 (318,489,288,'21:35:56.535');
INSERT INTO tinkoff_game.application (application_rk,account_rk,game_rk,application_dttm) VALUES
	 (350,815,342,'07:50:13.419'),
	 (382,831,30,'05:13:04.937'),
	 (89,635,166,'17:19:29.207'),
	 (510,763,366,'05:36:24.513'),
	 (398,848,125,'19:24:48.674'),
	 (494,665,310,'11:03:24.416'),
	 (430,697,60,'10:16:05.124'),
	 (478,563,429,'07:47:17.436'),
	 (201,659,293,'18:56:08.478'),
	 (25,856,106,'13:24:48.94');
INSERT INTO tinkoff_game.application (application_rk,account_rk,game_rk,application_dttm) VALUES
	 (105,594,40,'15:04:12.712'),
	 (270,738,5,'22:04:38.995'),
	 (217,517,405,'01:24:48.16'),
	 (414,533,411,'18:16:56.678'),
	 (462,520,54,'13:36:13.638'),
	 (334,552,284,'10:04:17.857'),
	 (9,648,71,'10:55:14.532'),
	 (233,576,341,'12:23:54.726'),
	 (121,704,170,'08:26:13.195'),
	 (57,779,51,'17:49:25.197');
INSERT INTO tinkoff_game.application (application_rk,account_rk,game_rk,application_dttm) VALUES
	 (302,455,253,'05:50:35.174'),
	 (286,726,34,'01:44:44.716'),
	 (166,478,168,'23:42:52.846'),
	 (70,591,73,'04:18:19.702'),
	 (182,751,317,'22:54:29.038'),
	 (214,588,353,'19:27:00.644'),
	 (150,588,269,'15:24:23.286'),
	 (22,620,211,'11:47:40.641'),
	 (321,764,280,'11:39:43.183'),
	 (305,775,83,'04:38:05.954');
INSERT INTO tinkoff_game.application (application_rk,account_rk,game_rk,application_dttm) VALUES
	 (86,791,399,'03:26:40.95'),
	 (246,605,341,'07:57:15.58'),
	 (433,475,165,'20:32:22.767'),
	 (481,570,456,'09:59:43.19'),
	 (449,650,243,'23:03:07.828'),
	 (230,805,218,'03:59:00.729'),
	 (38,853,20,'12:30:50.669'),
	 (465,766,419,'03:02:13.171'),
	 (353,809,105,'21:57:03.162'),
	 (118,470,387,'21:37:29.433');
INSERT INTO tinkoff_game.application (application_rk,account_rk,game_rk,application_dttm) VALUES
	 (385,473,298,'09:13:28.455'),
	 (273,505,76,'09:42:36.979'),
	 (54,532,384,'23:30:47.236'),
	 (134,612,315,'19:21:11.545'),
	 (337,756,230,'16:15:45.942'),
	 (198,555,395,'14:05:19.05'),
	 (417,862,333,'22:39:29.87'),
	 (289,547,10,'06:42:27.569'),
	 (401,688,285,'08:22:44.143'),
	 (369,801,240,'14:14:16.594');
INSERT INTO tinkoff_game.application (application_rk,account_rk,game_rk,application_dttm) VALUES
	 (497,460,107,'07:07:55.928'),
	 (102,545,409,'02:11:53.423'),
	 (6,657,99,'22:34:51.405'),
	 (257,806,275,'18:11:19.895'),
	 (328,507,62,'16:25:02.905'),
	 (440,554,198,'22:09:58.805'),
	 (179,805,44,'14:54:16.576'),
	 (376,547,190,'01:12:48.809'),
	 (312,611,18,'18:30:14.706'),
	 (147,512,45,'07:43:02.085');
INSERT INTO tinkoff_game.application (application_rk,account_rk,game_rk,application_dttm) VALUES
	 (131,752,230,'22:41:03.383'),
	 (456,679,439,'02:13:25.179'),
	 (115,743,354,'13:01:16.135'),
	 (296,780,362,'11:57:34.853'),
	 (51,480,226,'16:21:58.031'),
	 (67,781,190,'21:03:17.877'),
	 (163,571,247,'10:52:31.338'),
	 (488,715,380,'01:25:05.552'),
	 (195,452,15,'14:19:14.332'),
	 (35,585,446,'03:42:26.212');
INSERT INTO tinkoff_game.application (application_rk,account_rk,game_rk,application_dttm) VALUES
	 (243,729,238,'00:41:53.949'),
	 (504,772,125,'18:46:46.861'),
	 (472,636,154,'16:43:02.372'),
	 (424,636,204,'18:41:49.972'),
	 (344,652,307,'08:53:18.608'),
	 (3,791,105,'07:20:46.371'),
	 (19,807,353,'23:58:38.824'),
	 (408,504,8,'03:35:59.401'),
	 (99,733,321,'20:27:31.459'),
	 (211,786,235,'21:01:06.673');
INSERT INTO tinkoff_game.application (application_rk,account_rk,game_rk,application_dttm) VALUES
	 (83,552,373,'08:16:32.672'),
	 (227,641,395,'20:43:56.606'),
	 (392,657,302,'07:46:05.632'),
	 (280,774,71,'12:45:31.178'),
	 (264,662,40,'01:15:07.438'),
	 (360,742,364,'13:55:53.363'),
	 (96,773,157,'05:19:20.491'),
	 (208,531,268,'02:29:59.932'),
	 (363,723,196,'06:42:52.18'),
	 (48,624,279,'07:03:27.08');
INSERT INTO tinkoff_game.application (application_rk,account_rk,game_rk,application_dttm) VALUES
	 (112,720,379,'00:44:24.067'),
	 (475,736,342,'07:20:02.855'),
	 (144,779,247,'05:47:53.006'),
	 (224,558,132,'22:04:19.108'),
	 (347,519,422,'18:38:54.833'),
	 (64,780,362,'14:49:44.244'),
	 (315,532,404,'20:24:02.854'),
	 (192,564,182,'23:43:03.473'),
	 (299,597,439,'05:33:03.745'),
	 (331,613,444,'02:47:05.866');
INSERT INTO tinkoff_game.application (application_rk,account_rk,game_rk,application_dttm) VALUES
	 (379,661,268,'16:08:39.481'),
	 (411,677,278,'22:29:24.334'),
	 (507,709,329,'17:47:41.584'),
	 (240,610,276,'22:38:18.735'),
	 (128,490,357,'21:01:08.269'),
	 (16,683,426,'12:17:41.97'),
	 (427,816,220,'03:26:36.465'),
	 (491,680,437,'23:38:49.222'),
	 (443,712,44,'06:31:49.849'),
	 (160,452,414,'11:23:15.552');
INSERT INTO tinkoff_game.application (application_rk,account_rk,game_rk,application_dttm) VALUES
	 (267,671,357,'09:38:43.69'),
	 (459,605,167,'00:49:52.905'),
	 (176,834,318,'11:47:27.912'),
	 (32,834,302,'06:48:29.354'),
	 (395,545,297,'09:40:51.444'),
	 (80,455,353,'07:40:06.501'),
	 (283,785,24,'07:23:49.152'),
	 (29,698,418,'14:04:05.072'),
	 (450,746,148,'09:44:32.116'),
	 (466,853,380,'15:44:01.574');
INSERT INTO tinkoff_game.application (application_rk,account_rk,game_rk,application_dttm) VALUES
	 (253,531,32,'03:59:42.419'),
	 (258,454,59,'16:46:24.087'),
	 (45,599,414,'06:55:20.128'),
	 (402,759,55,'12:32:11.182'),
	 (221,506,306,'11:00:38.662'),
	 (141,571,381,'18:37:05.517'),
	 (434,635,248,'02:51:14.896'),
	 (189,468,186,'22:10:48.584'),
	 (354,553,173,'10:44:50.7'),
	 (498,601,301,'16:41:40.019');
INSERT INTO tinkoff_game.application (application_rk,account_rk,game_rk,application_dttm) VALUES
	 (482,713,284,'06:02:31.025'),
	 (290,761,252,'12:21:35.517'),
	 (93,782,219,'20:11:13.795'),
	 (237,494,347,'14:31:30.253'),
	 (77,494,405,'10:02:04.874'),
	 (205,556,161,'09:59:17.012'),
	 (418,855,416,'12:27:58.994'),
	 (109,610,85,'15:42:46.289'),
	 (157,738,165,'15:25:09.858'),
	 (61,597,317,'16:19:55.275');
INSERT INTO tinkoff_game.application (application_rk,account_rk,game_rk,application_dttm) VALUES
	 (13,794,3,'16:01:35.136'),
	 (338,492,209,'16:21:28.823'),
	 (274,609,133,'13:42:43.211'),
	 (370,625,142,'01:48:19.212'),
	 (125,673,106,'20:22:15.015'),
	 (306,721,190,'23:06:48.644'),
	 (386,471,89,'13:09:28.18'),
	 (322,630,402,'05:25:50.751'),
	 (173,726,152,'06:08:14.039'),
	 (389,586,428,'23:42:12.333');
INSERT INTO tinkoff_game.application (application_rk,account_rk,game_rk,application_dttm) VALUES
	 (469,563,354,'03:30:55.818'),
	 (186,579,156,'16:31:38.753'),
	 (90,675,224,'23:19:59.548'),
	 (512,840,126,'01:56:20.547'),
	 (293,640,359,'21:41:47.518'),
	 (437,558,390,'20:10:10.286'),
	 (421,606,254,'08:55:42.784'),
	 (341,841,33,'21:58:39.67'),
	 (357,516,407,'18:15:00.644'),
	 (234,532,302,'02:18:08.518');
INSERT INTO tinkoff_game.application (application_rk,account_rk,game_rk,application_dttm) VALUES
	 (309,496,220,'08:03:20.257'),
	 (106,581,70,'18:34:58.117'),
	 (250,610,138,'09:52:18.821'),
	 (325,458,393,'09:51:23.658'),
	 (26,571,318,'08:35:48.404'),
	 (501,651,207,'22:01:29.772'),
	 (138,667,128,'07:48:43.595'),
	 (122,665,453,'07:33:32.365'),
	 (277,782,1,'07:11:40.778'),
	 (373,494,14,'13:52:15.073');
INSERT INTO tinkoff_game.application (application_rk,account_rk,game_rk,application_dttm) VALUES
	 (42,575,453,'13:23:11.796'),
	 (453,719,46,'04:19:06.951'),
	 (405,733,249,'16:59:41.362'),
	 (58,850,21,'02:15:46.377'),
	 (261,696,42,'19:42:34.061'),
	 (154,787,354,'05:05:55.099'),
	 (218,803,254,'03:35:23.917'),
	 (202,625,175,'06:08:17.844'),
	 (170,705,39,'17:51:52.262'),
	 (485,721,121,'21:41:29.381');
INSERT INTO tinkoff_game.application (application_rk,account_rk,game_rk,application_dttm) VALUES
	 (74,822,147,'05:20:25.349'),
	 (10,630,392,'02:20:46.308'),
	 (135,486,455,'00:08:02.487'),
	 (167,615,19,'23:42:13.458'),
	 (247,796,302,'17:33:26.876'),
	 (300,676,304,'22:17:14.439'),
	 (476,578,441,'07:18:50.422'),
	 (364,781,188,'01:28:21.064'),
	 (87,729,111,'00:49:28.544'),
	 (268,745,86,'00:00:37.238');
INSERT INTO tinkoff_game.application (application_rk,account_rk,game_rk,application_dttm) VALUES
	 (428,761,329,'06:29:15.402'),
	 (103,862,271,'18:44:17.16'),
	 (316,481,287,'14:03:04.84'),
	 (348,732,40,'16:49:59.86'),
	 (199,732,299,'10:59:23.389'),
	 (7,733,305,'06:20:46.188'),
	 (396,459,28,'16:56:27.864'),
	 (460,714,449,'10:48:49.88'),
	 (444,714,381,'20:48:57.73'),
	 (23,466,105,'03:14:14.968');
INSERT INTO tinkoff_game.application (application_rk,account_rk,game_rk,application_dttm) VALUES
	 (284,595,259,'10:42:20.623'),
	 (412,627,354,'21:23:08.198'),
	 (119,592,354,'04:24:47.8'),
	 (492,624,227,'10:37:17.303'),
	 (508,677,286,'08:13:35.04'),
	 (215,648,421,'20:45:40.791'),
	 (231,760,120,'16:41:38.351'),
	 (380,787,1,'01:15:13.853'),
	 (39,787,438,'06:05:23.71'),
	 (71,705,34,'09:36:22.276');
INSERT INTO tinkoff_game.application (application_rk,account_rk,game_rk,application_dttm) VALUES
	 (55,721,270,'16:39:39.41'),
	 (183,566,172,'14:28:06.617'),
	 (332,630,247,'04:23:51.707'),
	 (151,678,269,'23:29:52.463'),
	 (116,463,11,'05:30:32.315'),
	 (180,759,116,'04:36:04.058'),
	 (415,489,301,'16:47:47.512'),
	 (447,661,5,'18:53:36.951'),
	 (383,741,454,'02:02:53.043'),
	 (287,826,158,'02:39:18.658');
INSERT INTO tinkoff_game.application (application_rk,account_rk,game_rk,application_dttm) VALUES
	 (20,530,396,'03:37:03.796'),
	 (84,706,157,'23:18:41.423'),
	 (367,813,131,'03:21:11.111'),
	 (271,474,101,'02:53:50.495'),
	 (303,667,86,'14:05:50.644'),
	 (228,800,218,'08:16:41.034'),
	 (148,477,299,'17:22:41.505'),
	 (431,728,364,'07:15:33.084'),
	 (479,553,153,'16:38:36.904'),
	 (4,478,52,'02:50:38.084');
INSERT INTO tinkoff_game.application (application_rk,account_rk,game_rk,application_dttm) VALUES
	 (399,719,104,'13:59:50.897'),
	 (36,836,27,'04:16:08.751'),
	 (319,839,314,'06:47:25.033'),
	 (463,589,77,'02:50:22.846'),
	 (495,522,353,'04:55:15.282'),
	 (335,773,108,'01:53:08.933'),
	 (212,821,131,'20:46:03.21'),
	 (52,755,232,'19:08:16.972'),
	 (244,776,154,'19:54:49.925'),
	 (100,485,287,'15:05:15.577');
INSERT INTO tinkoff_game.application (application_rk,account_rk,game_rk,application_dttm) VALUES
	 (132,512,32,'14:51:34.395'),
	 (68,720,149,'07:01:03.412'),
	 (511,545,231,'04:44:53.712'),
	 (351,593,305,'20:13:05.74'),
	 (196,630,169,'13:36:00.343'),
	 (164,758,241,'08:57:11.476'),
	 (241,574,144,'17:23:01.142'),
	 (278,590,129,'10:14:03.288'),
	 (17,654,244,'17:39:17.33'),
	 (438,535,452,'13:55:49.195');
INSERT INTO tinkoff_game.application (application_rk,account_rk,game_rk,application_dttm) VALUES
	 (310,535,344,'10:31:16.635'),
	 (177,583,300,'17:53:41.481'),
	 (97,599,60,'03:26:17.769'),
	 (422,516,165,'10:14:33.729'),
	 (161,517,306,'06:47:51.34'),
	 (406,709,136,'14:26:07.965'),
	 (470,530,173,'16:29:43.21'),
	 (129,829,139,'02:56:09.184'),
	 (225,452,271,'02:11:23.431'),
	 (113,553,9,'19:56:21.098');
INSERT INTO tinkoff_game.application (application_rk,account_rk,game_rk,application_dttm) VALUES
	 (454,543,389,'15:42:28.623'),
	 (390,623,200,'08:58:18.477'),
	 (294,623,28,'00:33:12.16'),
	 (193,604,51,'12:10:45.242'),
	 (33,700,45,'23:17:00.22'),
	 (1,732,451,'13:53:08.908'),
	 (342,823,78,'21:39:20.718'),
	 (486,456,191,'10:24:28.629'),
	 (209,504,413,'06:04:55.35'),
	 (374,653,40,'11:51:26.553');
INSERT INTO tinkoff_game.application (application_rk,account_rk,game_rk,application_dttm) VALUES
	 (502,717,340,'23:12:43.674'),
	 (326,666,442,'04:42:26.278'),
	 (49,592,197,'03:26:10.977'),
	 (145,811,308,'20:27:45.347'),
	 (81,632,231,'05:54:45.413'),
	 (65,673,26,'10:35:11.417'),
	 (262,471,36,'21:22:20.934'),
	 (358,694,375,'10:20:31.944'),
	 (281,574,244,'18:29:56.789'),
	 (126,777,441,'08:49:23.09');
INSERT INTO tinkoff_game.application (application_rk,account_rk,game_rk,application_dttm) VALUES
	 (94,777,36,'20:54:32.374'),
	 (361,793,264,'12:10:54.276'),
	 (441,841,450,'11:29:28.559'),
	 (142,615,200,'23:00:05.672'),
	 (425,695,45,'20:53:45.208'),
	 (345,812,32,'07:11:15.262'),
	 (46,844,184,'15:14:37.836'),
	 (30,729,340,'08:27:17.487'),
	 (78,556,312,'11:13:00.806'),
	 (62,652,144,'02:33:55.95');
INSERT INTO tinkoff_game.application (application_rk,account_rk,game_rk,application_dttm) VALUES
	 (297,557,280,'05:31:55.209'),
	 (222,802,140,'05:49:36.909'),
	 (206,802,102,'16:27:31.834'),
	 (489,466,178,'14:37:35.702'),
	 (238,466,216,'18:22:02.404'),
	 (190,691,248,'23:00:55.857'),
	 (110,739,91,'07:07:05.443'),
	 (329,544,3,'17:32:50.234'),
	 (409,581,45,'12:31:04.554'),
	 (457,629,445,'13:41:28.461');
INSERT INTO tinkoff_game.application (application_rk,account_rk,game_rk,application_dttm) VALUES
	 (265,794,356,'11:29:22.035'),
	 (254,810,303,'15:19:22.049'),
	 (313,461,449,'13:59:22.019'),
	 (14,577,142,'05:07:46.02'),
	 (158,593,150,'10:48:41.613'),
	 (473,753,38,'23:08:57.139'),
	 (174,774,83,'01:43:29.186'),
	 (505,566,179,'12:04:45.252'),
	 (393,614,22,'18:35:09.259'),
	 (377,758,327,'10:09:20.489');
INSERT INTO tinkoff_game.application (application_rk,account_rk,game_rk,application_dttm) VALUES
	 (400,481,143,'14:32:39.774'),
	 (91,668,399,'17:26:12.304'),
	 (43,717,268,'13:12:35.824'),
	 (187,749,41,'08:08:40.077'),
	 (368,522,241,'03:31:05.728'),
	 (27,682,77,'11:06:30.19'),
	 (352,707,417,'17:39:24.775'),
	 (336,792,188,'11:19:21.553'),
	 (448,811,79,'04:34:43.487'),
	 (139,827,264,'12:16:03.002');
INSERT INTO tinkoff_game.application (application_rk,account_rk,game_rk,application_dttm) VALUES
	 (496,859,164,'05:26:33.146'),
	 (107,859,418,'18:56:42.158'),
	 (235,526,306,'13:34:41.626'),
	 (480,718,175,'17:58:20.192'),
	 (320,486,105,'23:29:01.729'),
	 (219,695,147,'03:10:15.68'),
	 (288,457,282,'20:18:16.878'),
	 (203,612,140,'22:26:06.055'),
	 (304,708,131,'09:28:03.733'),
	 (59,740,307,'22:55:15.411');
INSERT INTO tinkoff_game.application (application_rk,account_rk,game_rk,application_dttm) VALUES
	 (171,831,444,'02:54:23.076'),
	 (11,533,445,'09:03:14.174'),
	 (251,757,201,'19:25:10.112'),
	 (432,699,198,'12:41:45.162'),
	 (384,461,52,'02:14:56.959'),
	 (272,520,415,'15:22:15.111'),
	 (464,649,2,'08:33:06.754'),
	 (416,665,6,'06:35:35.535'),
	 (123,729,335,'22:38:58.121'),
	 (155,577,122,'11:24:25.109');
INSERT INTO tinkoff_game.application (application_rk,account_rk,game_rk,application_dttm) VALUES
	 (256,566,295,'21:29:11.019'),
	 (75,801,22,'16:45:58.114'),
	 (184,691,25,'08:32:28.255'),
	 (467,723,171,'11:28:50.555'),
	 (419,672,250,'11:45:43.677'),
	 (152,720,433,'12:37:02.966'),
	 (403,606,5,'21:22:56.512'),
	 (371,841,340,'23:03:36.719'),
	 (435,599,98,'07:17:22.228'),
	 (40,615,89,'09:42:52.347');
INSERT INTO tinkoff_game.application (application_rk,account_rk,game_rk,application_dttm) VALUES
	 (339,711,90,'22:07:51.831'),
	 (259,812,11,'11:10:48.428'),
	 (499,828,35,'05:37:06.141'),
	 (387,457,291,'16:12:12.558'),
	 (120,516,181,'09:27:50.612'),
	 (216,644,261,'07:11:00.672'),
	 (88,660,16,'15:31:44.438'),
	 (323,740,178,'19:13:34.005'),
	 (248,756,133,'03:09:55.099'),
	 (136,863,175,'03:01:46.154');
INSERT INTO tinkoff_game.application (application_rk,account_rk,game_rk,application_dttm) VALUES
	 (451,794,104,'16:10:44.089'),
	 (307,706,179,'23:44:29.175'),
	 (72,845,290,'11:15:16.222'),
	 (275,731,442,'01:59:11.732'),
	 (56,520,275,'08:24:33.624'),
	 (8,680,213,'20:35:12.447'),
	 (200,665,406,'19:50:47.969'),
	 (483,713,425,'20:52:26.758'),
	 (355,497,376,'08:17:32.431'),
	 (24,573,3,'11:46:26.81');
INSERT INTO tinkoff_game.application (application_rk,account_rk,game_rk,application_dttm) VALUES
	 (168,838,163,'02:23:49.787'),
	 (104,518,448,'03:27:30.702'),
	 (291,710,369,'06:03:19.674'),
	 (232,742,188,'07:05:17.327'),
	 (314,538,33,'12:43:06.035'),
	 (53,659,329,'09:31:48.828'),
	 (410,707,44,'15:30:44.207'),
	 (245,576,154,'06:24:43.553'),
	 (378,843,74,'07:18:00.168'),
	 (181,590,150,'20:22:34.922');
INSERT INTO tinkoff_game.application (application_rk,account_rk,game_rk,application_dttm) VALUES
	 (21,670,38,'00:53:03.371'),
	 (149,470,328,'15:23:29.584'),
	 (298,631,285,'19:28:34.127'),
	 (506,695,165,'22:49:11.802'),
	 (426,457,152,'20:10:02.312'),
	 (346,628,376,'00:04:29.634'),
	 (330,692,303,'22:11:26.079'),
	 (117,756,228,'06:41:27.798'),
	 (5,613,411,'02:40:50.487'),
	 (362,499,214,'10:39:46.025');
INSERT INTO tinkoff_game.application (application_rk,account_rk,game_rk,application_dttm) VALUES
	 (69,706,280,'13:50:44.157'),
	 (458,738,129,'08:32:39.857'),
	 (282,829,52,'16:01:41.197'),
	 (85,635,30,'16:43:35.416'),
	 (266,683,145,'07:30:06.995'),
	 (37,768,334,'01:56:35.443'),
	 (165,712,350,'13:54:20.824'),
	 (474,771,83,'18:40:22.139'),
	 (394,521,71,'01:21:50.331'),
	 (101,617,66,'22:03:08.508');
INSERT INTO tinkoff_game.application (application_rk,account_rk,game_rk,application_dttm) VALUES
	 (490,798,417,'04:58:45.329'),
	 (213,764,93,'12:23:33.874'),
	 (133,653,110,'22:23:50.721'),
	 (442,834,233,'18:40:01.557'),
	 (229,561,163,'23:40:21.297'),
	 (197,561,143,'08:50:54.1'),
	 (285,527,1,'03:02:14.142'),
	 (349,703,321,'03:01:04.265'),
	 (178,456,245,'03:54:57.199'),
	 (18,541,310,'11:46:13.318');
INSERT INTO tinkoff_game.application (application_rk,account_rk,game_rk,application_dttm) VALUES
	 (269,618,377,'04:52:44.866'),
	 (429,666,194,'07:14:54.394'),
	 (477,773,388,'11:46:23.663'),
	 (365,563,66,'12:24:41.483'),
	 (162,739,178,'12:07:25.583'),
	 (226,704,246,'15:24:11.212'),
	 (413,606,114,'21:26:47.067'),
	 (317,622,290,'16:44:46.011'),
	 (493,702,181,'14:58:47.742'),
	 (210,841,343,'17:39:37.152');
INSERT INTO tinkoff_game.application (application_rk,account_rk,game_rk,application_dttm) VALUES
	 (2,780,202,'17:49:56.151'),
	 (242,692,242,'20:23:02.867'),
	 (301,496,87,'06:32:32.68'),
	 (114,565,69,'18:07:32.975'),
	 (130,810,437,'15:31:42.531'),
	 (333,842,406,'08:10:48.464'),
	 (445,626,127,'22:23:05.226'),
	 (34,642,267,'11:33:34.057'),
	 (82,555,6,'10:24:29.621'),
	 (98,699,376,'04:07:57.618');
INSERT INTO tinkoff_game.application (application_rk,account_rk,game_rk,application_dttm) VALUES
	 (194,509,97,'03:08:52.159'),
	 (146,568,217,'16:10:05.394'),
	 (509,484,103,'14:17:54.012'),
	 (66,798,416,'11:59:12.467'),
	 (381,529,431,'21:20:46.922'),
	 (50,561,124,'21:18:36.095'),
	 (397,721,35,'13:30:25.203'),
	 (461,753,431,'20:12:19.766'),
	 (372,788,349,'12:38:27.414'),
	 (47,852,237,'17:09:52.008');
INSERT INTO tinkoff_game.application (application_rk,account_rk,game_rk,application_dttm) VALUES
	 (207,620,447,'21:07:16.381'),
	 (500,770,302,'05:52:41.573'),
	 (404,818,19,'17:22:24.639'),
	 (175,554,125,'17:40:12.047'),
	 (15,682,204,'21:49:18.447'),
	 (276,789,187,'16:13:12.107'),
	 (143,515,375,'14:10:38.496'),
	 (468,590,130,'12:52:57.742'),
	 (239,638,84,'07:51:33.217'),
	 (388,670,66,'03:32:59.796');
INSERT INTO tinkoff_game.application (application_rk,account_rk,game_rk,application_dttm) VALUES
	 (340,766,200,'12:46:11.568'),
	 (260,470,121,'00:02:06.051'),
	 (356,486,341,'09:17:11.335'),
	 (420,631,383,'19:11:02.204'),
	 (159,799,110,'04:37:39.784'),
	 (95,815,338,'04:35:28.551'),
	 (31,863,447,'03:38:41.56'),
	 (308,549,136,'20:49:53.919'),
	 (292,565,435,'15:47:02.969'),
	 (223,626,438,'17:02:30.637');
INSERT INTO tinkoff_game.application (application_rk,account_rk,game_rk,application_dttm) VALUES
	 (191,715,378,'09:42:41.046'),
	 (127,509,159,'09:37:57.969'),
	 (484,552,121,'19:37:19.566'),
	 (452,484,308,'22:56:16.179'),
	 (436,846,208,'07:53:31.941'),
	 (79,862,242,'12:07:58.441'),
	 (111,657,329,'18:50:39.302'),
	 (324,598,449,'10:31:28.794'),
	 (255,598,78,'10:49:54.559'),
	 (63,769,222,'04:28:50.771');
INSERT INTO tinkoff_game.application (application_rk,account_rk,game_rk,application_dttm) VALUES
	 (220,527,34,'09:08:48.489'),
	 (375,671,224,'00:44:52.984'),
	 (471,703,332,'01:57:51.678'),
	 (108,772,67,'10:12:15.645'),
	 (279,684,196,'05:43:00.119'),
	 (407,748,32,'05:23:32.482'),
	 (28,541,206,'21:31:56.596'),
	 (76,573,388,'11:01:01.146'),
	 (311,605,22,'05:24:47.463'),
	 (172,621,147,'23:50:56.751');
INSERT INTO tinkoff_game.application (application_rk,account_rk,game_rk,application_dttm) VALUES
	 (124,749,149,'17:29:26.992'),
	 (503,789,129,'16:59:24.134'),
	 (359,691,368,'19:58:04.137'),
	 (343,707,216,'14:46:23.032'),
	 (327,776,71,'02:44:14.531'),
	 (455,777,455,'10:54:27.897'),
	 (439,519,438,'08:32:25.494'),
	 (236,551,24,'11:24:24.404'),
	 (92,711,432,'17:58:05.751'),
	 (391,564,434,'03:19:52.959');
INSERT INTO tinkoff_game.application (application_rk,account_rk,game_rk,application_dttm) VALUES
	 (263,862,381,'11:56:10.581'),
	 (423,514,373,'16:12:40.535'),
	 (188,477,347,'03:57:54.503'),
	 (60,648,322,'23:20:49.469'),
	 (156,680,129,'17:05:27.373'),
	 (140,712,25,'00:09:04.669'),
	 (44,565,329,'01:54:42.449'),
	 (204,810,204,'19:06:59.342'),
	 (252,858,94,'04:20:47.315'),
	 (487,485,226,'03:12:13.88');
INSERT INTO tinkoff_game.application (application_rk,account_rk,game_rk,application_dttm) VALUES
	 (295,624,379,'07:46:27.209'),
	 (12,678,129,'23:20:25.086');
INSERT INTO tinkoff_game.client (client_rk,first_name,last_name,phone_num,visit_dttm) VALUES
	 (73,'Вера','Зуева','+79526387110','2022-10-28 03:05:45.702'),
	 (153,'Никита','Гаврилов','+79517529539','2022-10-02 17:52:15.398'),
	 (169,'Изольда','Калашникова','+79026008294','2022-10-03 17:11:41.108'),
	 (249,'Клим','Носов','+79536437636','2022-10-29 07:39:09.311'),
	 (318,'Гавриил','Белов','+79659279079','2022-12-17 12:37:24.58'),
	 (366,'Вера','Громова','+79672253804','2022-12-17 01:47:37.047'),
	 (398,'Адриан','Кузьмин','+79043493472','2022-11-30 20:21:41.088'),
	 (446,'Виль','Куликов','+79666776862','2022-12-14 13:49:37.146'),
	 (478,'Артём','Авдеев','+79044491357','2022-09-18 09:02:15.622'),
	 (559,'Доминика','Колобова','+79096014967','2023-01-19 09:49:49.067');
INSERT INTO tinkoff_game.client (client_rk,first_name,last_name,phone_num,visit_dttm) VALUES
	 (591,'Глеб','Семёнов','+79042408995','2022-09-06 13:12:56.542'),
	 (639,'Марина','Никифорова','+79689740059','2022-11-05 23:17:46.74'),
	 (655,'Людмила','Лукина','+79644973089','2022-09-20 12:48:13.973'),
	 (772,'Клим','Тихонов','+79635225617','2023-01-15 00:44:04.57'),
	 (900,'Анфиса','Дорофеева','+79097872634','2022-11-06 17:52:55.173'),
	 (996,'Регина','Блохина','+79665862643','2022-11-13 22:40:02.378'),
	 (1117,'Лариса','Гуляева','+79535981591','2023-01-03 15:44:44.498'),
	 (1330,'Леонид','Медведев','+79091130344','2022-09-24 10:15:40.945'),
	 (1442,'Фаина','Мухина','+79504663618','2022-09-20 21:11:06.36'),
	 (1474,'Ксения','Красильникова','+79046547566','2022-11-28 21:52:45.267');
INSERT INTO tinkoff_game.client (client_rk,first_name,last_name,phone_num,visit_dttm) VALUES
	 (1587,'Милан','Кононов','+79687797398','2023-01-11 22:58:08.806'),
	 (1667,'Анжелика','Котова','+79081076783','2023-01-06 04:42:49.107'),
	 (1699,'Илья','Одинцов','+79657015840','2022-10-05 15:45:59.091'),
	 (1747,'Валерий','Молчанов','+79535166600','2022-11-26 06:53:47.12'),
	 (1816,'Зоя','Авдеева','+79531454965','2022-09-11 17:36:30.983'),
	 (2113,'Яна','Попова','+79097343489','2022-09-30 16:46:59.129'),
	 (2145,'Виль','Цветков','+79081952649','2023-01-09 21:51:02.566'),
	 (2209,'Мирослав','Гущин','+79672269566','2022-09-13 08:01:55.071'),
	 (2289,'Никита','Пестов','+79651779261','2023-01-01 12:14:51.022'),
	 (2454,'Розалина','Зыкова','+79538799525','2023-01-08 19:42:23.977');
INSERT INTO tinkoff_game.client (client_rk,first_name,last_name,phone_num,visit_dttm) VALUES
	 (2470,'Ираклий','Носов','+79088905238','2022-10-05 16:31:28.393'),
	 (2486,'Надежда','Капустина','+79028150051','2022-10-09 20:45:59.793'),
	 (2550,'Людмила','Королёва','+79505932219','2022-12-27 06:58:51.002'),
	 (2631,'Валериан','Петухов','+79047553192','2022-12-20 08:00:00.507'),
	 (2727,'Ян','Ларионов','+79644193571','2022-10-10 21:24:53.071'),
	 (2791,'Алла','Мартынова','+79651357534','2022-12-03 06:16:22.239'),
	 (2807,'Дмитрий','Семёнов','+79094173575','2022-09-23 01:34:57.473'),
	 (2876,'Анатолий','Мартынов','+79637417023','2023-02-01 05:38:06.875'),
	 (2892,'Вячеслав','Пестов','+79099571146','2023-01-03 04:53:35.414'),
	 (2908,'Игнатий','Ковалёв','+79635602675','2023-01-16 08:04:21.526');
INSERT INTO tinkoff_game.client (client_rk,first_name,last_name,phone_num,visit_dttm) VALUES
	 (3157,'Полина','Никитина','+79024504764','2022-09-02 22:29:08.933'),
	 (3253,'Екатерина','Комарова','+79633266795','2022-09-13 20:51:17.354'),
	 (3317,'Зоя','Громова','+79047988899','2023-01-21 04:54:31.814'),
	 (3370,'Феликс','Федосеев','+79083643632','2023-01-22 05:14:40.368'),
	 (3386,'Кристина','Никифорова','+79667677624','2022-09-13 02:05:41.486'),
	 (3402,'Прохор','Никонов','+79004569213','2022-11-20 17:16:06.438'),
	 (3450,'Клара','Федотова','+79509400752','2023-01-08 06:43:11.894'),
	 (3498,'Антон','Князев','+79539342942','2022-10-04 16:07:46.848'),
	 (3546,'Герман','Беляев','+79026710935','2022-11-06 09:02:19.738'),
	 (3562,'Капитолина','Кудрявцева','+79516957227','2023-01-24 08:58:16.654');
INSERT INTO tinkoff_game.client (client_rk,first_name,last_name,phone_num,visit_dttm) VALUES
	 (3578,'Инесса','Дементьева','+79539078457','2023-01-31 09:16:37.43'),
	 (3595,'Пётр','Беспалов','+79091765927','2022-10-30 02:43:44.716'),
	 (3627,'Алла','Петрова','+79094724736','2022-10-31 04:50:21.147'),
	 (3803,'Марта','Анисимова','+79682099355','2022-12-10 03:31:02.48'),
	 (3835,'Виль','Маслов','+79685953417','2022-12-07 18:11:41.493'),
	 (3856,'Клара','Логинова','+79045454363','2023-01-24 03:06:17.43'),
	 (3904,'Алексей','Федотов','+79648309527','2022-12-31 15:40:15.608'),
	 (41,'Доминика','Терентьева','+79652558326','2022-12-07 15:13:13.343'),
	 (57,'Иннокентий','Мишин','+79098151942','2022-11-30 12:03:46.625'),
	 (89,'Иосиф','Потапов','+79095885691','2022-10-18 00:13:36.754');
INSERT INTO tinkoff_game.client (client_rk,first_name,last_name,phone_num,visit_dttm) VALUES
	 (105,'Валериан','Исаков','+79093797530','2022-10-02 01:00:44.206'),
	 (121,'Вера','Уварова','+79533748074','2022-09-30 08:50:27.553'),
	 (137,'Константин','Ситников','+79661353790','2022-09-19 14:07:06.769'),
	 (185,'Ника','Горшкова','+79093221713','2022-12-27 04:24:48.846'),
	 (201,'Вероника','Логинова','+79642533333','2022-11-28 11:14:39.804'),
	 (217,'Наталья','Орлова','+79641148128','2023-01-14 05:15:42.384'),
	 (233,'Дарья','Ильина','+79674018278','2022-09-21 15:34:52.407'),
	 (270,'Евгения','Смирнова','+79084333564','2022-09-28 14:13:08.436'),
	 (286,'Яков','Самойлов','+79087848464','2022-10-09 19:37:01.63'),
	 (302,'Инга','Кириллова','+79676016417','2022-11-12 18:39:55.442');
INSERT INTO tinkoff_game.client (client_rk,first_name,last_name,phone_num,visit_dttm) VALUES
	 (334,'Абрам','Колобов','+79047656623','2022-10-07 01:06:48.612'),
	 (350,'Адриан','Прохоров','+79044560484','2022-11-13 04:11:33.234'),
	 (382,'Аркадий','Ермаков','+79688948816','2022-09-04 18:47:38.461'),
	 (414,'Инна','Сафонова','+79506571365','2023-01-08 04:53:00.977'),
	 (430,'Лилия','Рябова','+79678508750','2022-09-13 11:29:28.625'),
	 (462,'Маргарита','Бобылёва','+79519961640','2022-11-09 18:30:45.983'),
	 (494,'Ирина','Максимова','+79525917640','2022-12-08 23:27:26.153'),
	 (510,'Гарри','Филатов','+79025777635','2022-12-18 15:55:06.741'),
	 (527,'Злата','Панфилова','+79649708870','2022-09-13 11:34:31.822'),
	 (543,'Люся','Шашкова','+79099923507','2022-11-25 09:13:35.877');
INSERT INTO tinkoff_game.client (client_rk,first_name,last_name,phone_num,visit_dttm) VALUES
	 (575,'Людмила','Орлова','+79652720978','2023-01-06 03:02:58.357'),
	 (607,'Жанна','Щербакова','+79643395943','2022-12-18 21:12:24.34'),
	 (623,'Олеся','Петрова','+79021859045','2022-12-28 06:23:16.73'),
	 (671,'Иван','Сафонов','+79509986835','2023-01-01 18:45:44.063'),
	 (687,'Злата','Михайлова','+79095872461','2022-12-19 17:20:30.846'),
	 (703,'Вадим','Осипов','+79028242786','2023-01-07 21:34:58.912'),
	 (719,'Болеслав','Самойлов','+79527775632','2022-10-29 09:47:59.437'),
	 (735,'Антонина','Устинова','+79518896941','2022-12-16 04:00:53.281'),
	 (751,'Анфиса','Галкина','+79088868196','2022-09-14 04:47:26.953'),
	 (767,'Иммануил','Шубин','+79685693035','2022-11-27 23:03:47.249');
INSERT INTO tinkoff_game.client (client_rk,first_name,last_name,phone_num,visit_dttm) VALUES
	 (788,'Василиса','Рожкова','+79666194219','2022-10-13 02:49:04.389'),
	 (804,'Кристина','Михеева','+79503134808','2022-10-06 03:26:34.909'),
	 (820,'Савва','Казаков','+79092934182','2023-01-07 19:11:43.323'),
	 (836,'Раиса','Горбунова','+79001823232','2022-11-20 17:37:15.563'),
	 (852,'Тимофей','Беспалов','+79523859031','2022-11-04 10:01:35.065'),
	 (868,'Инга','Воронова','+79631626845','2022-10-21 11:52:10.488'),
	 (884,'Люся','Бирюкова','+79005816039','2022-09-12 04:22:44.899'),
	 (916,'Иван','Поляков','+79525636099','2023-01-06 14:09:45.76'),
	 (932,'Фаина','Субботина','+79006568989','2022-10-16 06:48:02.346'),
	 (948,'Дмитрий','Семёнов','+79089636299','2022-09-11 10:48:48.419');
INSERT INTO tinkoff_game.client (client_rk,first_name,last_name,phone_num,visit_dttm) VALUES
	 (964,'Радислав','Моисеев','+79519287364','2023-01-30 09:21:02.77'),
	 (980,'Валерия','Захарова','+79503026425','2022-11-17 02:42:00.859'),
	 (1012,'Ксения','Антонова','+79086194544','2022-12-08 01:17:53.539'),
	 (1037,'Алла','Симонова','+79023378117','2022-10-01 08:29:32.48'),
	 (1053,'Ананий','Пахомов','+79025581925','2022-12-29 21:34:52.264'),
	 (1069,'Капитолина','Шарова','+79025436392','2022-10-01 15:10:24.677'),
	 (1085,'Олеся','Рыбакова','+79089154047','2023-01-07 05:29:20.256'),
	 (1101,'Ростислав','Горшков','+79648347271','2022-11-14 13:08:45.782'),
	 (1133,'Анжелика','Баранова','+79095282409','2022-12-10 04:09:13.285'),
	 (1149,'Раиса','Филиппова','+79028983418','2022-11-13 05:25:38.918');
INSERT INTO tinkoff_game.client (client_rk,first_name,last_name,phone_num,visit_dttm) VALUES
	 (1165,'Диана','Брагина','+79022355051','2022-09-09 02:26:02.718'),
	 (1181,'Борис','Беляков','+79539230174','2023-01-19 22:56:00.315'),
	 (1197,'Валентин','Нестеров','+79659700290','2022-09-20 04:02:26.561'),
	 (1213,'Мальвина','Полякова','+79513994949','2023-01-10 21:54:29.782'),
	 (1229,'Милан','Куликов','+79503382010','2022-11-16 09:16:06.766'),
	 (1245,'Клим','Беляков','+79512379221','2023-01-10 17:42:01.246'),
	 (1261,'Марина','Попова','+79522934637','2022-10-08 11:33:20.214'),
	 (1277,'Богдан','Щукин','+79686543398','2023-01-12 04:49:11.059'),
	 (1282,'Владислав','Маслов','+79644750703','2023-01-10 18:38:15.931'),
	 (1298,'Роберт','Максимов','+79677678860','2023-01-22 20:22:43.947');
INSERT INTO tinkoff_game.client (client_rk,first_name,last_name,phone_num,visit_dttm) VALUES
	 (1314,'Доминика','Сергеева','+79026643939','2023-02-01 06:25:46.513'),
	 (1346,'Антонин','Шарапов','+79673253824','2023-01-15 18:39:55.046'),
	 (1362,'Искра','Горбунова','+79671134810','2023-01-26 07:48:47.753'),
	 (1378,'Кристина','Гусева','+79085807506','2022-10-16 07:06:44.889'),
	 (1394,'Валентин','Моисеев','+79505863189','2023-01-12 14:47:54.278'),
	 (1410,'Игнат','Мишин','+79635211282','2022-09-06 01:18:04.37'),
	 (1426,'Геннадий','Ершов','+79526519562','2022-09-12 20:58:33.645'),
	 (1458,'Трофим','Иванов','+79511254431','2022-09-14 17:09:14.539'),
	 (1490,'Флорентина','Юдина','+79662298920','2022-10-24 03:54:29.071'),
	 (1506,'Тамара','Хохлова','+79533117677','2022-10-21 02:57:34.181');
INSERT INTO tinkoff_game.client (client_rk,first_name,last_name,phone_num,visit_dttm) VALUES
	 (1522,'Дарья','Ларионова','+79099366831','2022-09-25 20:50:51.243'),
	 (1539,'Адриан','Никонов','+79089437475','2022-09-28 21:33:55.554'),
	 (6,'Антонин','Юдин','+79024915261','2022-11-29 08:17:46.83'),
	 (70,'Любовь','Орлова','+79661781045','2023-01-08 23:22:20.265'),
	 (198,'Ольга','Терентьева','+79512646441','2022-11-19 21:34:25.018'),
	 (214,'Ростислав','Савин','+79652972184','2022-09-27 06:26:27.41'),
	 (257,'Феликс','Калинин','+79009059445','2022-10-29 15:40:48.805'),
	 (401,'Феликс','Мясников','+79049801382','2022-10-16 22:55:02.794'),
	 (433,'Алла','Фролова','+79513114844','2022-12-16 12:37:38.738'),
	 (636,'Елена','Васильева','+79024712796','2023-02-01 08:08:16.796');
INSERT INTO tinkoff_game.client (client_rk,first_name,last_name,phone_num,visit_dttm) VALUES
	 (748,'Александр','Овчинников','+79097482983','2022-12-23 02:05:10.369'),
	 (791,'Всеволод','Потапов','+79688803642','2022-11-14 01:05:21.37'),
	 (839,'Герман','Соколов','+79674705015','2022-11-05 05:54:40.63'),
	 (871,'Лада','Русакова','+79091359017','2022-10-20 09:56:49.169'),
	 (887,'Валентин','Захаров','+79084847141','2022-12-28 11:14:26.283'),
	 (1015,'Майя','Лапина','+79676418988','2022-11-11 01:26:46.574'),
	 (1034,'Алла','Жданова','+79096633933','2022-10-23 02:56:01.05'),
	 (1146,'Ярослав','Устинов','+79507926820','2023-01-26 02:34:23.41'),
	 (1178,'Дина','Куликова','+79532912398','2022-12-09 05:48:06.853'),
	 (1226,'Адам','Марков','+79022718820','2022-09-21 05:41:13.605');
INSERT INTO tinkoff_game.client (client_rk,first_name,last_name,phone_num,visit_dttm) VALUES
	 (1477,'Ираклий','Лыткин','+79507958591','2022-11-29 00:12:58.101'),
	 (1525,'Виктор','Калашников','+79635694773','2022-12-17 22:41:11.516'),
	 (1664,'Вадим','Буров','+79686591311','2022-09-10 02:18:53.794'),
	 (1728,'Кузьма','Кудряшов','+79634097561','2023-01-01 18:00:49.762'),
	 (1760,'Валериан','Емельянов','+79512709522','2022-10-30 02:09:22.726'),
	 (1963,'Ольга','Королёва','+79098114725','2023-01-30 07:51:00.017'),
	 (2043,'Валерий','Муравьёв','+79635320299','2022-10-01 06:53:29.807'),
	 (2110,'Евгений','Федосеев','+79086081318','2022-11-04 07:40:33.773'),
	 (2158,'Аркадий','Павлов','+79686726431','2022-12-14 23:05:21.469'),
	 (2190,'Аркадий','Зайцев','+79091077119','2023-01-04 23:21:00.394');
INSERT INTO tinkoff_game.client (client_rk,first_name,last_name,phone_num,visit_dttm) VALUES
	 (2206,'Адам','Потапов','+79642299792','2022-10-29 03:15:16.753'),
	 (2393,'Светлана','Елисеева','+79023153645','2022-12-09 03:00:10.847'),
	 (2553,'Инесса','Брагина','+79665084402','2022-09-20 03:07:28.197'),
	 (2612,'Дарья','Суханова','+79503197560','2022-12-15 08:46:31.657'),
	 (2628,'Галина','Гусева','+79678897798','2022-09-28 17:56:24.207'),
	 (2644,'Святослав','Рожков','+79504623766','2023-01-06 19:37:47.659'),
	 (2660,'Анфиса','Гуляева','+79656690386','2022-10-04 03:15:49.302'),
	 (3071,'Глеб','Туров','+79533300823','2022-10-17 10:14:43.47'),
	 (3074,'Ева','Захарова','+79023245827','2022-11-07 14:07:21.004'),
	 (3154,'Бронислав','Беляков','+79511170768','2022-11-02 13:39:47.07');
INSERT INTO tinkoff_game.client (client_rk,first_name,last_name,phone_num,visit_dttm) VALUES
	 (3282,'Яна','Селезнёва','+79532805136','2022-09-30 12:57:39.702'),
	 (3298,'Платон','Горбачёв','+79634939408','2022-11-26 16:04:24.665'),
	 (3341,'Ростислав','Симонов','+79093361593','2022-11-22 02:42:41.281'),
	 (3405,'Никодим','Савин','+79679085935','2023-01-20 19:38:22.906'),
	 (3533,'Алина','Цветкова','+79687873506','2022-10-28 06:18:39.202'),
	 (3581,'Людмила','Евсеева','+79688046974','2022-09-25 16:17:55.912'),
	 (3592,'Изольда','Пономарёва','+79042579660','2022-10-13 04:03:20.984'),
	 (3672,'Никодим','Сергеев','+79638556857','2023-01-22 06:34:46.852'),
	 (3736,'Виль','Филатов','+79634035237','2022-10-05 00:20:11.081'),
	 (3752,'Изабелла','Вишнякова','+79644005485','2022-11-24 11:30:41.551');
INSERT INTO tinkoff_game.client (client_rk,first_name,last_name,phone_num,visit_dttm) VALUES
	 (3800,'Лада','Быкова','+79685455753','2022-11-10 15:56:02.972'),
	 (3843,'Диана','Артемьева','+79002487881','2022-09-06 15:49:19.698'),
	 (3875,'Лилия','Алексеева','+79524016040','2022-09-29 08:04:54.999'),
	 (3955,'Клементина','Русакова','+79687197319','2023-01-22 02:05:46.018'),
	 (3971,'Юлиан','Гришин','+79509880741','2022-11-18 19:28:39.623'),
	 (3987,'Юлиан','Харитонов','+79646807172','2023-01-12 16:27:30.053'),
	 (4019,'Флорентина','Турова','+79502312311','2022-09-28 08:46:08.651'),
	 (4067,'Софья','Гуляева','+79639549300','2023-01-11 10:18:06.999'),
	 (38,'Иммануил','Кулагин','+79023345493','2022-11-05 10:36:09.881'),
	 (54,'Семён','Дроздов','+79655233353','2022-11-02 02:21:36.897');
INSERT INTO tinkoff_game.client (client_rk,first_name,last_name,phone_num,visit_dttm) VALUES
	 (86,'Валерия','Кондратьева','+79502422161','2022-10-03 04:10:49.655'),
	 (102,'Милан','Федотов','+79029558952','2023-01-01 01:15:45.61'),
	 (118,'Гордей','Лаврентьев','+79681025403','2023-01-16 09:31:18.898'),
	 (134,'Регина','Гусева','+79687823975','2022-12-21 15:38:37.348'),
	 (150,'Денис','Мишин','+79516175631','2022-11-18 21:13:13.303'),
	 (166,'Спартак','Агафонов','+79092400820','2022-11-11 03:05:09.101'),
	 (182,'Аким','Воронов','+79095863542','2022-12-13 06:19:07.142'),
	 (230,'Нелли','Русакова','+79508285846','2022-09-14 21:35:11.92'),
	 (246,'Ольга','Осипова','+79093041305','2022-09-09 08:47:40.668'),
	 (273,'Назар','Уваров','+79026368980','2022-11-01 00:04:20.188');
INSERT INTO tinkoff_game.client (client_rk,first_name,last_name,phone_num,visit_dttm) VALUES
	 (289,'Клементина','Колесникова','+79081074514','2022-11-03 17:31:00.626'),
	 (305,'Регина','Крюкова','+79512151593','2022-12-12 09:31:27.742'),
	 (321,'Оксана','Носова','+79668301939','2023-01-06 00:02:30.645'),
	 (337,'Людмила','Зимина','+79634659005','2022-10-13 03:50:31.676'),
	 (353,'Софья','Лихачёва','+79518522278','2022-09-16 00:30:57.762'),
	 (369,'Бронислав','Хохлов','+79663903316','2022-11-28 17:58:59.465'),
	 (385,'Аким','Исаков','+79003354646','2022-11-04 12:35:06.495'),
	 (417,'Дарья','Дорофеева','+79046395059','2022-11-13 03:50:38.241'),
	 (449,'Валерия','Ситникова','+79097996872','2022-12-03 08:46:47.445'),
	 (465,'Марина','Осипова','+79636245265','2022-11-03 09:55:45.771');
INSERT INTO tinkoff_game.client (client_rk,first_name,last_name,phone_num,visit_dttm) VALUES
	 (481,'Владлен','Моисеев','+79045934381','2023-01-07 12:28:52.295'),
	 (497,'София','Тарасова','+79002526095','2023-01-17 02:59:19.219'),
	 (524,'Дан','Шестаков','+79513805716','2023-01-22 14:40:01.233'),
	 (540,'Марк','Ширяев','+79502758066','2022-10-22 00:50:05.717'),
	 (556,'Аким','Харитонов','+79672236804','2022-12-23 11:07:00.946'),
	 (572,'Матвей','Большаков','+79646395116','2022-12-25 11:08:58.092'),
	 (588,'Людмила','Герасимова','+79528945212','2023-01-27 19:30:46.751'),
	 (604,'Иммануил','Лихачёв','+79023178192','2022-11-28 07:05:38.502'),
	 (620,'Злата','Фомичёва','+79649409861','2023-01-12 11:54:48.489'),
	 (652,'Артём','Чернов','+79538222350','2022-11-09 15:37:15.014');
INSERT INTO tinkoff_game.client (client_rk,first_name,last_name,phone_num,visit_dttm) VALUES
	 (668,'Герасим','Самсонов','+79673578973','2022-09-07 00:47:01.163'),
	 (684,'Светлана','Лобанова','+79096959821','2022-11-27 04:09:47.679'),
	 (700,'Артур','Одинцов','+79512370960','2022-10-25 04:36:25.878'),
	 (716,'Геннадий','Рожков','+79089516561','2022-12-25 03:38:23.274'),
	 (732,'Александра','Матвеева','+79642499523','2022-12-25 18:45:20.426'),
	 (764,'Клементина','Блинова','+79685057334','2022-11-26 12:06:24.801'),
	 (775,'Вера','Попова','+79041904959','2022-09-15 00:09:45.247'),
	 (807,'Капитолина','Беляева','+79539955655','2022-10-28 03:04:27.751'),
	 (823,'Спартак','Сысоев','+79001539150','2022-09-22 14:24:19.378'),
	 (855,'Аркадий','Карпов','+79666543275','2022-12-10 21:50:52.154');
INSERT INTO tinkoff_game.client (client_rk,first_name,last_name,phone_num,visit_dttm) VALUES
	 (903,'Василиса','Терентьева','+79635503144','2022-11-21 23:21:06.872'),
	 (919,'Ираклий','Игнатов','+79683770001','2022-09-28 11:59:27.827'),
	 (935,'Жанна','Кулакова','+79673525174','2022-12-14 14:02:45.023'),
	 (951,'Олег','Коновалов','+79664691813','2022-12-20 12:01:04.111'),
	 (967,'Алла','Хохлова','+79041844955','2022-10-27 13:19:00.988'),
	 (983,'Елизавета','Агафонова','+79519563762','2022-09-01 05:18:23.476'),
	 (999,'Алёна','Рыбакова','+79092103972','2022-09-08 11:06:05.718'),
	 (1050,'Лев','Шарапов','+79532828971','2022-11-11 18:03:30.06'),
	 (1066,'Ульяна','Шарапова','+79501957208','2022-11-20 18:37:15.11'),
	 (1082,'Макар','Михеев','+79631264008','2022-11-25 19:57:11.036');
INSERT INTO tinkoff_game.client (client_rk,first_name,last_name,phone_num,visit_dttm) VALUES
	 (1098,'Валентин','Лихачёв','+79504937310','2022-11-18 05:44:37.879'),
	 (1114,'Артур','Вишняков','+79689059268','2022-12-25 22:17:32.591'),
	 (1130,'Александр','Хохлов','+79529039617','2022-12-18 16:17:10.477'),
	 (1162,'Николай','Осипов','+79514794514','2022-12-13 08:53:29.936'),
	 (1194,'Фаина','Анисимова','+79096205871','2022-12-13 14:08:47.582'),
	 (1210,'Лев','Жуков','+79643680907','2022-11-21 02:59:23.951'),
	 (1242,'Кузьма','Мишин','+79025336617','2022-12-30 19:05:07.988'),
	 (1258,'Эмма','Воронцова','+79521156772','2022-12-26 19:04:38.496'),
	 (1274,'Илларион','Ефремов','+79532082542','2022-12-23 21:36:41.009'),
	 (1285,'Людмила','Семёнова','+79675752938','2022-12-30 21:56:59.364');
INSERT INTO tinkoff_game.client (client_rk,first_name,last_name,phone_num,visit_dttm) VALUES
	 (1301,'Ника','Захарова','+79669380502','2022-10-22 22:33:54.325'),
	 (1317,'Анна','Денисова','+79519928950','2022-09-04 02:23:14.153'),
	 (1333,'Рафаил','Дементьев','+79656004792','2022-09-20 09:24:34.724'),
	 (1349,'Эмма','Смирнова','+79001116553','2022-10-11 09:04:40.257'),
	 (1365,'Валерия','Копылова','+79678670607','2022-12-12 16:47:17.618'),
	 (1381,'Никита','Куликов','+79535194238','2022-12-24 08:17:06.078'),
	 (1397,'Вадим','Колесников','+79001984932','2023-01-04 03:50:15.535'),
	 (1413,'Аркадий','Алексеев','+79525454122','2023-01-02 10:29:27.242'),
	 (1429,'Болеслав','Воробьёв','+79003086932','2022-11-11 01:57:13.003'),
	 (1445,'Вячеслав','Денисов','+79088235058','2022-09-15 09:56:11.036');
INSERT INTO tinkoff_game.client (client_rk,first_name,last_name,phone_num,visit_dttm) VALUES
	 (1461,'Ева','Лазарева','+79023337240','2022-09-14 23:09:08.023'),
	 (1493,'Артём','Сорокин','+79533472132','2022-12-03 09:06:49.952'),
	 (1509,'Филипп','Мартынов','+79653766245','2022-11-06 05:56:39.492'),
	 (1536,'Инга','Полякова','+79658768682','2023-01-17 17:49:50.523'),
	 (147,'Оксана','Осипова','+79517967311','2022-11-15 10:26:20.581'),
	 (227,'Сава','Щукин','+79682749663','2022-12-01 16:07:06.929'),
	 (243,'Ксения','Королёва','+79539453666','2022-10-13 17:11:18.09'),
	 (456,'Геннадий','Гурьев','+79652018100','2022-12-17 09:10:03.151'),
	 (541,'София','Лаврентьева','+79506217220','2022-11-01 16:09:34.351'),
	 (557,'Виталий','Тетерин','+79677895125','2022-10-14 10:31:15.354');
INSERT INTO tinkoff_game.client (client_rk,first_name,last_name,phone_num,visit_dttm) VALUES
	 (637,'Лилия','Якушева','+79527840131','2023-01-03 23:11:06.523'),
	 (653,'Флорентина','Яковлева','+79534246340','2022-11-02 23:38:33.616'),
	 (669,'Злата','Ефимова','+79688943296','2023-01-30 06:35:30.149'),
	 (685,'Вероника','Трофимова','+79097176672','2023-01-26 10:26:50.13'),
	 (770,'Антон','Красильников','+79684638842','2022-11-22 07:56:48.195'),
	 (818,'Ника','Максимова','+79648313593','2023-01-23 18:53:47.521'),
	 (834,'Ольга','Кузьмина','+79505386814','2022-10-29 03:56:56.837'),
	 (962,'Ирина','Селезнёва','+79088740247','2022-10-10 07:11:46.84'),
	 (978,'Светлана','Белякова','+79517581558','2023-01-29 19:31:13.82'),
	 (994,'Борис','Федосеев','+79501108027','2022-11-10 02:39:30.621');
INSERT INTO tinkoff_game.client (client_rk,first_name,last_name,phone_num,visit_dttm) VALUES
	 (1039,'Лилия','Давыдова','+79022227920','2022-10-11 10:38:32.661'),
	 (1071,'Ярослава','Дроздова','+79506186200','2022-11-02 00:09:22.727'),
	 (1087,'Екатерина','Емельянова','+79088193256','2022-12-22 14:37:30.247'),
	 (1167,'Маргарита','Евдокимова','+79027183651','2022-12-16 08:00:31.097'),
	 (1199,'Алексей','Шубин','+79503784220','2022-11-23 16:18:51.571'),
	 (1380,'Арсений','Цветков','+79093133433','2022-12-22 07:19:27.537'),
	 (1577,'Ефим','Субботин','+79003226599','2022-10-30 21:01:42.164'),
	 (1609,'Инга','Кондратьева','+79094931622','2022-10-28 16:30:15.961'),
	 (1769,'Виктория','Ильина','+79026393512','2022-09-04 20:12:34.089'),
	 (1785,'Альберт','Петухов','+79642639117','2022-11-04 08:41:35.13');
INSERT INTO tinkoff_game.client (client_rk,first_name,last_name,phone_num,visit_dttm) VALUES
	 (1854,'Изольда','Воронова','+79679130295','2022-11-17 04:43:14.391'),
	 (1870,'Альбина','Капустина','+79634757354','2022-11-20 02:19:53.82'),
	 (1934,'Савва','Белозёров','+79005256183','2022-11-28 15:18:30.493'),
	 (1950,'Ростислав','Петухов','+79645197436','2022-10-17 19:21:21.978'),
	 (2014,'Ева','Орлова','+79531971295','2022-10-30 15:15:35.201'),
	 (2139,'Раиса','Беспалова','+79025229852','2022-12-23 02:52:36.469'),
	 (2187,'Лада','Матвеева','+79518727888','2023-01-06 21:24:12.691'),
	 (2219,'Анна','Петухова','+79647008975','2023-01-30 01:37:52.968'),
	 (2251,'Герман','Хохлов','+79081705662','2022-10-11 18:42:17.69'),
	 (2267,'Виль','Устинов','+79539697908','2022-11-10 02:56:25.151');
INSERT INTO tinkoff_game.client (client_rk,first_name,last_name,phone_num,visit_dttm) VALUES
	 (2352,'Ксения','Белоусова','+79003582991','2022-10-15 14:24:28.354'),
	 (2400,'Игнатий','Тихонов','+79642032033','2022-12-13 21:15:23.427'),
	 (2432,'Александр','Волков','+79663425485','2022-11-29 16:05:10.484'),
	 (2613,'Валентина','Мухина','+79687998220','2023-01-24 22:15:25.821'),
	 (2741,'Арсений','Пестов','+79687522998','2022-09-20 13:38:02.301'),
	 (2789,'Альберт','Федотов','+79536148542','2022-12-16 03:56:19.112'),
	 (2906,'Ефим','Соколов','+79686309445','2022-11-28 05:00:27.872'),
	 (2938,'Эмилия','Тимофеева','+79088571540','2022-10-30 08:36:40.757'),
	 (3002,'Лариса','Калашникова','+79527456866','2022-10-29 11:20:56.58'),
	 (3066,'Пётр','Фёдоров','+79027911300','2022-10-03 12:47:12.422');
INSERT INTO tinkoff_game.client (client_rk,first_name,last_name,phone_num,visit_dttm) VALUES
	 (3127,'Марина','Воронцова','+79689484586','2023-01-01 03:14:01.678'),
	 (3207,'Инесса','Сысоева','+79507965960','2022-10-15 04:20:53.073'),
	 (3340,'Родион','Афанасьев','+79659736300','2022-09-24 07:51:48.392'),
	 (3356,'Кристина','Иванова','+79664388890','2022-10-01 23:02:29.303'),
	 (3404,'Евгения','Голубева','+79009200205','2022-10-02 13:45:42.209'),
	 (3580,'Дина','Мухина','+79632734923','2022-11-12 04:47:32.221'),
	 (3617,'Рафаил','Галкин','+79023379817','2022-12-29 16:13:15.658'),
	 (3633,'Евгений','Рыбаков','+79681897888','2022-12-17 17:55:47.465'),
	 (3697,'Людмила','Богданова','+79041019290','2022-10-31 03:53:10.903'),
	 (3713,'Зинаида','Захарова','+79509929373','2023-01-21 06:42:54.476');
INSERT INTO tinkoff_game.client (client_rk,first_name,last_name,phone_num,visit_dttm) VALUES
	 (3761,'Макар','Веселов','+79641857565','2022-09-03 02:35:12.753'),
	 (3777,'Дарья','Субботина','+79641873113','2022-11-20 17:56:15.677'),
	 (3846,'Зоя','Борисова','+79686894438','2022-12-30 08:11:59.07'),
	 (3942,'Добрыня','Шашков','+79009510518','2022-10-18 20:58:05.159'),
	 (3974,'Анфиса','Исаева','+79084649977','2023-01-26 08:31:13.42'),
	 (51,'Валерий','Яковлев','+79516814522','2022-10-16 10:33:29.619'),
	 (67,'Милан','Стрелков','+79044841298','2023-01-20 06:05:23.709'),
	 (83,'Гарри','Субботин','+79085144154','2022-11-24 18:58:50.351'),
	 (99,'Егор','Костин','+79682386863','2022-10-14 11:42:11.673'),
	 (115,'Нонна','Петухова','+79525142679','2022-12-21 10:46:11.443');
INSERT INTO tinkoff_game.client (client_rk,first_name,last_name,phone_num,visit_dttm) VALUES
	 (131,'Инна','Орлова','+79513663832','2022-10-19 16:29:43.024'),
	 (163,'Платон','Чернов','+79527253414','2022-12-03 07:57:11.298'),
	 (179,'Дарья','Ширяева','+79673723314','2022-12-21 16:10:27.111'),
	 (195,'Евгения','Константинова','+79023160705','2022-10-16 15:04:52.303'),
	 (211,'Юлий','Фадеев','+79648796311','2022-10-08 17:03:39.742'),
	 (264,'Майя','Власова','+79662593284','2022-10-29 07:51:03.296'),
	 (280,'Евгения','Капустина','+79526285327','2022-09-01 04:37:15.524'),
	 (296,'Рената','Лебедева','+79659414355','2022-12-26 14:05:40.025'),
	 (312,'Анфиса','Кудряшова','+79534980465','2022-09-19 22:14:15.39'),
	 (328,'Флорентина','Мартынова','+79669358136','2023-01-27 06:22:41.442');
INSERT INTO tinkoff_game.client (client_rk,first_name,last_name,phone_num,visit_dttm) VALUES
	 (344,'Даниил','Дроздов','+79537168483','2022-11-04 05:29:27.467'),
	 (360,'Фаина','Брагина','+79667896348','2022-10-24 08:01:34.473'),
	 (376,'Максим','Симонов','+79009726808','2023-01-15 01:00:46.453'),
	 (392,'Филипп','Цветков','+79023726759','2022-11-08 09:55:46.173'),
	 (408,'Диана','Шубина','+79086824108','2022-11-12 10:31:24.069'),
	 (424,'Эрик','Харитонов','+79513661403','2022-12-12 03:44:50.289'),
	 (440,'Аполлон','Орлов','+79531413252','2023-01-19 06:58:24.42'),
	 (472,'Анна','Гурьева','+79689093891','2022-10-06 01:46:05.657'),
	 (488,'Валериан','Архипов','+79513162224','2022-10-20 18:32:35.801'),
	 (504,'Мария','Юдина','+79098982260','2022-09-24 10:46:35.336');
INSERT INTO tinkoff_game.client (client_rk,first_name,last_name,phone_num,visit_dttm) VALUES
	 (525,'Нонна','Некрасова','+79522991097','2022-11-22 04:56:20.334'),
	 (573,'Юлия','Зимина','+79002661857','2022-09-09 14:23:17.21'),
	 (589,'Яков','Дроздов','+79088948171','2022-10-26 20:25:52.446'),
	 (605,'Марат','Осипов','+79649733997','2022-11-25 06:26:11.389'),
	 (621,'Добрыня','Казаков','+79522153894','2023-01-21 00:29:01.826'),
	 (701,'Вероника','Рябова','+79523896935','2023-02-02 01:52:41.541'),
	 (717,'Розалина','Большакова','+79663547497','2022-12-15 09:52:14.822'),
	 (733,'Тамара','Кулагина','+79639600684','2022-11-05 14:09:36.031'),
	 (749,'Фёдор','Гордеев','+79093674293','2022-10-11 02:24:50.967'),
	 (765,'Капитолина','Данилова','+79083774625','2023-01-06 12:43:05.266');
INSERT INTO tinkoff_game.client (client_rk,first_name,last_name,phone_num,visit_dttm) VALUES
	 (786,'Нелли','Казакова','+79637132059','2022-09-12 20:58:38.341'),
	 (802,'Анжелика','Антонова','+79652304432','2022-10-11 17:41:54.314'),
	 (850,'Анастасия','Воронова','+79094242153','2023-01-17 23:28:57.992'),
	 (866,'Антонин','Васильев','+79002745087','2022-09-09 09:24:04.668'),
	 (882,'Олеся','Кононова','+79632607486','2022-12-28 14:02:26.068'),
	 (898,'Витольд','Анисимов','+79677139031','2023-01-22 10:09:24.95'),
	 (914,'Ольга','Дмитриева','+79653590459','2022-09-01 14:00:14.954'),
	 (930,'Аким','Чернов','+79513852495','2022-12-25 22:52:03.07'),
	 (946,'Никита','Богданов','+79644647533','2023-01-24 20:53:50.995'),
	 (1010,'Тит','Михеев','+79047234122','2022-11-24 14:14:45.769');
INSERT INTO tinkoff_game.client (client_rk,first_name,last_name,phone_num,visit_dttm) VALUES
	 (1055,'Рената','Кудряшова','+79679927536','2023-01-29 11:00:23.377'),
	 (1103,'Лариса','Большакова','+79089083502','2022-12-11 15:28:38.905'),
	 (1119,'Елена','Воробьёва','+79093023075','2023-01-22 00:53:48.025'),
	 (1135,'Алёна','Зуева','+79689420900','2022-09-19 18:44:20.513'),
	 (1151,'Руслан','Самсонов','+79096855629','2022-09-23 01:28:20.521'),
	 (1183,'Клавдия','Маркова','+79678071678','2022-11-21 09:05:41.866'),
	 (1215,'Юлий','Маслов','+79663695396','2022-09-08 13:53:39.345'),
	 (1231,'Адам','Борисов','+79644688710','2022-09-16 06:29:24.273'),
	 (1247,'София','Кулагина','+79005172981','2023-01-07 01:37:17.616'),
	 (1263,'Иннокентий','Гришин','+79525845642','2022-12-09 18:08:42.759');
INSERT INTO tinkoff_game.client (client_rk,first_name,last_name,phone_num,visit_dttm) VALUES
	 (1279,'Ростислав','Лебедев','+79671261602','2022-09-07 13:20:39.166'),
	 (1284,'Владлен','Моисеев','+79515501224','2022-12-23 09:33:19.515'),
	 (1300,'Рафаил','Григорьев','+79088140315','2023-01-08 17:50:38.48'),
	 (1316,'Капитолина','Кудряшова','+79093136563','2022-10-11 08:18:37.987'),
	 (1332,'Жанна','Кириллова','+79648118390','2022-09-29 16:44:55.595'),
	 (1348,'Ксения','Матвеева','+79674694490','2022-10-10 04:11:19.036'),
	 (1364,'Вениамин','Дмитриев','+79687001371','2022-10-26 21:19:12.884'),
	 (1396,'Таисия','Сергеева','+79533007489','2022-10-25 14:52:50.796'),
	 (1412,'Игорь','Панов','+79633686119','2022-10-07 08:20:48.17'),
	 (1428,'Витольд','Маслов','+79687890393','2022-10-10 01:26:14.482');
INSERT INTO tinkoff_game.client (client_rk,first_name,last_name,phone_num,visit_dttm) VALUES
	 (1444,'Елизавета','Кудрявцева','+79504647427','2022-09-18 23:32:01.295'),
	 (1460,'Витольд','Чернов','+79518617846','2022-12-16 07:59:33.023'),
	 (1476,'Ника','Новикова','+79083820647','2022-09-21 19:44:15.45'),
	 (1492,'Клавдия','Колесникова','+79095044372','2022-10-04 07:04:42.453'),
	 (1508,'Мальвина','Антонова','+79671573846','2022-09-09 02:50:22.002'),
	 (16,'Мальвина','Ширяева','+79644269012','2023-02-01 03:22:06.635'),
	 (80,'Дан','Чернов','+79678859364','2022-11-23 19:27:02.644'),
	 (96,'Вениамин','Шаров','+79633834041','2022-10-08 05:18:55.902'),
	 (144,'Валерия','Кошелева','+79661419813','2023-01-08 17:15:49.079'),
	 (267,'Ирина','Хохлова','+79024071127','2022-11-16 17:26:44.455');
INSERT INTO tinkoff_game.client (client_rk,first_name,last_name,phone_num,visit_dttm) VALUES
	 (347,'Стефан','Сергеев','+79645156627','2022-11-10 14:27:52.6'),
	 (411,'Мальвина','Дементьева','+79659973168','2023-01-09 00:51:28.352'),
	 (491,'Вадим','Фомичёв','+79676888190','2022-09-26 09:08:06.681'),
	 (554,'Злата','Лобанова','+79046920067','2022-10-12 01:46:17.361'),
	 (586,'Лев','Савельев','+79674533430','2022-10-16 08:02:23.204'),
	 (602,'Август','Селезнёв','+79513256317','2023-01-26 01:00:47.605'),
	 (805,'Виктор','Гришин','+79519251702','2022-11-30 11:58:31.948'),
	 (837,'Яна','Романова','+79514197379','2023-01-06 03:06:46.422'),
	 (853,'Людмила','Гаврилова','+79096456620','2022-09-14 16:38:47.801'),
	 (901,'Инна','Рожкова','+79511263705','2023-01-25 14:42:59.606');
INSERT INTO tinkoff_game.client (client_rk,first_name,last_name,phone_num,visit_dttm) VALUES
	 (965,'Степан','Харитонов','+79084891554','2022-11-03 21:56:37.584'),
	 (997,'Филипп','Калинин','+79671340226','2023-01-01 19:54:03.285'),
	 (1132,'Дмитрий','Лаврентьев','+79641637270','2022-09-15 09:00:13.191'),
	 (1180,'Анна','Попова','+79634898843','2022-10-23 18:35:58.141'),
	 (1287,'Юлий','Вишняков','+79667170410','2023-01-12 13:32:09.144'),
	 (1335,'Нонна','Колесникова','+79644786497','2022-11-27 11:20:11.806'),
	 (1351,'Владислав','Туров','+79501846552','2022-10-14 21:42:48.766'),
	 (1415,'Рафаил','Шилов','+79529660514','2023-01-28 10:58:58.958'),
	 (1527,'Розалина','Абрамова','+79683072097','2022-11-22 19:27:44.386'),
	 (1558,'Искра','Белоусова','+79508625371','2023-01-25 20:11:16.896');
INSERT INTO tinkoff_game.client (client_rk,first_name,last_name,phone_num,visit_dttm) VALUES
	 (1606,'Лада','Прохорова','+79653644417','2022-09-05 05:22:45.209'),
	 (1654,'Изольда','Шарова','+79636624363','2022-12-10 22:26:44.722'),
	 (1702,'Жанна','Степанова','+79669106709','2023-01-03 11:08:06.566'),
	 (1766,'Жанна','Симонова','+79528737967','2022-11-22 02:20:11.714'),
	 (1809,'Оксана','Кулагина','+79049948003','2022-10-27 17:43:17.746'),
	 (1825,'Давид','Шаров','+79535164497','2023-01-10 20:41:39.081'),
	 (1937,'Василиса','Мельникова','+79096366006','2023-01-29 00:45:57.606'),
	 (1953,'Зинаида','Суворова','+79093386082','2023-01-30 19:34:08.712'),
	 (2056,'Антонин','Виноградов','+79084493414','2023-01-06 16:01:46.505'),
	 (2072,'Елена','Турова','+79511208368','2022-12-22 00:50:06.511');
INSERT INTO tinkoff_game.client (client_rk,first_name,last_name,phone_num,visit_dttm) VALUES
	 (2136,'Виталий','Гуляев','+79528054627','2022-09-04 03:11:10.235'),
	 (2216,'Валентина','Силина','+79682889867','2023-01-10 13:03:54.168'),
	 (2232,'Рената','Игнатьева','+79688658547','2022-10-27 08:16:24.743'),
	 (2323,'Елена','Никифорова','+79005850723','2022-10-18 16:18:34.505'),
	 (2371,'Нелли','Капустина','+79641012120','2022-12-18 12:33:37.977'),
	 (2419,'Герман','Красильников','+79088309440','2022-12-24 09:20:06.892'),
	 (2467,'Тимофей','Трофимов','+79634501333','2022-09-19 11:23:33.841'),
	 (2562,'Никодим','Антонов','+79026332527','2022-10-22 11:41:07.154'),
	 (2642,'Василий','Анисимов','+79082381044','2023-01-07 15:42:25.461'),
	 (2674,'Кристина','Орлова','+79097234465','2022-10-30 17:19:55.558');
INSERT INTO tinkoff_game.client (client_rk,first_name,last_name,phone_num,visit_dttm) VALUES
	 (2786,'Кузьма','Александров','+79005612849','2022-10-11 10:51:41.313'),
	 (2829,'Даниил','Зимин','+79649937430','2022-09-26 07:28:13.799'),
	 (2845,'Диана','Егорова','+79645004393','2023-01-10 02:08:47.311'),
	 (2925,'Анфиса','Фролова','+79092324260','2022-11-01 10:03:46.759'),
	 (3076,'Лариса','Гущина','+79022833587','2023-01-16 04:42:47.427'),
	 (3108,'Альбина','Авдеева','+79094611329','2023-01-29 18:00:17.138'),
	 (3124,'Надежда','Гущина','+79513027418','2023-02-02 00:43:47.412'),
	 (3140,'Анжелика','Кудряшова','+79508894134','2022-12-14 23:15:57.094'),
	 (3156,'Варвара','Кулакова','+79652839592','2023-01-07 01:18:08.772'),
	 (3204,'Гавриил','Лобанов','+79669806412','2023-01-13 06:15:12.525');
INSERT INTO tinkoff_game.client (client_rk,first_name,last_name,phone_num,visit_dttm) VALUES
	 (3343,'Надежда','Фокина','+79668302730','2022-12-01 02:34:16.171'),
	 (3503,'Нестор','Зимин','+79656204040','2023-01-01 06:28:57.882'),
	 (3535,'Алла','Мамонтова','+79663003740','2022-09-03 16:40:57.507'),
	 (3598,'Валентина','Зуева','+79651871777','2022-11-15 18:56:30.38'),
	 (3630,'Прохор','Харитонов','+79517121391','2022-10-07 12:14:37.106'),
	 (3726,'Иосиф','Тетерин','+79511496158','2022-09-14 20:09:14.32'),
	 (3806,'Диана','Гурьева','+79668002527','2022-09-13 14:30:02.465'),
	 (3838,'Гарри','Мишин','+79088271628','2022-10-13 16:03:29.73'),
	 (3929,'Тимур','Шашков','+79099844732','2022-12-16 17:27:30.804'),
	 (3993,'Клавдия','Зайцева','+79085418909','2023-01-25 21:14:17.35');
INSERT INTO tinkoff_game.client (client_rk,first_name,last_name,phone_num,visit_dttm) VALUES
	 (4025,'Алла','Носова','+79663366806','2022-12-03 14:52:22.744'),
	 (4041,'Ефим','Рожков','+79043165324','2023-01-11 15:15:59.366'),
	 (128,'Раиса','Мясникова','+79532221970','2022-12-06 06:36:36.164'),
	 (160,'Захар','Цветков','+79005113601','2022-11-27 18:45:28.371'),
	 (176,'Нина','Игнатьева','+79684658316','2022-10-23 01:27:23.503'),
	 (192,'Оксана','Федосеева','+79644703417','2022-09-09 22:27:54.421'),
	 (208,'Михаил','Воробьёв','+79648689168','2022-09-06 20:45:41.252'),
	 (224,'Альбина','Герасимова','+79661021936','2022-09-30 23:45:07.963'),
	 (240,'Розалина','Михеева','+79516701109','2022-11-19 13:41:48.638'),
	 (283,'Флорентина','Щербакова','+79007140582','2022-10-26 16:59:02.251');
INSERT INTO tinkoff_game.client (client_rk,first_name,last_name,phone_num,visit_dttm) VALUES
	 (299,'Викентий','Воронов','+79522444189','2022-11-26 10:32:16.225'),
	 (315,'Дина','Давыдова','+79043576974','2022-12-06 13:05:02.294'),
	 (331,'Андрей','Крылов','+79667934816','2022-09-11 12:55:02.712'),
	 (363,'Марина','Тихонова','+79095559836','2022-10-09 23:56:01.37'),
	 (379,'Захар','Ситников','+79045201187','2022-12-03 18:33:48.705'),
	 (395,'Герман','Петров','+79024542892','2022-11-20 21:31:43.379'),
	 (427,'Марк','Лукин','+79639103278','2022-10-20 19:31:10.594'),
	 (443,'Кристина','Ларионова','+79502180872','2022-12-07 15:02:04.229'),
	 (459,'Альбина','Третьякова','+79024687735','2023-01-28 15:25:45.967'),
	 (475,'Всеволод','Белозёров','+79682935737','2022-11-25 03:32:50.953');
INSERT INTO tinkoff_game.client (client_rk,first_name,last_name,phone_num,visit_dttm) VALUES
	 (507,'Лада','Гаврилова','+79513317119','2022-12-15 20:56:58.22'),
	 (522,'Игнатий','Дмитриев','+79501760768','2023-01-09 06:01:14.592'),
	 (538,'Эмма','Журавлёва','+79006698818','2022-10-29 06:22:29.869'),
	 (570,'Лев','Филатов','+79632881913','2022-11-09 15:25:01.865'),
	 (618,'Филипп','Муравьёв','+79094273943','2023-01-24 13:15:14.508'),
	 (634,'Алексей','Дьячков','+79098003540','2023-01-01 08:01:56.834'),
	 (650,'Клавдия','Некрасова','+79656557326','2022-11-29 17:58:00.437'),
	 (666,'Кузьма','Осипов','+79023946006','2022-12-27 20:36:09.627'),
	 (682,'Алиса','Панова','+79663170653','2023-01-22 15:24:18.513'),
	 (698,'Всеволод','Евсеев','+79098695301','2022-11-04 15:04:35.114');
INSERT INTO tinkoff_game.client (client_rk,first_name,last_name,phone_num,visit_dttm) VALUES
	 (714,'София','Яковлева','+79645375678','2022-12-02 19:46:09.22'),
	 (730,'Людмила','Антонова','+79645886410','2022-10-08 05:36:00.141'),
	 (746,'Игорь','Меркушев','+79502369400','2022-10-31 22:42:22.004'),
	 (762,'Ростислав','Терентьев','+79688679178','2022-10-09 20:21:09.053'),
	 (773,'Зинаида','Князева','+79641395270','2022-10-01 15:15:35.073'),
	 (789,'Ирина','Филатова','+79027866408','2023-01-08 11:38:50.181'),
	 (821,'Игорь','Моисеев','+79535862223','2022-11-15 02:56:47.412'),
	 (869,'Руслан','Емельянов','+79515755210','2022-12-14 12:30:23.308'),
	 (885,'Зинаида','Александрова','+79664942145','2022-12-07 13:07:22.44'),
	 (917,'Федосья','Морозова','+79091814168','2022-10-29 10:59:03.37');
INSERT INTO tinkoff_game.client (client_rk,first_name,last_name,phone_num,visit_dttm) VALUES
	 (933,'Яков','Меркушев','+79679195381','2023-01-12 04:05:09.603'),
	 (949,'Трофим','Тетерин','+79663586507','2022-10-13 01:00:52.65'),
	 (981,'Юлий','Семёнов','+79683618112','2023-01-13 19:19:13.498'),
	 (1013,'Викентий','Савельев','+79519793763','2022-12-23 16:07:23.056'),
	 (1036,'Регина','Медведева','+79644075751','2022-11-27 03:09:19.297'),
	 (1052,'Искра','Морозова','+79664576006','2022-11-29 09:38:10.452'),
	 (1068,'Таисия','Александрова','+79665290432','2022-12-21 18:33:33.592'),
	 (1084,'Владлена','Королёва','+79081729964','2022-09-13 00:39:56.991'),
	 (1100,'Всеволод','Ковалёв','+79081187516','2022-11-23 15:57:46.288'),
	 (1116,'Ефим','Фомин','+79669700786','2022-11-24 10:13:14.68');
INSERT INTO tinkoff_game.client (client_rk,first_name,last_name,phone_num,visit_dttm) VALUES
	 (1148,'Платон','Кулагин','+79533746881','2022-09-01 16:13:46.244'),
	 (1164,'Марта','Князева','+79025571438','2022-11-06 12:26:45.017'),
	 (1196,'Кузьма','Мамонтов','+79636361562','2022-10-18 01:19:11.655'),
	 (1212,'Инесса','Воробьёва','+79644663899','2022-11-03 22:51:56.172'),
	 (1228,'Август','Куликов','+79653749233','2022-11-24 12:23:17.775'),
	 (1244,'Макар','Морозов','+79656576639','2022-12-28 22:54:56.115'),
	 (1260,'Аким','Матвеев','+79675219128','2022-09-02 23:47:31.784'),
	 (1276,'Олег','Симонов','+79091453039','2022-10-04 11:52:57.745'),
	 (1303,'Марат','Симонов','+79663548770','2022-12-12 22:59:27.354'),
	 (1319,'Милан','Гаврилов','+79637439758','2023-01-15 12:40:03.211');
INSERT INTO tinkoff_game.client (client_rk,first_name,last_name,phone_num,visit_dttm) VALUES
	 (1367,'Владлена','Казакова','+79519160796','2022-12-08 03:12:28.63'),
	 (1383,'Ника','Рогова','+79538215229','2022-11-20 05:56:36.201'),
	 (1399,'Андрей','Антонов','+79049680619','2022-11-17 08:42:52.906'),
	 (1431,'Виктория','Лукина','+79655981355','2022-10-07 15:46:30.355'),
	 (1447,'София','Николаева','+79648211368','2022-11-09 03:17:59.642'),
	 (1463,'Таисия','Ильина','+79025428444','2022-10-23 05:52:51.596'),
	 (1479,'Григорий','Филатов','+79003626167','2023-01-29 03:11:19.808'),
	 (61,'Матвей','Панов','+79642786825','2022-12-07 17:54:43.512'),
	 (77,'Альбина','Бирюкова','+79532258233','2022-12-18 07:46:14.432'),
	 (141,'Регина','Зыкова','+79048038335','2022-11-30 22:16:10.913');
INSERT INTO tinkoff_game.client (client_rk,first_name,last_name,phone_num,visit_dttm) VALUES
	 (205,'Адам','Гордеев','+79675592501','2022-11-02 10:44:36.049'),
	 (258,'Ефим','Гришин','+79009332481','2022-10-09 15:31:36.355'),
	 (290,'Дмитрий','Доронин','+79047265407','2022-10-02 04:52:01.486'),
	 (402,'Святослав','Тихонов','+79638092781','2022-09-06 03:49:06.021'),
	 (418,'Оксана','Семёнова','+79634691912','2022-12-19 13:39:26.805'),
	 (482,'Алина','Красильникова','+79502150008','2022-11-11 15:39:01.156'),
	 (515,'Людмила','Жукова','+79674546921','2023-01-20 23:13:29.672'),
	 (627,'Жанна','Федотова','+79007410593','2022-12-30 08:27:44.98'),
	 (691,'Кристина','Назарова','+79088090076','2022-11-18 12:33:05.575'),
	 (707,'Евгения','Осипова','+79001169799','2022-11-10 15:36:51.501');
INSERT INTO tinkoff_game.client (client_rk,first_name,last_name,phone_num,visit_dttm) VALUES
	 (808,'Рафаил','Ковалёв','+79655484027','2022-12-12 17:21:30.197'),
	 (920,'Маргарита','Тетерина','+79047411520','2022-10-22 12:45:43.107'),
	 (1016,'Виктория','Сорокина','+79047732325','2022-09-15 15:44:45.207'),
	 (1033,'Гарри','Фёдоров','+79666761776','2022-10-10 02:04:28.311'),
	 (1049,'Жанна','Панова','+79673025144','2022-10-27 05:32:05.872'),
	 (1129,'Кристина','Шарова','+79631856637','2022-10-22 11:50:48.572'),
	 (1342,'Захар','Борисов','+79634717188','2022-12-28 01:19:17.014'),
	 (1374,'Ника','Селиверстова','+79681547037','2022-12-24 22:59:53.153'),
	 (1502,'Влад','Яковлев','+79522136943','2022-11-25 02:35:36.719'),
	 (1567,'Мария','Русакова','+79664689794','2022-12-06 21:44:06.551');
INSERT INTO tinkoff_game.client (client_rk,first_name,last_name,phone_num,visit_dttm) VALUES
	 (1615,'Эдуард','Бобылёв','+79518243288','2022-10-06 07:15:03.09'),
	 (1631,'Спартак','Шилов','+79081984198','2022-12-28 21:59:00.829'),
	 (1743,'Надежда','Агафонова','+79024094221','2022-12-07 01:54:20.717'),
	 (1812,'Ольга','Хохлова','+79094059792','2022-10-06 22:38:16.97'),
	 (1924,'Аким','Алексеев','+79501985906','2022-12-06 09:36:27.649'),
	 (2053,'Валентина','Афанасьева','+79081810931','2022-09-22 04:57:15.545'),
	 (2085,'Витольд','Гаврилов','+79029047774','2022-10-14 07:21:54.863'),
	 (2101,'Аркадий','Комиссаров','+79664422725','2022-11-04 10:52:37.979'),
	 (2261,'Милан','Нестеров','+79519168515','2022-10-12 15:37:07.792'),
	 (2378,'Зоя','Моисеева','+79632240280','2022-09-01 04:50:51.041');
INSERT INTO tinkoff_game.client (client_rk,first_name,last_name,phone_num,visit_dttm) VALUES
	 (2538,'Иван','Филиппов','+79097847958','2022-10-24 18:48:01.494'),
	 (2571,'Валерий','Прохоров','+79086318334','2023-01-21 06:12:10.7'),
	 (2603,'Валерий','Мухин','+79636919711','2022-10-22 22:15:54.763'),
	 (2635,'Август','Белоусов','+79525577774','2022-10-15 19:37:54.394'),
	 (2651,'Юлия','Титова','+79095762389','2023-01-12 13:45:14.412'),
	 (2667,'Марат','Фролов','+79524121627','2022-11-09 15:18:10.742'),
	 (2715,'Владлена','Рябова','+79026958409','2023-01-06 15:41:45.405'),
	 (2747,'Игорь','Васильев','+79662282408','2022-12-14 17:37:33.591'),
	 (2795,'Владлен','Фокин','+79083107267','2023-01-13 01:04:22.337'),
	 (2816,'Эрик','Константинов','+79632127406','2022-11-12 03:04:37.013');
INSERT INTO tinkoff_game.client (client_rk,first_name,last_name,phone_num,visit_dttm) VALUES
	 (2912,'Елизавета','Авдеева','+79046899508','2022-10-08 21:18:29.39'),
	 (2976,'София','Куликова','+79021135383','2022-10-09 12:23:32.525'),
	 (3040,'Игнат','Борисов','+79507436337','2022-12-14 16:57:43.565'),
	 (3073,'Галина','Бобылёва','+79042368190','2022-10-03 02:20:39.141'),
	 (3105,'Розалина','Гусева','+79645099469','2022-10-24 20:29:44.625'),
	 (3137,'Роман','Устинов','+79675170167','2022-10-22 22:05:03.344'),
	 (3233,'Павел','Овчинников','+79648502252','2022-09-24 13:23:41.318'),
	 (3478,'Борис','Фомин','+79025354184','2022-10-19 20:40:12.605'),
	 (3558,'Борис','Соловьёв','+79631306324','2022-09-09 20:09:42.475'),
	 (3735,'Раиса','Меркушева','+79504499272','2022-11-26 09:42:29.484');
INSERT INTO tinkoff_game.client (client_rk,first_name,last_name,phone_num,visit_dttm) VALUES
	 (3884,'Инна','Мельникова','+79512489394','2022-09-11 11:58:18.41'),
	 (3948,'Гордей','Туров','+79086931988','2022-09-25 02:54:00.189'),
	 (3964,'Ростислав','Рябов','+79631023507','2022-11-10 10:32:08.209'),
	 (3996,'Тамара','Филиппова','+79086610143','2022-11-29 23:12:38.628'),
	 (4044,'Милан','Носов','+79504633505','2022-09-12 04:09:41.49'),
	 (109,'Елена','Зуева','+79527869757','2022-12-23 11:14:24.548'),
	 (125,'Лаврентий','Николаев','+79001752728','2023-01-19 17:56:07.463'),
	 (157,'Вероника','Захарова','+79634072836','2022-12-04 13:14:15.979'),
	 (173,'Кирилл','Воробьёв','+79656873856','2022-09-20 02:39:22.292'),
	 (189,'Константин','Зиновьев','+79643257501','2022-12-20 18:16:42.699');
INSERT INTO tinkoff_game.client (client_rk,first_name,last_name,phone_num,visit_dttm) VALUES
	 (221,'Регина','Суханова','+79638717974','2022-11-10 04:35:45.101'),
	 (237,'Донат','Кошелев','+79095504500','2023-01-24 11:13:06.663'),
	 (253,'Игорь','Хохлов','+79656625261','2022-10-20 18:44:57.153'),
	 (274,'Злата','Прохорова','+79081503777','2022-12-21 10:32:12.177'),
	 (306,'Елизавета','Ермакова','+79042457344','2023-01-08 15:46:54.351'),
	 (322,'Макар','Семёнов','+79665008174','2022-11-14 09:00:44.754'),
	 (338,'Лаврентий','Соколов','+79521960351','2022-11-29 13:48:50.634'),
	 (354,'Артём','Хохлов','+79096137979','2022-09-09 16:39:25.907'),
	 (370,'Игнат','Трофимов','+79097209779','2022-10-31 10:04:05.409'),
	 (386,'Марат','Орлов','+79029060444','2022-10-02 18:13:06.45');
INSERT INTO tinkoff_game.client (client_rk,first_name,last_name,phone_num,visit_dttm) VALUES
	 (434,'Антонина','Сергеева','+79098076473','2023-01-01 22:38:25.706'),
	 (450,'Виктор','Жданов','+79683893944','2023-01-02 23:16:17.911'),
	 (466,'Раиса','Крылова','+79685416216','2022-09-12 12:08:41.513'),
	 (498,'Лилия','Воронцова','+79686471241','2023-01-23 05:44:35.916'),
	 (531,'Оксана','Лаврентьева','+79517700890','2022-11-09 10:32:10.781'),
	 (547,'Платон','Тарасов','+79081683142','2022-12-04 04:50:55.525'),
	 (563,'Тит','Киселёв','+79673144437','2022-12-06 08:32:10.47'),
	 (579,'Николай','Герасимов','+79666034184','2022-09-23 08:38:02.261'),
	 (595,'Валериан','Кузьмин','+79089691259','2022-11-14 20:07:31.333'),
	 (611,'Ростислав','Тихонов','+79084360200','2022-09-11 02:51:56.068');
INSERT INTO tinkoff_game.client (client_rk,first_name,last_name,phone_num,visit_dttm) VALUES
	 (643,'Елизавета','Комиссарова','+79021186646','2022-09-11 04:07:06.58'),
	 (659,'Валентина','Воробьёва','+79632369554','2022-12-09 10:21:34.124'),
	 (675,'Филипп','Петров','+79643537155','2022-11-04 04:57:03.571'),
	 (723,'Борис','Наумов','+79641631063','2022-11-04 01:55:55.982'),
	 (739,'Надежда','Щербакова','+79523996605','2022-09-25 10:14:51.347'),
	 (755,'Анатолий','Гуляев','+79041690564','2023-01-15 18:07:45.884'),
	 (776,'Василий','Зимин','+79024873453','2022-10-04 02:07:24.089'),
	 (792,'Родион','Рожков','+79526133622','2022-09-14 03:10:26.324'),
	 (824,'Ева','Белова','+79046054916','2022-11-13 00:06:37.116'),
	 (840,'Зинаида','Суворова','+79099065955','2022-12-21 04:47:59.703');
INSERT INTO tinkoff_game.client (client_rk,first_name,last_name,phone_num,visit_dttm) VALUES
	 (856,'Вера','Юдина','+79642584922','2022-12-07 09:43:18.505'),
	 (872,'Яков','Громов','+79686757137','2022-11-26 14:51:26.231'),
	 (888,'Мальвина','Петрова','+79664638550','2022-11-19 23:19:36.703'),
	 (904,'Анжелика','Алексеева','+79096443306','2022-11-18 06:20:50.02'),
	 (936,'Василиса','Авдеева','+79095450729','2022-09-28 23:39:27.089'),
	 (952,'Данила','Быков','+79647463609','2022-12-06 11:09:18.453'),
	 (968,'Виктор','Костин','+79641284381','2023-01-26 14:41:11.45'),
	 (984,'Анфиса','Кабанова','+79675163468','2022-11-17 07:15:42.251'),
	 (1000,'Клавдия','Герасимова','+79635628927','2023-01-09 17:36:06.016'),
	 (1065,'Родион','Фадеев','+79533372766','2022-10-13 21:43:45.13');
INSERT INTO tinkoff_game.client (client_rk,first_name,last_name,phone_num,visit_dttm) VALUES
	 (1081,'Август','Лихачёв','+79083668965','2022-12-12 04:01:03.356'),
	 (1097,'Инесса','Королёва','+79632085112','2022-10-04 06:53:28.468'),
	 (1113,'Марк','Морозов','+79515320973','2023-01-04 05:16:32.305'),
	 (1145,'Виталий','Крылов','+79515080850','2022-12-13 04:49:04.686'),
	 (1161,'Ольга','Трофимова','+79647508496','2022-11-01 11:38:04.009'),
	 (1177,'Владимир','Попов','+79081734618','2022-09-07 14:14:23.08'),
	 (1193,'Капитолина','Моисеева','+79502040571','2022-10-28 23:30:11.438'),
	 (1209,'Варвара','Нестерова','+79096670254','2023-01-19 23:16:37.135'),
	 (1225,'Юлий','Титов','+79525611974','2022-11-27 22:48:59.927'),
	 (1241,'Ксения','Потапова','+79521983331','2022-09-23 01:41:40.288');
INSERT INTO tinkoff_game.client (client_rk,first_name,last_name,phone_num,visit_dttm) VALUES
	 (1257,'Раиса','Тимофеева','+79674490076','2022-10-25 09:14:51.215'),
	 (1273,'Доминика','Селезнёва','+79083971987','2022-12-31 04:55:43.342'),
	 (1294,'Ульяна','Кудрявцева','+79526248066','2022-12-23 07:36:59.099'),
	 (1310,'Анатолий','Ефимов','+79683181999','2022-12-26 07:58:28.56'),
	 (1326,'Михаил','Марков','+79653030807','2022-12-01 16:17:35.12'),
	 (1358,'Радислав','Носков','+79648443573','2022-09-11 03:37:35.419'),
	 (1390,'Людмила','Ширяева','+79643753904','2023-02-02 02:08:28.616'),
	 (1406,'Илларион','Агафонов','+79503457649','2022-12-05 00:18:04.271'),
	 (1422,'Алина','Третьякова','+79047669404','2022-10-18 18:06:48.715'),
	 (1438,'Олеся','Юдина','+79021445728','2022-11-13 16:14:05.291');
INSERT INTO tinkoff_game.client (client_rk,first_name,last_name,phone_num,visit_dttm) VALUES
	 (1454,'Болеслав','Игнатов','+79534685091','2022-12-29 04:58:28.469'),
	 (1470,'Игорь','Маслов','+79518854227','2023-01-25 01:02:25.946'),
	 (1486,'Валерия','Авдеева','+79043984488','2022-09-21 13:31:40.088'),
	 (1518,'Мирослав','Сысоев','+79644139329','2022-11-24 07:14:21.641'),
	 (1534,'Розалина','Хохлова','+79637999174','2022-10-20 21:24:03.918'),
	 (1551,'Вячеслав','Андреев','+79677737111','2022-10-04 01:50:25.972'),
	 (1583,'Адам','Савин','+79664379381','2022-09-02 00:20:48.005'),
	 (1599,'Нонна','Чернова','+79041143347','2022-12-24 14:30:25.406'),
	 (90,'Милан','Стрелков','+79527415830','2022-11-21 09:00:38.409'),
	 (122,'Гордей','Лобанов','+79631548900','2022-12-15 20:59:17.238');
INSERT INTO tinkoff_game.client (client_rk,first_name,last_name,phone_num,visit_dttm) VALUES
	 (218,'Фаина','Борисова','+79041566421','2023-01-10 18:49:48.131'),
	 (325,'Лилия','Ширяева','+79506287376','2022-12-30 14:55:26.388'),
	 (389,'Эльвира','Кононова','+79655365242','2022-10-24 18:42:01.629'),
	 (421,'Вениамин','Кошелев','+79641271966','2022-09-26 21:49:23.354'),
	 (453,'Яна','Большакова','+79026937180','2022-12-24 08:57:56.161'),
	 (512,'Светлана','Баранова','+79005440757','2023-01-04 00:20:16.055'),
	 (544,'Мальвина','Миронова','+79661183934','2023-01-02 15:50:32.02'),
	 (811,'Влад','Овчинников','+79514903991','2022-10-14 17:08:13.061'),
	 (843,'Мирослав','Дроздов','+79087787601','2022-12-17 00:40:59.804'),
	 (971,'Алексей','Рябов','+79517846098','2022-11-14 00:00:12.716');
INSERT INTO tinkoff_game.client (client_rk,first_name,last_name,phone_num,visit_dttm) VALUES
	 (987,'Алёна','Овчинникова','+79501980856','2022-12-09 22:18:21.949'),
	 (1003,'Валентина','Константинова','+79515518731','2022-09-04 13:38:44.973'),
	 (1046,'Станислав','Кузнецов','+79048359145','2022-12-19 05:51:32.544'),
	 (1110,'Валентин','Павлов','+79539611603','2022-12-10 13:02:46.437'),
	 (1126,'Трофим','Белозёров','+79528171905','2022-11-24 12:25:38.726'),
	 (1206,'Клим','Андреев','+79685928971','2023-01-03 21:37:54.876'),
	 (1222,'Лада','Рожкова','+79501617290','2022-11-18 12:38:28.202'),
	 (1254,'Абрам','Ефимов','+79649648016','2022-09-29 13:40:05.251'),
	 (1345,'Даниил','Беляев','+79526282128','2022-09-10 12:16:55.067'),
	 (1409,'Давид','Фёдоров','+79513049250','2022-12-14 12:41:11.17');
INSERT INTO tinkoff_game.client (client_rk,first_name,last_name,phone_num,visit_dttm) VALUES
	 (1441,'Вячеслав','Белов','+79641804902','2022-10-27 23:53:48.534'),
	 (1564,'Родион','Большаков','+79027458499','2022-09-26 09:26:20.078'),
	 (1676,'Станислав','Мартынов','+79534637938','2022-10-08 03:58:04.095'),
	 (1692,'Любовь','Кудрявцева','+79636441656','2022-09-14 20:47:28.644'),
	 (1772,'Клементина','Брагина','+79537407722','2023-01-26 06:56:51.71'),
	 (1863,'Александр','Прохоров','+79677453932','2023-01-22 17:31:54.17'),
	 (1895,'Ян','Кондратьев','+79636514148','2022-11-30 21:46:02.254'),
	 (1927,'Никодим','Гуляев','+79045483209','2022-11-29 12:17:34.54'),
	 (1943,'Владимир','Беляков','+79503851709','2022-11-09 02:24:22.277'),
	 (1959,'Лариса','Корнилова','+79517818375','2022-10-31 07:02:58.929');
INSERT INTO tinkoff_game.client (client_rk,first_name,last_name,phone_num,visit_dttm) VALUES
	 (1975,'Дина','Пестова','+79046673218','2023-01-19 11:29:31.756'),
	 (2023,'Артур','Фёдоров','+79689779811','2022-10-02 04:07:14.88'),
	 (2039,'Андрей','Чернов','+79099026663','2022-10-04 14:01:43.144'),
	 (2082,'Тимур','Лебедев','+79028885045','2022-09-22 12:59:01.197'),
	 (2098,'Полина','Фролова','+79094231723','2022-11-10 07:24:11.238'),
	 (2162,'Ольга','Романова','+79667295075','2023-01-07 14:40:46.154'),
	 (2194,'Олеся','Королёва','+79026409278','2023-01-15 19:34:28.98'),
	 (2210,'Абрам','Доронин','+79005566577','2022-10-15 03:37:52.188'),
	 (2242,'Пётр','Денисов','+79085025410','2022-10-02 16:23:11.116'),
	 (2274,'Валентин','Данилов','+79024973760','2022-12-15 17:39:08.611');
INSERT INTO tinkoff_game.client (client_rk,first_name,last_name,phone_num,visit_dttm) VALUES
	 (2365,'Нелли','Голубева','+79047105789','2022-11-13 05:58:04.134'),
	 (2397,'Алина','Устинова','+79532243241','2022-11-09 19:30:07.382'),
	 (2413,'Софья','Филатова','+79651855909','2022-11-19 21:13:43.508'),
	 (2477,'Мирослав','Баранов','+79003365024','2022-09-21 17:50:01.505'),
	 (2616,'Марина','Кудрявцева','+79025978242','2022-11-18 14:02:04.454'),
	 (2648,'Люся','Константинова','+79045095986','2022-10-22 17:00:06.05'),
	 (2664,'Анастасия','Соболева','+79025972615','2023-01-15 05:51:16.073'),
	 (2728,'Семён','Соловьёв','+79529529888','2023-01-06 15:48:10.245'),
	 (2760,'Александра','Маркова','+79659003645','2022-12-15 21:04:00.88'),
	 (2808,'Людмила','Ковалёва','+79665309483','2022-10-01 16:07:53.664');
INSERT INTO tinkoff_game.client (client_rk,first_name,last_name,phone_num,visit_dttm) VALUES
	 (2867,'Галина','Денисова','+79685012273','2022-09-12 11:47:34.879'),
	 (2883,'Инга','Семёнова','+79024865714','2023-01-05 17:06:59.906'),
	 (2931,'Зинаида','Архипова','+79637381223','2022-12-29 13:48:54.405'),
	 (3150,'Жанна','Виноградова','+79664734934','2022-09-01 13:49:27.129'),
	 (3294,'Вероника','Воробьёва','+79043060338','2023-01-20 10:04:21.344'),
	 (3337,'София','Молчанова','+79521321913','2023-01-05 06:21:52'),
	 (3369,'Федосья','Игнатова','+79082344638','2022-09-18 01:38:33.86'),
	 (3433,'Илья','Якушев','+79092120638','2022-12-29 15:52:18.187'),
	 (3465,'Адриан','Моисеев','+79506647191','2022-11-27 14:22:39.96'),
	 (3481,'Аким','Мельников','+79525073987','2022-09-08 09:32:17.757');
INSERT INTO tinkoff_game.client (client_rk,first_name,last_name,phone_num,visit_dttm) VALUES
	 (3513,'Светлана','Александрова','+79521141960','2022-11-01 04:12:40.237'),
	 (3668,'Юлий','Ситников','+79513874169','2022-11-29 03:47:46.595'),
	 (3684,'Спартак','Орехов','+79663674718','2022-10-12 10:02:12.645'),
	 (3732,'Диана','Никифорова','+79654907972','2023-01-28 16:14:35.57'),
	 (3871,'Всеволод','Фокин','+79041753347','2022-09-20 09:52:53.696'),
	 (3903,'Трофим','Силин','+79669481684','2023-01-09 13:11:00.873'),
	 (3919,'Леонид','Лыткин','+79501883045','2022-11-09 17:49:46.483'),
	 (3935,'Аким','Калашников','+79089371415','2022-11-09 08:41:03.233'),
	 (4079,'Флорентина','Шестакова','+79045809675','2022-12-12 02:58:06.922'),
	 (58,'Зоя','Морозова','+79022024547','2022-12-10 23:17:18.434');
INSERT INTO tinkoff_game.client (client_rk,first_name,last_name,phone_num,visit_dttm) VALUES
	 (74,'Диана','Шестакова','+79654452825','2022-09-12 16:58:41.17'),
	 (106,'Артур','Пестов','+79674928558','2022-12-03 21:06:18.789'),
	 (138,'Яна','Кулагина','+79091255386','2022-10-05 06:02:17.959'),
	 (154,'Ростислав','Гаврилов','+79646928404','2022-09-03 08:49:37.907'),
	 (170,'Василиса','Афанасьева','+79677706962','2022-09-28 22:10:42.076'),
	 (186,'Дарья','Котова','+79519676290','2022-10-13 08:15:07.438'),
	 (202,'Матвей','Никифоров','+79531899645','2023-01-22 11:34:01.185'),
	 (234,'Нина','Агафонова','+79043697138','2023-01-13 17:55:28.987'),
	 (250,'Добрыня','Кудряшов','+79674116387','2022-11-27 03:03:48.095'),
	 (261,'Никита','Лаврентьев','+79524082716','2022-10-16 04:18:32.271');
INSERT INTO tinkoff_game.client (client_rk,first_name,last_name,phone_num,visit_dttm) VALUES
	 (277,'Елизавета','Красильникова','+79631204972','2022-12-15 02:59:11.936'),
	 (293,'Даниил','Федотов','+79045215074','2022-12-26 17:07:47.28'),
	 (309,'София','Воронова','+79511021570','2022-10-21 23:13:57.802'),
	 (341,'Эльвира','Боброва','+79642634305','2022-09-28 03:51:39.089'),
	 (357,'Алиса','Шестакова','+79652523898','2023-01-30 05:34:00.588'),
	 (373,'Валентин','Устинов','+79686806807','2022-10-07 16:23:05.204'),
	 (405,'Лев','Соловьёв','+79508667215','2022-12-15 14:11:40.436'),
	 (437,'Лаврентий','Калашников','+79665096875','2022-11-13 08:42:02.652'),
	 (469,'Анна','Шилова','+79639132280','2023-01-15 20:39:31.457'),
	 (485,'Варвара','Нестерова','+79673063589','2022-11-26 07:51:32.47');
INSERT INTO tinkoff_game.client (client_rk,first_name,last_name,phone_num,visit_dttm) VALUES
	 (501,'Зоя','Никитина','+79639729222','2023-01-04 03:27:18.13'),
	 (528,'Анфиса','Герасимова','+79534862039','2022-11-25 21:23:47.434'),
	 (560,'Ростислав','Волков','+79086101454','2023-01-01 17:44:48.734'),
	 (576,'Август','Овчинников','+79639955597','2023-01-30 12:05:00.556'),
	 (592,'Александр','Ершов','+79094180165','2022-09-16 00:26:11.443'),
	 (608,'Прохор','Лыткин','+79638647883','2022-11-16 08:04:29.146'),
	 (624,'Эльвира','Селиверстова','+79649492790','2022-09-24 03:23:28.698'),
	 (640,'Вероника','Шашкова','+79633527096','2023-01-19 15:55:57.712'),
	 (656,'Евгений','Архипов','+79027287558','2022-12-20 09:40:25.316'),
	 (672,'Богдан','Дроздов','+79668491457','2022-12-24 05:21:02.113');
INSERT INTO tinkoff_game.client (client_rk,first_name,last_name,phone_num,visit_dttm) VALUES
	 (688,'Люся','Евсеева','+79093490908','2023-01-19 22:18:47.925'),
	 (704,'Эмма','Кузьмина','+79671117044','2022-09-04 21:41:51.581'),
	 (720,'Василиса','Калинина','+79022767820','2022-09-12 03:06:47.169'),
	 (736,'Герасим','Беляков','+79049938616','2022-11-30 22:13:50.916'),
	 (752,'Марина','Алексеева','+79522640855','2022-09-28 11:57:57.497'),
	 (779,'Витольд','Жданов','+79003976630','2022-12-26 15:02:11.303'),
	 (795,'Валерия','Максимова','+79526120000','2022-10-26 05:08:55.307'),
	 (827,'Марта','Анисимова','+79656134952','2022-09-17 04:42:03.223'),
	 (859,'Семён','Кудряшов','+79024699133','2022-12-03 14:47:10.544'),
	 (875,'Тарас','Щукин','+79047908995','2022-12-13 15:57:13.094');
INSERT INTO tinkoff_game.client (client_rk,first_name,last_name,phone_num,visit_dttm) VALUES
	 (891,'Полина','Виноградова','+79651512747','2022-11-27 17:11:14.901'),
	 (907,'Милан','Носов','+79009704213','2022-12-27 21:09:55.501'),
	 (923,'Изольда','Белякова','+79523947695','2022-09-15 03:37:15.375'),
	 (939,'Евгений','Воронов','+79521009998','2022-12-23 09:43:40.19'),
	 (955,'Платон','Денисов','+79641003910','2022-11-11 07:12:07.359'),
	 (1019,'Вероника','Зайцева','+79654749034','2022-12-06 03:41:21.965'),
	 (1030,'Мария','Артемьева','+79508524977','2022-11-28 11:44:15.662'),
	 (1062,'Николай','Горбунов','+79527186713','2022-12-12 11:58:09.846'),
	 (1078,'Вадим','Вишняков','+79049343606','2022-09-12 13:37:58.726'),
	 (1094,'Капитолина','Петухова','+79521342935','2022-10-15 18:58:27.547');
INSERT INTO tinkoff_game.client (client_rk,first_name,last_name,phone_num,visit_dttm) VALUES
	 (1142,'Ника','Кузнецова','+79539104184','2022-10-11 09:51:04.467'),
	 (1158,'Добрыня','Максимов','+79636262766','2022-11-16 23:24:19.565'),
	 (1174,'Марта','Моисеева','+79529378117','2023-01-18 16:31:24.344'),
	 (1190,'Леонид','Савельев','+79654322000','2022-12-24 03:34:50.333'),
	 (1238,'Валериан','Беляков','+79684998442','2023-01-18 12:36:17.593'),
	 (1270,'Наталья','Моисеева','+79674764575','2022-09-21 07:52:35.172'),
	 (1281,'Глеб','Щукин','+79024606489','2023-01-15 11:11:20.212'),
	 (1297,'Кристина','Беспалова','+79096241816','2022-11-06 15:44:40.326'),
	 (1313,'Адриан','Сафонов','+79654934528','2022-09-03 13:49:52.086'),
	 (23,'Эдуард','Щукин','+79021010823','2022-09-04 17:27:12.974');
INSERT INTO tinkoff_game.client (client_rk,first_name,last_name,phone_num,visit_dttm) VALUES
	 (167,'Екатерина','Силина','+79638857535','2022-10-01 20:19:41.859'),
	 (316,'Мальвина','Бирюкова','+79636213016','2023-01-30 04:49:18.89'),
	 (364,'Дан','Наумов','+79089259265','2022-10-08 18:39:05.661'),
	 (460,'Ярослава','Орлова','+79044683447','2023-01-01 11:02:19.825'),
	 (492,'Эльвира','Мельникова','+79652150363','2022-10-04 12:02:13.747'),
	 (577,'Искра','Шарова','+79677283765','2022-10-16 13:29:49.08'),
	 (721,'Давид','Сидоров','+79525922891','2022-10-06 22:06:56.47'),
	 (753,'Давид','Туров','+79084999298','2022-10-01 06:45:19.166'),
	 (774,'Радислав','Блохин','+79523560190','2022-10-28 22:33:44.206'),
	 (918,'Стефан','Меркушев','+79633431017','2022-11-29 20:07:55.762');
INSERT INTO tinkoff_game.client (client_rk,first_name,last_name,phone_num,visit_dttm) VALUES
	 (982,'Анастасия','Третьякова','+79647428187','2023-01-15 12:34:37.381'),
	 (998,'Макар','Захаров','+79082622747','2022-12-18 19:31:44.37'),
	 (1147,'Людмила','Селезнёва','+79093171645','2022-12-15 19:35:34.529'),
	 (1280,'Розалина','Андреева','+79517983998','2023-01-07 19:02:26.727'),
	 (1328,'Радислав','Николаев','+79637441725','2023-02-01 13:38:04.074'),
	 (1344,'Виктор','Кудрявцев','+79501114769','2022-10-01 20:50:38.176'),
	 (1360,'Гавриил','Романов','+79093610638','2022-09-15 04:01:53.333'),
	 (1376,'Ярослав','Капустин','+79084948791','2022-10-22 04:30:30.723'),
	 (1440,'Фаина','Елисеева','+79631951802','2022-09-23 23:25:41.87'),
	 (1456,'Лада','Боброва','+79532808670','2023-01-24 11:00:43.384');
INSERT INTO tinkoff_game.client (client_rk,first_name,last_name,phone_num,visit_dttm) VALUES
	 (1504,'Мальвина','Фокина','+79505469007','2023-01-20 07:48:59.235'),
	 (1541,'Глеб','Кириллов','+79502379645','2022-12-05 05:27:07.691'),
	 (1557,'Людмила','Ермакова','+79515034556','2022-12-28 22:25:12.37'),
	 (1573,'Викентий','Тимофеев','+79099360826','2022-09-22 01:04:38.27'),
	 (1685,'Илларион','Константинов','+79022884323','2022-09-04 15:46:14.825'),
	 (1781,'Нина','Сазонова','+79025206819','2022-10-29 10:24:15.971'),
	 (1818,'Вениамин','Аксёнов','+79085398677','2023-01-12 11:51:00.133'),
	 (1850,'Никодим','Кудрявцев','+79082375693','2023-01-17 23:50:59.974'),
	 (1866,'Денис','Архипов','+79538452574','2022-11-17 10:46:04.6'),
	 (1962,'Нелли','Мартынова','+79094085135','2023-01-21 16:17:51.491');
INSERT INTO tinkoff_game.client (client_rk,first_name,last_name,phone_num,visit_dttm) VALUES
	 (1994,'Нонна','Григорьева','+79515600177','2022-11-15 05:09:46.087'),
	 (2095,'Дарья','Нестерова','+79526056127','2022-10-18 10:11:24.966'),
	 (2308,'Артём','Шубин','+79043661913','2022-09-28 10:30:54.779'),
	 (2324,'Дарья','Громова','+79046876790','2022-12-10 13:03:59.697'),
	 (2340,'Вадим','Колесников','+79524587130','2022-10-28 19:35:54.515'),
	 (2356,'Стефан','Орлов','+79504078511','2022-11-04 00:29:32.793'),
	 (2452,'Юлиан','Ковалёв','+79515013161','2022-12-31 02:33:19.241'),
	 (2484,'Эльвира','Зыкова','+79661684303','2022-09-30 20:34:46.758'),
	 (2516,'Антонина','Авдеева','+79082296370','2023-01-07 22:12:15.738'),
	 (2761,'Регина','Андреева','+79668287355','2022-12-22 11:29:54.293');
INSERT INTO tinkoff_game.client (client_rk,first_name,last_name,phone_num,visit_dttm) VALUES
	 (2793,'Лада','Сысоева','+79676035361','2022-12-13 03:48:21.13'),
	 (2958,'Елизавета','Сергеева','+79511592822','2022-10-12 09:25:57.22'),
	 (3075,'Вадим','Сафонов','+79535625361','2022-10-21 15:50:19.107'),
	 (3091,'Вера','Абрамова','+79512480862','2022-11-28 10:08:45.511'),
	 (3155,'Иван','Миронов','+79525988984','2022-09-28 13:55:02.573'),
	 (3251,'Святослав','Некрасов','+79649930870','2022-11-05 02:08:02.402'),
	 (3336,'Виктор','Белов','+79045967745','2022-12-06 19:18:00.508'),
	 (3613,'Валентин','Поляков','+79527174191','2023-01-16 05:39:36.37'),
	 (3629,'Лада','Мельникова','+79682305198','2022-11-18 13:11:34.844'),
	 (3693,'Юлия','Калашникова','+79675046416','2023-01-11 15:33:13.214');
INSERT INTO tinkoff_game.client (client_rk,first_name,last_name,phone_num,visit_dttm) VALUES
	 (3741,'Аркадий','Петров','+79539984858','2022-12-22 09:22:47.496'),
	 (3789,'Елена','Воробьёва','+79639904438','2022-11-23 05:47:34.902'),
	 (3805,'Филипп','Кошелев','+79022291325','2022-12-26 11:30:17.862'),
	 (3821,'Юрий','Щукин','+79522496243','2022-12-11 21:51:41.566'),
	 (3970,'Александр','Агафонов','+79006518673','2022-09-04 20:28:57.385'),
	 (7,'Роберт','Беляков','+79089021648','2022-12-23 00:11:33.37'),
	 (39,'Герасим','Афанасьев','+79045244249','2022-12-22 13:54:12.528'),
	 (55,'Адриан','Кулаков','+79528878902','2022-12-07 10:16:26.932'),
	 (71,'Вероника','Кузьмина','+79507358806','2022-10-17 15:29:43.05'),
	 (87,'Евгений','Кошелев','+79682136608','2022-10-28 09:46:57.397');
INSERT INTO tinkoff_game.client (client_rk,first_name,last_name,phone_num,visit_dttm) VALUES
	 (103,'Алла','Сазонова','+79683924618','2022-09-10 20:24:09.883'),
	 (119,'Сергей','Авдеев','+79021441279','2022-10-21 06:33:29.188'),
	 (135,'Стефан','Галкин','+79096002049','2023-01-31 10:50:42.672'),
	 (151,'Данила','Горбачёв','+79086899478','2022-12-21 05:19:20.463'),
	 (183,'Лада','Дроздова','+79681074285','2022-09-27 12:28:44.762'),
	 (199,'Валерий','Миронов','+79663697141','2022-11-24 10:32:09.237'),
	 (215,'Альберт','Мясников','+79538284452','2022-09-08 14:49:45.759'),
	 (231,'Александр','Степанов','+79521732877','2022-12-28 01:52:54.053'),
	 (247,'Ксения','Рожкова','+79096333549','2022-09-17 23:33:49.407'),
	 (268,'Ника','Воронцова','+79092425039','2022-10-02 18:45:52.404');
INSERT INTO tinkoff_game.client (client_rk,first_name,last_name,phone_num,visit_dttm) VALUES
	 (284,'Валериан','Романов','+79643247997','2022-10-09 03:48:34.679'),
	 (300,'Александра','Виноградова','+79537662984','2023-01-13 05:36:19.111'),
	 (332,'Валентина','Дементьева','+79663517058','2023-01-03 07:17:40.855'),
	 (348,'Инга','Андреева','+79682384835','2022-09-28 04:49:12.01'),
	 (380,'Адам','Селиверстов','+79042788579','2022-12-17 13:40:48.746'),
	 (396,'Эрик','Туров','+79089549507','2022-11-21 06:22:03.064'),
	 (412,'Тарас','Савельев','+79683362677','2022-09-02 04:30:15.039'),
	 (428,'Афанасий','Хохлов','+79081177389','2022-10-26 19:16:44.939'),
	 (444,'Лада','Ершова','+79645225103','2022-12-30 01:17:16.82'),
	 (476,'Лада','Михеева','+79025781211','2022-10-06 07:55:05.124');
INSERT INTO tinkoff_game.client (client_rk,first_name,last_name,phone_num,visit_dttm) VALUES
	 (508,'Мальвина','Русакова','+79632367052','2022-10-06 09:36:32.158'),
	 (513,'Эмма','Щербакова','+79515070231','2022-09-11 05:31:34.828'),
	 (529,'Вениамин','Быков','+79644727935','2022-12-18 08:14:41.726'),
	 (545,'Клим','Сазонов','+79662895323','2023-01-17 17:14:13.593'),
	 (561,'Нина','Большакова','+79502399631','2022-12-20 01:33:56.158'),
	 (593,'Доминика','Фомичёва','+79521055409','2022-10-12 11:57:55.21'),
	 (609,'Анжелика','Маркова','+79672434417','2022-12-14 04:06:34.861'),
	 (625,'Максим','Горбунов','+79643234816','2023-01-19 13:33:00.86'),
	 (641,'Василиса','Якушева','+79027961297','2023-01-08 13:54:45.235'),
	 (657,'Иосиф','Бобров','+79637143815','2022-11-18 20:26:15.35');
INSERT INTO tinkoff_game.client (client_rk,first_name,last_name,phone_num,visit_dttm) VALUES
	 (673,'Евгения','Горбачёва','+79632706638','2022-10-22 19:42:26.14'),
	 (689,'Александра','Селиверстова','+79688738813','2022-12-09 08:03:34.682'),
	 (705,'Ксения','Якушева','+79648328531','2022-11-23 02:34:48.124'),
	 (737,'Эльвира','Евсеева','+79676286986','2022-10-20 07:56:49.114'),
	 (790,'Яна','Ситникова','+79027629757','2022-10-18 15:26:05.003'),
	 (806,'Радислав','Гуляев','+79633973870','2022-09-08 02:22:20.124'),
	 (822,'Алексей','Антонов','+79525831408','2023-01-30 02:17:15.522'),
	 (838,'Алёна','Кононова','+79501505943','2022-11-26 16:22:12.331'),
	 (854,'Любовь','Егорова','+79688518566','2023-01-29 20:26:57.297'),
	 (870,'Марк','Матвеев','+79009237175','2023-01-08 14:22:04.225');
INSERT INTO tinkoff_game.client (client_rk,first_name,last_name,phone_num,visit_dttm) VALUES
	 (886,'Аркадий','Горшков','+79536366889','2022-09-09 02:41:33.206'),
	 (902,'Лилия','Шестакова','+79641555881','2022-12-30 18:06:51.392'),
	 (934,'Анжелика','Мухина','+79538689795','2022-09-10 06:17:17.711'),
	 (950,'Валериан','Поляков','+79687057535','2022-10-11 20:14:53.339'),
	 (966,'Маргарита','Ефимова','+79531500993','2023-01-21 01:49:14.221'),
	 (1014,'Рафаил','Носков','+79689662994','2022-09-15 13:51:33.332'),
	 (1035,'Глеб','Дорофеев','+79048867925','2022-12-23 03:18:04.936'),
	 (1051,'Алина','Матвеева','+79511082667','2022-09-21 07:03:50.451'),
	 (1067,'Анастасия','Попова','+79655214026','2022-11-28 21:02:09.423'),
	 (1083,'Алина','Рябова','+79644955640','2022-12-15 13:38:24.407');
INSERT INTO tinkoff_game.client (client_rk,first_name,last_name,phone_num,visit_dttm) VALUES
	 (1099,'Капитолина','Блинова','+79087993206','2022-10-25 21:29:19.704'),
	 (1115,'Клара','Елисеева','+79088628511','2022-10-02 17:32:44.911'),
	 (1131,'Болеслав','Силин','+79084097808','2022-12-03 06:37:28.347'),
	 (1163,'Герасим','Виноградов','+79636056521','2022-11-15 10:50:05.205'),
	 (1179,'Степан','Самойлов','+79651524130','2023-01-03 04:37:19.529'),
	 (1195,'Вера','Игнатова','+79635567611','2022-11-04 03:43:17.422'),
	 (1211,'Павел','Шаров','+79525218548','2023-01-21 13:11:39.671'),
	 (1227,'Вероника','Белозёрова','+79649466095','2022-11-05 20:46:57.06'),
	 (1243,'Нестор','Сысоев','+79634131955','2022-09-30 06:48:49.703'),
	 (1259,'Лада','Соколова','+79682221033','2022-12-31 12:07:59.341');
INSERT INTO tinkoff_game.client (client_rk,first_name,last_name,phone_num,visit_dttm) VALUES
	 (1275,'Гордей','Поляков','+79669118969','2022-09-09 04:34:39.225'),
	 (1296,'Изабелла','Афанасьева','+79671366346','2022-10-10 11:19:20.966'),
	 (1312,'Иммануил','Яковлев','+79087530549','2022-12-20 09:34:01.183'),
	 (1392,'Валерия','Авдеева','+79515662131','2022-10-05 07:22:49.579'),
	 (1408,'Вероника','Пахомова','+79096722596','2022-10-30 21:36:20.709'),
	 (1424,'Борис','Петров','+79511667752','2022-09-30 07:17:33.7'),
	 (1472,'Регина','Логинова','+79008675901','2022-10-25 04:51:50.455'),
	 (1488,'Руслан','Брагин','+79028341540','2022-10-30 14:59:52.036'),
	 (1520,'Макар','Герасимов','+79636538665','2022-11-11 02:35:43.176'),
	 (1589,'Тимофей','Лапин','+79658460274','2023-01-19 20:56:50.714');
INSERT INTO tinkoff_game.client (client_rk,first_name,last_name,phone_num,visit_dttm) VALUES
	 (4,'Альберт','Красильников','+79026105326','2022-11-30 04:44:11.949'),
	 (52,'Эдуард','Денисов','+79512846668','2022-09-26 19:29:55.118'),
	 (132,'Злата','Гришина','+79679698483','2023-01-26 17:10:42.157'),
	 (180,'Анжелика','Логинова','+79673533536','2023-01-18 17:42:35.682'),
	 (335,'Аполлон','Третьяков','+79645242768','2022-10-24 22:09:07.909'),
	 (383,'Софья','Сергеева','+79023478545','2022-12-12 23:19:12.079'),
	 (511,'Светлана','Савина','+79527300291','2022-10-09 00:41:42.239'),
	 (558,'Альбина','Белова','+79637596537','2022-11-01 14:33:11.442'),
	 (702,'Владлена','Фомичёва','+79652093171','2022-11-03 22:27:20.649'),
	 (750,'Роберт','Князев','+79539802143','2022-10-19 22:06:11.016');
INSERT INTO tinkoff_game.client (client_rk,first_name,last_name,phone_num,visit_dttm) VALUES
	 (841,'Таисия','Веселова','+79674563557','2023-01-06 21:32:34.783'),
	 (953,'Надежда','Одинцова','+79647647559','2022-09-11 13:11:32.761'),
	 (985,'Егор','Блохин','+79515323942','2022-10-25 18:12:06.032'),
	 (1017,'Ирина','Евсеева','+79505457577','2022-10-09 16:53:38.126'),
	 (1096,'Майя','Якушева','+79535088062','2022-12-05 16:41:50.029'),
	 (1112,'Изольда','Максимова','+79675993616','2023-01-20 05:40:59.233'),
	 (1128,'Виктория','Гордеева','+79689883007','2023-01-26 10:46:10.939'),
	 (1160,'Инна','Логинова','+79649637168','2022-12-10 02:19:53.602'),
	 (1272,'Мирослав','Максимов','+79683115959','2023-01-22 23:22:50.909'),
	 (1315,'Эмма','Рябова','+79685262301','2022-09-30 07:36:09.05');
INSERT INTO tinkoff_game.client (client_rk,first_name,last_name,phone_num,visit_dttm) VALUES
	 (1475,'София','Савина','+79043894184','2023-01-13 03:59:30.105'),
	 (1491,'Артемий','Кудряшов','+79637446464','2022-09-16 21:42:05.013'),
	 (1538,'Татьяна','Тетерина','+79085276245','2022-11-30 02:48:14.694'),
	 (1554,'Ярослава','Гурьева','+79639464117','2022-12-07 22:02:34.614'),
	 (1570,'Варвара','Казакова','+79533004564','2022-10-16 06:33:03.085'),
	 (1650,'Валерия','Титова','+79047821951','2022-09-24 04:39:59.949'),
	 (1682,'Мария','Михеева','+79675324255','2022-12-27 15:01:37.969'),
	 (1698,'Игорь','Селезнёв','+79538407940','2023-01-26 11:55:45.924'),
	 (1885,'Стефан','Фомичёв','+79513128787','2022-09-30 18:18:01.741'),
	 (2060,'Вадим','Сазонов','+79041427433','2023-01-28 11:31:11.733');
INSERT INTO tinkoff_game.client (client_rk,first_name,last_name,phone_num,visit_dttm) VALUES
	 (2092,'Варвара','Новикова','+79091866431','2023-01-13 17:55:40.685'),
	 (2140,'Клим','Денисов','+79008792476','2022-12-24 05:37:28.928'),
	 (2156,'Елизавета','Игнатьева','+79539196061','2022-09-02 11:48:07.265'),
	 (2188,'Дарья','Захарова','+79671958715','2022-12-08 08:12:20.572'),
	 (2236,'Флорентина','Блохина','+79667719549','2022-11-27 09:23:53.082'),
	 (2252,'Евгений','Лазарев','+79049776396','2022-11-28 12:04:22.686'),
	 (2268,'Святослав','Гуляев','+79508443365','2022-11-01 02:19:15.073'),
	 (2327,'Григорий','Кузьмин','+79669243624','2022-12-21 10:37:40.108'),
	 (2471,'Маргарита','Меркушева','+79524664623','2022-12-07 23:35:39'),
	 (2487,'Владлена','Ефимова','+79044615602','2023-01-12 22:42:33.981');
INSERT INTO tinkoff_game.client (client_rk,first_name,last_name,phone_num,visit_dttm) VALUES
	 (2535,'Ростислав','Лаврентьев','+79538489082','2022-12-25 04:09:44.021'),
	 (2662,'Светлана','Савельева','+79509647324','2022-11-07 15:59:56.006'),
	 (2758,'Искра','Исакова','+79519053234','2022-12-05 08:37:25.315'),
	 (2833,'Дан','Владимиров','+79025847383','2022-10-11 01:42:08.434'),
	 (2993,'Федосья','Бурова','+79671509696','2023-01-08 21:21:22.019'),
	 (3057,'Нестор','Никифоров','+79635827039','2022-12-20 04:37:44.493'),
	 (3072,'Розалина','Титова','+79029889043','2022-10-25 16:47:02.231'),
	 (3104,'Елизавета','Григорьева','+79663236551','2022-10-03 03:58:34.486'),
	 (3120,'Леонид','Королёв','+79675824180','2022-10-05 23:25:52.582'),
	 (3136,'Влад','Самойлов','+79028048856','2023-01-20 21:07:35.212');
INSERT INTO tinkoff_game.client (client_rk,first_name,last_name,phone_num,visit_dttm) VALUES
	 (3152,'Алексей','Кудряшов','+79501001099','2022-12-12 00:19:43.987'),
	 (3280,'Татьяна','Силина','+79681170095','2022-09-13 03:30:38.038'),
	 (3419,'Алёна','Филатова','+79089447542','2022-11-07 02:55:21.854'),
	 (3483,'Искра','Матвеева','+79537157717','2022-10-06 18:34:54.907'),
	 (3499,'Марта','Мишина','+79008407245','2023-01-31 14:11:42.737'),
	 (3594,'София','Филиппова','+79536542057','2022-09-17 07:15:05.031'),
	 (3626,'Надежда','Носкова','+79653040596','2022-09-04 07:25:04.368'),
	 (3754,'Юлиан','Михайлов','+79533479730','2022-12-31 13:05:41.32'),
	 (3770,'Эмма','Беляева','+79649931639','2022-09-07 12:57:11.704'),
	 (3786,'Виктор','Иванов','+79007788480','2022-11-04 22:37:47.897');
INSERT INTO tinkoff_game.client (client_rk,first_name,last_name,phone_num,visit_dttm) VALUES
	 (3802,'Феликс','Шарапов','+79675871255','2022-11-13 10:25:31.975'),
	 (3834,'Бронислав','Мясников','+79008493266','2022-12-23 04:38:12.523'),
	 (3845,'Анфиса','Горшкова','+79678547466','2023-01-06 17:01:00.804'),
	 (3909,'Марк','Гуляев','+79649625351','2023-01-19 06:08:24.103'),
	 (3957,'Инна','Капустина','+79028322267','2022-12-15 04:15:04.462'),
	 (3973,'Афанасий','Смирнов','+79655804082','2022-11-21 11:27:49.473'),
	 (4037,'Мальвина','Медведева','+79096099622','2022-09-28 20:52:10.278'),
	 (4085,'Даниил','Симонов','+79517409583','2022-12-28 02:23:22.365'),
	 (20,'Капитолина','Антонова','+79501767561','2022-12-17 19:12:33.927'),
	 (36,'Дмитрий','Копылов','+79026859476','2022-09-30 22:58:27.223');
INSERT INTO tinkoff_game.client (client_rk,first_name,last_name,phone_num,visit_dttm) VALUES
	 (68,'Валентин','Егоров','+79652360221','2022-09-16 13:40:28.165'),
	 (84,'Ирина','Трофимова','+79092365248','2022-10-29 10:07:05.505'),
	 (100,'Вера','Рогова','+79096535575','2022-10-27 06:30:50.188'),
	 (116,'Станислав','Никифоров','+79512516813','2023-01-25 23:12:49.541'),
	 (148,'Кристина','Котова','+79634085793','2023-01-02 19:41:22.632'),
	 (164,'Адам','Романов','+79516605474','2023-01-20 05:32:10.494'),
	 (196,'Алиса','Семёнова','+79687319921','2022-10-13 18:58:28.984'),
	 (212,'Савва','Веселов','+79678307860','2022-12-31 17:10:01.316'),
	 (228,'Клим','Фролов','+79631074668','2023-01-03 22:01:07.405'),
	 (244,'Ярослава','Артемьева','+79521040485','2022-10-31 03:36:17.446');
INSERT INTO tinkoff_game.client (client_rk,first_name,last_name,phone_num,visit_dttm) VALUES
	 (271,'Оксана','Белякова','+79668674281','2023-01-24 23:42:28.248'),
	 (287,'Искра','Цветкова','+79638078106','2022-12-12 08:17:26.562'),
	 (303,'Руслан','Суханов','+79002684564','2022-12-19 05:42:05.136'),
	 (319,'Эмилия','Пономарёва','+79677144995','2022-11-03 11:22:01.401'),
	 (351,'Максим','Петров','+79687117003','2022-10-09 10:50:20.271'),
	 (367,'Антонин','Панов','+79025086020','2022-11-04 07:42:51.588'),
	 (399,'Евгений','Александров','+79514185431','2023-01-11 08:36:57.715'),
	 (415,'Василиса','Комиссарова','+79525646239','2022-10-10 20:51:04.57'),
	 (431,'Геннадий','Дорофеев','+79044882948','2022-10-22 23:49:08.17'),
	 (447,'Антонина','Красильникова','+79096895148','2022-12-03 12:47:57.74');
INSERT INTO tinkoff_game.client (client_rk,first_name,last_name,phone_num,visit_dttm) VALUES
	 (463,'Адам','Виноградов','+79536851472','2022-09-18 20:33:46.157'),
	 (479,'Ксения','Макарова','+79042386121','2022-09-08 13:56:09.224'),
	 (495,'Гордей','Белозёров','+79048217794','2022-11-28 19:41:08.936'),
	 (526,'Федосья','Брагина','+79508513191','2022-09-28 07:06:03.26'),
	 (542,'Альбина','Селиверстова','+79641812122','2022-10-27 22:49:23.419'),
	 (574,'Виктория','Ларионова','+79519793876','2022-10-06 18:46:04.008'),
	 (590,'Эмилия','Романова','+79641562937','2022-12-24 20:14:02.979'),
	 (606,'Марина','Громова','+79006500956','2022-09-23 00:25:35.401'),
	 (622,'Игнат','Петухов','+79654210856','2022-10-21 18:22:59.675'),
	 (638,'Иосиф','Носов','+79527113017','2022-11-24 05:14:44.642');
INSERT INTO tinkoff_game.client (client_rk,first_name,last_name,phone_num,visit_dttm) VALUES
	 (654,'Илья','Ефимов','+79689629839','2022-11-16 18:26:00.934'),
	 (670,'Никодим','Пахомов','+79046485980','2022-11-11 22:55:20.977'),
	 (686,'Любовь','Фомина','+79631986246','2022-10-17 00:27:00.914'),
	 (718,'Эрик','Лукин','+79047867242','2022-09-04 03:54:12.842'),
	 (734,'Галина','Яковлева','+79091470279','2023-01-17 10:34:21.738'),
	 (766,'Виталий','Гущин','+79003225269','2023-01-04 20:53:32.304'),
	 (777,'Виктор','Назаров','+79081137066','2022-11-24 21:22:09.359'),
	 (793,'Дарья','Антонова','+79663073996','2022-10-31 23:34:05.705'),
	 (809,'Полина','Русакова','+79537699151','2022-11-07 09:32:05.738'),
	 (825,'Регина','Волкова','+79537549780','2022-09-29 14:25:47.936');
INSERT INTO tinkoff_game.client (client_rk,first_name,last_name,phone_num,visit_dttm) VALUES
	 (857,'Майя','Данилова','+79046336667','2022-11-24 15:25:17.273'),
	 (873,'Эмилия','Ершова','+79675211671','2023-01-18 10:45:00.579'),
	 (889,'Мария','Емельянова','+79091541410','2022-11-12 19:07:46.904'),
	 (905,'Лилия','Игнатова','+79082563867','2022-09-02 03:52:04.977'),
	 (921,'Капитолина','Зайцева','+79676930072','2022-10-22 17:51:29.361'),
	 (937,'Яна','Суворова','+79648071648','2022-10-05 10:05:25.828'),
	 (969,'Татьяна','Комиссарова','+79633214206','2023-01-28 01:21:51.705'),
	 (1001,'Пётр','Потапов','+79686282360','2022-11-13 07:36:05.595'),
	 (1032,'Вадим','Гордеев','+79508688087','2022-11-18 06:57:11.034'),
	 (1048,'Виктория','Новикова','+79099161353','2022-12-18 02:14:03.328');
INSERT INTO tinkoff_game.client (client_rk,first_name,last_name,phone_num,visit_dttm) VALUES
	 (1064,'Никита','Самсонов','+79027403829','2022-12-12 03:59:45.938'),
	 (1080,'Константин','Пономарёв','+79684730667','2023-01-07 12:14:31.424'),
	 (1144,'Яна','Князева','+79648023661','2023-01-17 02:31:50.595'),
	 (1176,'Рената','Тимофеева','+79674212341','2022-11-28 10:03:25.741'),
	 (1192,'Ольга','Давыдова','+79516803454','2023-01-14 06:12:27.596'),
	 (1208,'Артём','Костин','+79048036003','2022-12-13 19:40:50.099'),
	 (1224,'Инесса','Сазонова','+79645365542','2023-02-01 14:13:09.671'),
	 (1240,'Изольда','Сергеева','+79636741557','2023-01-13 09:53:58.812'),
	 (1256,'Ян','Фёдоров','+79536209586','2022-09-29 03:59:27.146'),
	 (1283,'Игорь','Попов','+79524132781','2022-10-01 00:01:42.579');
INSERT INTO tinkoff_game.client (client_rk,first_name,last_name,phone_num,visit_dttm) VALUES
	 (1299,'Эльвира','Селезнёва','+79538540848','2022-09-27 06:19:25.891'),
	 (81,'Филипп','Мишин','+79656544883','2023-01-19 20:10:55.972'),
	 (161,'Артур','Селиверстов','+79042626524','2022-12-28 02:32:56.378'),
	 (241,'Василиса','Федосеева','+79085871153','2022-10-12 14:45:52.889'),
	 (358,'Алёна','Новикова','+79082910008','2022-10-24 20:02:32.736'),
	 (390,'Ростислав','Пономарёв','+79665094097','2022-12-24 06:41:03.801'),
	 (583,'Инна','Николаева','+79042806948','2022-09-12 17:48:07.904'),
	 (663,'Юлиан','Комиссаров','+79022910879','2023-01-07 23:19:54.314'),
	 (727,'Даниил','Соловьёв','+79539155565','2022-09-12 12:05:05.852'),
	 (796,'Павел','Пестов','+79043803422','2022-12-10 14:32:45.961');
INSERT INTO tinkoff_game.client (client_rk,first_name,last_name,phone_num,visit_dttm) VALUES
	 (908,'Антон','Новиков','+79006551532','2023-01-09 19:08:38.611'),
	 (1045,'Максим','Белозёров','+79512043099','2022-11-29 18:20:38.399'),
	 (1077,'Жанна','Тетерина','+79634536943','2022-09-04 21:53:32.933'),
	 (1338,'Савва','Воронцов','+79042965351','2022-09-28 11:08:00.304'),
	 (1370,'Даниил','Колесников','+79501195280','2022-10-03 15:14:01.15'),
	 (1434,'Герасим','Лыткин','+79523561565','2023-01-21 17:22:57.958'),
	 (1482,'Аркадий','Медведев','+79665169550','2022-10-19 09:03:01.314'),
	 (1530,'Лада','Зимина','+79083045086','2022-11-02 03:58:12.724'),
	 (1563,'Дан','Егоров','+79533578076','2022-11-12 23:43:49.191'),
	 (1675,'Виктория','Соловьёва','+79538870182','2022-10-17 04:25:23.568');
INSERT INTO tinkoff_game.client (client_rk,first_name,last_name,phone_num,visit_dttm) VALUES
	 (1707,'Матвей','Муравьёв','+79021900449','2022-12-25 16:51:00.205'),
	 (1755,'Святослав','Исаков','+79688906871','2022-09-02 21:40:57.479'),
	 (1771,'Дарья','Данилова','+79044669773','2022-10-13 02:57:35.588'),
	 (1792,'Донат','Князев','+79517824226','2022-09-03 23:11:45.84'),
	 (1840,'Герасим','Красильников','+79005202477','2022-11-29 16:16:21.996'),
	 (1984,'Клементина','Андреева','+79634621130','2022-12-21 02:22:11.98'),
	 (2000,'Вениамин','Муравьёв','+79093446427','2023-01-31 18:13:28.572'),
	 (2121,'Флорентина','Муравьёва','+79001753290','2022-09-07 08:33:35.027'),
	 (2201,'Майя','Хохлова','+79639205888','2022-11-11 17:12:31.465'),
	 (2265,'Василий','Жданов','+79666520239','2022-12-13 13:50:16.093');
INSERT INTO tinkoff_game.client (client_rk,first_name,last_name,phone_num,visit_dttm) VALUES
	 (2281,'Константин','Родионов','+79675880053','2022-11-16 04:34:07.819'),
	 (2297,'Зоя','Сидорова','+79677071016','2022-11-04 11:46:32.655'),
	 (2318,'Герасим','Павлов','+79663457119','2022-11-22 03:30:47.041'),
	 (2334,'Нина','Петрова','+79521932357','2022-09-12 08:00:42.207'),
	 (2398,'Тарас','Журавлёв','+79001541326','2023-01-07 04:32:57.473'),
	 (2414,'Лев','Прохоров','+79639815468','2023-01-06 13:26:54.652'),
	 (2430,'Алёна','Прохорова','+79099232451','2023-01-03 09:48:37.109'),
	 (2446,'Назар','Устинов','+79655784157','2023-01-29 17:17:58.479'),
	 (2462,'Михаил','Емельянов','+79653622714','2023-01-01 06:30:00.541'),
	 (2478,'Семён','Виноградов','+79091955733','2022-11-06 11:29:05.386');
INSERT INTO tinkoff_game.client (client_rk,first_name,last_name,phone_num,visit_dttm) VALUES
	 (2575,'Ульяна','Наумова','+79507347076','2022-10-02 20:31:16.407'),
	 (2623,'Регина','Филиппова','+79515741226','2022-09-15 15:39:25.219'),
	 (2639,'Мирослав','Калашников','+79095066468','2022-12-15 04:17:48.542'),
	 (2671,'Бронислав','Гаврилов','+79098322549','2022-11-22 14:00:58.028'),
	 (2719,'Олег','Шарапов','+79645312311','2022-10-02 20:55:43.764'),
	 (2735,'Майя','Белякова','+79045913835','2022-09-04 18:29:02.443'),
	 (2767,'Юлия','Васильева','+79003757487','2022-12-08 05:57:56.077'),
	 (2799,'Раиса','Мартынова','+79021220170','2022-11-22 06:42:45.807'),
	 (2836,'Фаина','Андреева','+79534344977','2022-10-16 07:47:11.031'),
	 (2852,'Эдуард','Никифоров','+79654097434','2022-10-31 04:36:52.507');
INSERT INTO tinkoff_game.client (client_rk,first_name,last_name,phone_num,visit_dttm) VALUES
	 (2868,'Тит','Мамонтов','+79537156384','2022-12-18 12:22:26.936'),
	 (2948,'Татьяна','Лебедева','+79668732172','2022-10-03 22:36:08.437'),
	 (3028,'Татьяна','Анисимова','+79533362966','2022-12-10 04:57:20.173'),
	 (3044,'Наталья','Вишнякова','+79659898284','2022-11-21 03:57:11.234'),
	 (3101,'Регина','Самсонова','+79093615067','2023-01-10 20:24:01.075'),
	 (3213,'Сергей','Некрасов','+79083658341','2022-11-25 10:32:33.239'),
	 (3346,'Роберт','Коновалов','+79505827403','2022-12-30 05:44:52.87'),
	 (3362,'Глеб','Власов','+79007457062','2022-10-12 18:58:49.964'),
	 (3554,'Радислав','Терентьев','+79092466637','2022-11-22 14:27:57.308'),
	 (3603,'Дан','Брагин','+79538188990','2022-09-04 21:00:26.733');
INSERT INTO tinkoff_game.client (client_rk,first_name,last_name,phone_num,visit_dttm) VALUES
	 (3619,'Дина','Волкова','+79083715851','2022-11-07 16:03:21.264'),
	 (3651,'Ксения','Щукина','+79658628231','2022-10-11 20:37:09.052'),
	 (3827,'Алла','Новикова','+79638611200','2023-01-27 12:59:59.1'),
	 (3928,'Капитолина','Калинина','+79519792841','2022-12-10 04:10:59.792'),
	 (1,'Савва','Горбунов','+79682519672','2022-09-27 04:47:55.218'),
	 (17,'Филипп','Колесников','+79023248853','2022-12-03 04:07:29.492'),
	 (33,'Виктория','Киселёва','+79088290538','2022-11-02 11:12:38.441'),
	 (49,'Бронислав','Крюков','+79501303810','2022-11-21 01:50:20.987'),
	 (65,'Фёдор','Кононов','+79531497830','2023-01-02 01:51:27.019'),
	 (97,'Татьяна','Лебедева','+79662089929','2023-01-16 03:04:28.147');
INSERT INTO tinkoff_game.client (client_rk,first_name,last_name,phone_num,visit_dttm) VALUES
	 (113,'Изабелла','Андреева','+79657114181','2022-11-07 10:15:42.844'),
	 (129,'Артемий','Князев','+79088285439','2023-01-03 01:06:36.51'),
	 (145,'Маргарита','Александрова','+79501513095','2023-01-10 21:46:29.042'),
	 (177,'Анна','Тихонова','+79085728271','2022-10-27 10:42:30.223'),
	 (193,'Евгений','Панфилов','+79655245239','2023-01-01 01:17:42.465'),
	 (209,'Пётр','Корнилов','+79529527247','2023-01-23 22:04:28.268'),
	 (225,'Вячеслав','Смирнов','+79673737002','2022-11-27 02:07:59.946'),
	 (262,'Нина','Рожкова','+79006650393','2022-10-06 12:08:33.017'),
	 (278,'Кирилл','Богданов','+79652743691','2022-10-18 03:59:41.438'),
	 (294,'Надежда','Лапина','+79502233093','2023-01-12 23:36:13.849');
INSERT INTO tinkoff_game.client (client_rk,first_name,last_name,phone_num,visit_dttm) VALUES
	 (310,'Дарья','Пестова','+79533067035','2022-10-28 22:30:19.413'),
	 (326,'Ростислав','Нестеров','+79686602068','2022-12-20 22:41:45.562'),
	 (342,'Капитолина','Давыдова','+79682673367','2022-09-06 15:20:59.716'),
	 (374,'Альберт','Мясников','+79092057301','2022-09-20 15:56:17.332'),
	 (406,'Радислав','Ефремов','+79672301855','2022-12-06 00:53:17.278'),
	 (422,'Василий','Бобров','+79516417309','2022-09-24 06:57:02.792'),
	 (438,'Милан','Вишняков','+79515939781','2023-01-15 09:55:55.164'),
	 (454,'Арсений','Фокин','+79643492269','2022-12-20 07:16:53.42'),
	 (470,'Елизавета','Жукова','+79521924744','2022-09-24 07:13:41.819'),
	 (486,'Владислав','Пахомов','+79527445241','2022-09-06 00:00:10.844');
INSERT INTO tinkoff_game.client (client_rk,first_name,last_name,phone_num,visit_dttm) VALUES
	 (502,'Мальвина','Фёдорова','+79024545392','2022-11-12 07:39:03.771'),
	 (519,'Вениамин','Пахомов','+79689526817','2023-02-01 06:44:57.96'),
	 (535,'Рада','Зиновьева','+79095285886','2022-11-02 21:12:51.984'),
	 (551,'Марина','Третьякова','+79503526350','2022-12-25 16:29:37.455'),
	 (567,'Гарри','Александров','+79094307892','2022-09-25 20:37:15.342'),
	 (599,'Фаина','Шашкова','+79647844545','2022-11-16 17:06:46.731'),
	 (615,'Антонина','Ефимова','+79689295004','2022-12-18 17:56:32.125'),
	 (631,'Алёна','Коновалова','+79669367045','2022-12-22 20:11:14.476'),
	 (647,'Юлий','Кабанов','+79647826549','2022-10-06 04:44:46.242'),
	 (679,'Юлий','Шилов','+79022857786','2023-01-04 11:40:36.051');
INSERT INTO tinkoff_game.client (client_rk,first_name,last_name,phone_num,visit_dttm) VALUES
	 (695,'Владлена','Носкова','+79093831959','2022-10-12 23:32:31.306'),
	 (711,'Лидия','Смирнова','+79506017145','2023-01-26 16:07:02.29'),
	 (743,'Виталий','Тарасов','+79536919780','2022-10-09 11:52:50.328'),
	 (759,'Радислав','Никонов','+79533995967','2022-12-13 18:14:40.25'),
	 (780,'Назар','Шашков','+79538713774','2022-10-31 22:38:26.832'),
	 (812,'Влад','Сидоров','+79088230826','2022-11-04 19:45:41.966'),
	 (828,'Иммануил','Мишин','+79023440202','2023-01-14 12:30:30.152'),
	 (844,'Кирилл','Фролов','+79657463814','2023-01-01 02:42:32.188'),
	 (860,'Александр','Кудряшов','+79674419877','2022-11-08 03:43:06.988'),
	 (876,'Илья','Устинов','+79098509918','2023-01-26 13:35:35.751');
INSERT INTO tinkoff_game.client (client_rk,first_name,last_name,phone_num,visit_dttm) VALUES
	 (892,'Артём','Лукин','+79687808187','2022-11-25 09:27:54.251'),
	 (924,'Август','Одинцов','+79528668687','2022-11-10 01:24:20.289'),
	 (940,'Валериан','Морозов','+79631592822','2022-12-09 02:29:49.635'),
	 (956,'Ян','Цветков','+79689469319','2022-12-26 14:55:09.616'),
	 (972,'Пётр','Жуков','+79504609214','2022-09-14 19:33:18.828'),
	 (988,'Инна','Беспалова','+79507510759','2023-01-15 00:14:13.235'),
	 (1004,'Клементина','Жданова','+79666185304','2022-09-20 06:22:30.95'),
	 (1020,'Адам','Калинин','+79686047835','2023-01-11 05:56:28.384'),
	 (1029,'Прохор','Рожков','+79653553644','2022-11-20 14:45:26.256'),
	 (1061,'Нестор','Сергеев','+79512283931','2022-12-19 15:33:11.276');
INSERT INTO tinkoff_game.client (client_rk,first_name,last_name,phone_num,visit_dttm) VALUES
	 (1093,'Артём','Зыков','+79678944871','2022-09-04 16:18:42.21'),
	 (1109,'Ольга','Михайлова','+79029351223','2022-12-22 13:28:15.25'),
	 (1125,'Вера','Степанова','+79685931273','2022-12-27 10:59:44.556'),
	 (1141,'Григорий','Стрелков','+79674180041','2022-11-24 09:42:53.475'),
	 (1157,'Михаил','Кулагин','+79504846741','2022-12-13 20:09:10.1'),
	 (1173,'Доминика','Орехова','+79084239742','2022-11-29 06:58:48.303'),
	 (1189,'Елизавета','Воробьёва','+79007039653','2022-12-22 14:19:24.068'),
	 (1205,'Розалина','Макарова','+79081493942','2022-10-05 12:09:09.734'),
	 (1221,'Мирослав','Елисеев','+79526540475','2022-12-13 12:36:17.132'),
	 (1237,'Роберт','Осипов','+79687603837','2022-12-23 14:29:13.571');
INSERT INTO tinkoff_game.client (client_rk,first_name,last_name,phone_num,visit_dttm) VALUES
	 (1253,'Рада','Русакова','+79042607417','2022-10-01 22:50:44.791'),
	 (1269,'Платон','Федосеев','+79642655602','2023-02-02 00:38:31.036'),
	 (14,'Нелли','Кудрявцева','+79501430297','2022-10-23 00:09:17.586'),
	 (78,'Донат','Капустин','+79687239678','2022-11-23 04:27:21.51'),
	 (94,'Доминика','Карпова','+79685439134','2022-10-02 03:28:11.057'),
	 (174,'Ника','Кузьмина','+79632903058','2022-12-31 06:44:08.153'),
	 (265,'Евгений','Кузьмин','+79516648959','2022-12-24 16:55:54.039'),
	 (345,'Аким','Кузьмин','+79658656319','2022-09-18 16:23:18.168'),
	 (425,'Инесса','Казакова','+79538158706','2022-09-27 21:13:49.057'),
	 (457,'Влад','Большаков','+79512625773','2022-11-16 05:04:52.023');
INSERT INTO tinkoff_game.client (client_rk,first_name,last_name,phone_num,visit_dttm) VALUES
	 (489,'Стефан','Владимиров','+79667431238','2022-11-21 12:37:19.929'),
	 (516,'Илья','Кошелев','+79535455010','2022-11-14 23:59:41.563'),
	 (692,'Артемий','Беляков','+79638475325','2022-09-28 03:52:39.319'),
	 (895,'Диана','Бурова','+79091490956','2022-09-28 13:08:58.81'),
	 (911,'Дина','Ершова','+79666661297','2022-12-17 03:38:05.226'),
	 (959,'Тит','Ефремов','+79089398552','2022-09-16 10:36:21.341'),
	 (975,'Эмма','Денисова','+79049927134','2023-01-31 09:09:55.849'),
	 (1266,'Адриан','Никонов','+79679509855','2022-12-25 19:36:30.514'),
	 (1325,'Регина','Осипова','+79663159500','2022-10-29 06:11:34.64'),
	 (1341,'Анжелика','Федосеева','+79522980283','2022-12-04 21:14:03.426');
INSERT INTO tinkoff_game.client (client_rk,first_name,last_name,phone_num,visit_dttm) VALUES
	 (1389,'Зинаида','Цветкова','+79088038950','2023-01-21 23:27:34.248'),
	 (1517,'Любовь','Веселова','+79538061978','2022-09-24 20:55:30.239'),
	 (1533,'Сергей','Тимофеев','+79688592474','2023-01-08 06:33:48.098'),
	 (1560,'Юлия','Князева','+79527604958','2022-09-13 09:40:13.441'),
	 (1656,'Андрей','Данилов','+79007561892','2022-09-03 08:41:30.736'),
	 (1752,'Алексей','Бобылёв','+79677515831','2023-01-03 02:17:20.859'),
	 (1827,'Эмилия','Шубина','+79085276211','2022-10-17 21:25:54.887'),
	 (1875,'Анна','Ширяева','+79026669218','2022-11-21 11:22:08.351'),
	 (1955,'Всеволод','Зуев','+79538867174','2023-01-18 18:25:14.937'),
	 (1971,'Владлен','Андреев','+79501395084','2022-12-04 20:58:41.259');
INSERT INTO tinkoff_game.client (client_rk,first_name,last_name,phone_num,visit_dttm) VALUES
	 (2003,'Влад','Лыткин','+79501193250','2022-11-11 20:45:44.803'),
	 (2086,'Сергей','Костин','+79001595792','2022-10-23 17:26:58.683'),
	 (2262,'Радислав','Русаков','+79652367178','2023-01-18 09:46:41.35'),
	 (2278,'Инна','Елисеева','+79671983526','2022-10-06 16:53:02.902'),
	 (2369,'Мария','Савельева','+79657877472','2023-01-24 06:09:21.279'),
	 (2572,'Семён','Никифоров','+79513193476','2022-12-26 22:11:12.342'),
	 (2588,'Гарри','Агафонов','+79091097069','2022-12-23 05:09:02.583'),
	 (2780,'Богдан','Щукин','+79048628077','2022-09-17 04:56:10.68'),
	 (2796,'Святослав','Лихачёв','+79513231418','2022-10-28 16:28:40.395'),
	 (2903,'Вениамин','Суханов','+79007155900','2022-12-27 08:14:55.356');
INSERT INTO tinkoff_game.client (client_rk,first_name,last_name,phone_num,visit_dttm) VALUES
	 (3098,'Тарас','Романов','+79539377449','2023-01-07 07:00:23.091'),
	 (3114,'Олеся','Маслова','+79654632167','2022-12-31 03:56:48.04'),
	 (3194,'Валентина','Борисова','+79083922111','2023-01-28 22:54:30.121'),
	 (3290,'Клим','Блохин','+79025171532','2022-11-15 06:36:57.065'),
	 (3306,'Альберт','Шубин','+79651412848','2022-09-07 03:21:05.933'),
	 (3349,'Кирилл','Рыбаков','+79678901703','2022-11-28 13:40:21.697'),
	 (3557,'Ярослав','Гущин','+79537762705','2022-09-16 23:38:08.092'),
	 (3584,'Вадим','Титов','+79531581683','2022-09-28 15:34:30.132'),
	 (3616,'Давид','Носков','+79514209073','2022-09-05 16:19:02.842'),
	 (3664,'Август','Андреев','+79021935699','2022-09-03 18:01:07.839');
INSERT INTO tinkoff_game.client (client_rk,first_name,last_name,phone_num,visit_dttm) VALUES
	 (3680,'Руслан','Тихонов','+79089392136','2022-11-04 13:32:56.257'),
	 (3776,'Иосиф','Логинов','+79677990915','2023-01-19 07:06:22.625'),
	 (3851,'Варвара','Власова','+79688566140','2023-01-31 12:12:22.689'),
	 (3883,'Вероника','Горбачёва','+79514437558','2022-10-12 06:07:31.768'),
	 (3979,'Кирилл','Муравьёв','+79083563433','2022-11-14 04:28:55.626'),
	 (4091,'Данила','Фокин','+79633625485','2022-12-09 19:12:58.067'),
	 (30,'Ярослава','Иванова','+79098715551','2022-09-19 00:37:42.583'),
	 (46,'Август','Кошелев','+79688587576','2022-12-31 07:27:45.978'),
	 (62,'Василий','Некрасов','+79662682387','2022-09-01 20:51:21.686'),
	 (110,'Максим','Игнатов','+79023457978','2022-12-31 02:06:38.387');
INSERT INTO tinkoff_game.client (client_rk,first_name,last_name,phone_num,visit_dttm) VALUES
	 (126,'Ника','Панова','+79509906381','2022-12-29 01:16:58.034'),
	 (142,'Алексей','Ширяев','+79526199995','2023-01-16 23:13:16.766'),
	 (158,'Валерий','Носков','+79008325998','2022-09-22 19:45:45.886'),
	 (190,'Искра','Афанасьева','+79041779364','2022-10-23 07:54:43.127'),
	 (206,'Ростислав','Игнатов','+79001035782','2022-10-25 05:19:54.576'),
	 (222,'Кузьма','Петухов','+79682239057','2022-11-28 19:19:36.477'),
	 (238,'Игнатий','Фокин','+79086146136','2022-11-01 14:09:45.672'),
	 (254,'Виктория','Комарова','+79646639104','2022-11-03 23:21:16.508'),
	 (281,'Милан','Шаров','+79518399146','2023-01-31 04:48:02.29'),
	 (297,'Екатерина','Селиверстова','+79658661050','2022-12-14 21:32:42.244');
INSERT INTO tinkoff_game.client (client_rk,first_name,last_name,phone_num,visit_dttm) VALUES
	 (313,'Эльвира','Большакова','+79513578464','2022-11-17 06:06:05.754'),
	 (329,'Денис','Селезнёв','+79525802385','2023-01-05 14:32:35.451'),
	 (361,'Клара','Сысоева','+79089063984','2022-09-17 22:10:32.74'),
	 (377,'Марк','Логинов','+79656856664','2022-12-18 19:26:58.949'),
	 (393,'Станислав','Шашков','+79523189161','2022-09-04 06:17:22.358'),
	 (409,'Юрий','Евдокимов','+79668540446','2023-01-28 07:50:24.409'),
	 (441,'Тимофей','Григорьев','+79045115348','2022-10-27 06:29:00.955'),
	 (473,'Ярослав','Егоров','+79664508958','2023-01-13 16:49:50.642'),
	 (505,'Александр','Афанасьев','+79655527466','2023-01-12 04:31:54.305'),
	 (532,'Эльвира','Новикова','+79026868945','2022-10-25 23:28:57.069');
INSERT INTO tinkoff_game.client (client_rk,first_name,last_name,phone_num,visit_dttm) VALUES
	 (548,'Лев','Герасимов','+79023417267','2023-01-01 06:20:50.42'),
	 (564,'Инга','Журавлёва','+79661881907','2023-01-03 08:43:16.335'),
	 (580,'Ярослава','Яковлева','+79648258773','2022-12-03 12:02:28.358'),
	 (596,'Ксения','Белякова','+79098532730','2023-02-01 04:09:11.738'),
	 (612,'Зинаида','Котова','+79519425535','2022-11-01 13:21:24.02'),
	 (628,'Эмилия','Никитина','+79044653722','2022-12-14 10:51:38.86'),
	 (644,'Ульяна','Тихонова','+79661975023','2022-11-09 03:34:09.091'),
	 (660,'Ева','Степанова','+79525374564','2022-11-02 19:38:31.543'),
	 (676,'Анна','Григорьева','+79513793026','2022-09-06 20:00:44.776'),
	 (708,'Марк','Горбачёв','+79522570410','2022-09-01 16:37:01.468');
INSERT INTO tinkoff_game.client (client_rk,first_name,last_name,phone_num,visit_dttm) VALUES
	 (724,'Альбина','Антонова','+79046748983','2023-01-09 09:37:02.201'),
	 (740,'Яна','Щербакова','+79653326730','2023-01-19 05:17:10.898'),
	 (756,'Тимофей','Степанов','+79642374753','2023-02-01 16:46:03.653'),
	 (783,'Станислав','Кудрявцев','+79515668079','2022-09-11 12:17:26.895'),
	 (799,'Людмила','Зыкова','+79505489605','2022-11-22 17:24:47.699'),
	 (815,'Леонид','Титов','+79086958220','2023-01-12 22:26:29.539'),
	 (831,'Зоя','Калинина','+79027054481','2022-09-20 02:10:44.243'),
	 (847,'Милан','Дмитриев','+79529118738','2023-01-15 23:31:02.164'),
	 (863,'Лилия','Афанасьева','+79529129757','2022-10-14 00:46:37.814'),
	 (879,'Захар','Наумов','+79526273553','2022-12-11 10:25:24.525');
INSERT INTO tinkoff_game.client (client_rk,first_name,last_name,phone_num,visit_dttm) VALUES
	 (927,'Оксана','Павлова','+79041944982','2022-10-17 15:32:08.759'),
	 (943,'Ника','Носкова','+79003044985','2022-12-10 16:57:55.133'),
	 (991,'Алина','Агафонова','+79085681715','2022-11-20 07:05:24.953'),
	 (1007,'Лилия','Муравьёва','+79046557987','2022-10-29 12:09:03.672'),
	 (1023,'Аполлон','Соловьёв','+79533333295','2023-01-13 08:39:04.731'),
	 (1026,'Ян','Ковалёв','+79093238034','2022-10-14 11:36:50.961'),
	 (1042,'Сергей','Фомичёв','+79093757856','2023-01-20 09:55:04.227'),
	 (1058,'Елизавета','Калинина','+79512298053','2022-09-15 19:39:26.895'),
	 (1074,'Злата','Стрелкова','+79028304780','2022-11-21 16:49:32.362'),
	 (1090,'Владлена','Маркова','+79525129389','2022-10-03 15:08:22.506');
INSERT INTO tinkoff_game.client (client_rk,first_name,last_name,phone_num,visit_dttm) VALUES
	 (1106,'Капитолина','Осипова','+79535081023','2022-09-25 05:37:13.353'),
	 (1122,'Глеб','Вишняков','+79023654757','2022-12-07 10:10:22.414'),
	 (1138,'Тарас','Колесников','+79667961526','2022-09-07 19:45:02.912'),
	 (1154,'Майя','Блинова','+79083797042','2022-10-24 17:18:06.572'),
	 (1170,'Надежда','Калинина','+79084395549','2022-12-02 14:54:54.364'),
	 (1186,'Константин','Морозов','+79683586160','2022-11-20 01:11:33.725'),
	 (1202,'Болеслав','Кузьмин','+79045357516','2022-10-12 01:19:20.831'),
	 (1218,'Владимир','Лукин','+79004731153','2022-09-18 06:19:10.885'),
	 (1234,'Александра','Новикова','+79503607623','2022-09-01 09:00:11.569'),
	 (1250,'Всеволод','Казаков','+79533804662','2022-09-05 16:22:12.028');
INSERT INTO tinkoff_game.client (client_rk,first_name,last_name,phone_num,visit_dttm) VALUES
	 (1293,'Денис','Мартынов','+79521091220','2022-10-20 07:48:26.199'),
	 (1309,'Наталья','Белова','+79651870612','2022-09-14 11:32:29.837'),
	 (1357,'Спартак','Васильев','+79507921718','2022-12-16 20:59:25.881'),
	 (1373,'Антон','Гурьев','+79666380263','2022-11-04 13:21:04.353'),
	 (1405,'Радислав','Хохлов','+79645434808','2022-09-19 01:29:37.548'),
	 (1421,'Валерия','Лебедева','+79021431350','2022-10-23 01:29:10.531'),
	 (1437,'Светлана','Селиверстова','+79684371961','2022-12-15 04:16:46.719'),
	 (1453,'Стефан','Антонов','+79006204948','2022-11-05 20:18:41.062'),
	 (1469,'Дарья','Фролова','+79085420561','2022-11-17 16:29:29.651'),
	 (1485,'Алина','Назарова','+79532688073','2022-10-02 23:36:53.009');
INSERT INTO tinkoff_game.client (client_rk,first_name,last_name,phone_num,visit_dttm) VALUES
	 (1501,'Маргарита','Дементьева','+79094754672','2022-09-24 12:51:38.717'),
	 (1544,'Изабелла','Коновалова','+79021403148','2022-11-20 18:03:20.679'),
	 (1576,'Герасим','Лаврентьев','+79512496688','2022-10-04 10:31:08.236'),
	 (1592,'Лариса','Тарасова','+79006056748','2022-11-08 20:41:57.698'),
	 (11,'Ярослав','Петухов','+79096228550','2023-01-10 00:58:15.621'),
	 (43,'Юлиан','Исаев','+79028436253','2022-10-29 04:55:23.749'),
	 (75,'Анфиса','Орехова','+79514892412','2022-10-24 05:39:13.495'),
	 (91,'София','Крюкова','+79046919112','2022-12-16 12:10:16.278'),
	 (139,'Антонина','Лебедева','+79518247658','2022-11-17 14:57:06.61'),
	 (171,'Евгения','Колесникова','+79526990675','2022-09-27 12:11:10.939');
INSERT INTO tinkoff_game.client (client_rk,first_name,last_name,phone_num,visit_dttm) VALUES
	 (187,'Евгений','Пономарёв','+79646175115','2022-09-27 05:31:50.032'),
	 (219,'Мария','Симонова','+79658453028','2023-01-19 14:56:23.519'),
	 (288,'Анна','Хохлова','+79641196125','2023-01-12 08:36:54.363'),
	 (320,'Ольга','Костина','+79524632732','2022-12-19 06:37:08.332'),
	 (368,'Аркадий','Овчинников','+79648484834','2022-09-25 10:51:52.516'),
	 (741,'Вера','Гурьева','+79089787783','2022-09-27 19:59:15.807'),
	 (794,'Яна','Капустина','+79534072679','2022-10-03 07:35:27.636'),
	 (890,'Гарри','Копылов','+79654520694','2022-09-24 23:19:56.807'),
	 (1018,'Искра','Журавлёва','+79632041886','2023-01-27 17:49:02.851'),
	 (1079,'Иннокентий','Носов','+79513526490','2023-01-12 16:30:54.611');
INSERT INTO tinkoff_game.client (client_rk,first_name,last_name,phone_num,visit_dttm) VALUES
	 (1143,'Евгений','Шилов','+79087853768','2022-09-04 13:07:01.356'),
	 (1159,'Светлана','Ширяева','+79502608727','2022-10-30 01:18:22.65'),
	 (1239,'Абрам','Белозёров','+79689849228','2022-10-08 11:26:16.736'),
	 (1404,'Игнатий','Кузьмин','+79085166602','2022-12-07 15:11:40.504'),
	 (1436,'Марат','Ершов','+79537425751','2022-11-30 01:52:45.933'),
	 (1452,'Савва','Евдокимов','+79671468185','2022-12-18 23:01:44.073'),
	 (1617,'Доминика','Савельева','+79535178830','2022-10-03 09:11:04.013'),
	 (1649,'Майя','Захарова','+79684528799','2023-01-04 15:31:47.748'),
	 (1697,'Таисия','Панова','+79675336322','2022-11-22 03:59:27.817'),
	 (1713,'Лидия','Исакова','+79683689372','2022-12-14 21:50:38.417');
INSERT INTO tinkoff_game.client (client_rk,first_name,last_name,phone_num,visit_dttm) VALUES
	 (1729,'Семён','Тимофеев','+79687887138','2022-09-22 01:08:20.752'),
	 (1830,'Яков','Терентьев','+79539729183','2022-09-22 14:45:07.977'),
	 (1910,'Анна','Ефимова','+79501557415','2022-10-29 16:32:49.173'),
	 (2022,'Клара','Полякова','+79517949342','2022-11-19 04:07:47.882'),
	 (2038,'Мирослав','Колесников','+79688863610','2022-09-11 23:09:07.15'),
	 (2131,'Анжелика','Зуева','+79686713976','2022-12-20 19:37:33.49'),
	 (2179,'Добрыня','Самойлов','+79675744974','2022-12-21 07:26:16.405'),
	 (2195,'Станислав','Шестаков','+79639083469','2023-01-23 23:40:12.595'),
	 (2259,'Нестор','Игнатьев','+79086830512','2022-09-28 09:12:50.72'),
	 (2328,'Альбина','Матвеева','+79687233701','2023-01-08 23:47:27.288');
INSERT INTO tinkoff_game.client (client_rk,first_name,last_name,phone_num,visit_dttm) VALUES
	 (2360,'Трофим','Рябов','+79021268760','2022-12-05 15:08:27.26'),
	 (2376,'Адриан','Фомин','+79088566167','2022-12-07 05:19:56.586'),
	 (2424,'Дан','Громов','+79531734884','2022-11-11 04:25:24.823'),
	 (2456,'Лада','Титова','+79083633088','2022-11-24 15:52:59.293'),
	 (2472,'Адриан','Петров','+79029586614','2022-11-07 23:00:08.17'),
	 (2488,'Август','Дмитриев','+79502681299','2022-09-20 04:29:24.535'),
	 (2536,'Нелли','Иванова','+79525277032','2022-10-25 14:41:02.207'),
	 (2573,'Инна','Некрасова','+79668938569','2022-11-17 05:23:29.083'),
	 (2653,'Павел','Игнатов','+79024742335','2022-11-05 19:38:19.957'),
	 (2749,'Алексей','Орлов','+79665255371','2023-01-08 20:08:05.592');
INSERT INTO tinkoff_game.client (client_rk,first_name,last_name,phone_num,visit_dttm) VALUES
	 (2765,'Макар','Пономарёв','+79522129530','2022-09-13 12:19:42.82'),
	 (2834,'Злата','Шашкова','+79636597141','2022-10-08 10:57:47.956'),
	 (2930,'Федосья','Осипова','+79632136336','2022-10-07 16:55:45.346'),
	 (2962,'Инга','Лобанова','+79528668273','2022-11-30 02:28:39.437'),
	 (3042,'Марта','Макарова','+79649098063','2023-01-31 09:32:47.523'),
	 (3119,'Инга','Кудряшова','+79029879096','2022-10-02 17:27:22.229'),
	 (3135,'Ирина','Орехова','+79517717810','2022-09-23 06:50:30.529'),
	 (3231,'Александр','Панов','+79042850219','2023-01-14 02:25:16.734'),
	 (3428,'Лев','Дорофеев','+79634548062','2022-10-22 23:32:33.492'),
	 (3556,'Лариса','Большакова','+79674379020','2022-10-16 03:52:28.438');
INSERT INTO tinkoff_game.client (client_rk,first_name,last_name,phone_num,visit_dttm) VALUES
	 (3673,'Бронислав','Федотов','+79651481936','2022-12-19 21:21:40.54'),
	 (3833,'Аркадий','Блохин','+79688221795','2022-12-13 16:24:16.452'),
	 (3934,'Эмилия','Кудрявцева','+79536815727','2022-09-03 11:37:12.792'),
	 (3966,'Вадим','Петров','+79509016450','2022-09-04 00:53:27.806'),
	 (4062,'Олег','Фомичёв','+79025863737','2023-01-08 11:10:44.753'),
	 (27,'Ксения','Фёдорова','+79651564477','2022-09-27 03:34:41.337'),
	 (59,'Семён','Алексеев','+79529934669','2023-01-13 19:36:18.121'),
	 (107,'Сергей','Архипов','+79516913493','2022-11-02 03:04:58.476'),
	 (123,'Софья','Гришина','+79008912485','2022-11-13 17:35:56.423'),
	 (155,'Лев','Евсеев','+79687820606','2022-10-15 10:59:54.401');
INSERT INTO tinkoff_game.client (client_rk,first_name,last_name,phone_num,visit_dttm) VALUES
	 (203,'Святослав','Петухов','+79536281264','2022-09-19 00:11:10.794'),
	 (235,'Инга','Красильникова','+79636942072','2022-12-24 14:33:20.825'),
	 (251,'Майя','Никонова','+79099644960','2023-01-23 12:45:58.149'),
	 (256,'Альберт','Юдин','+79669545462','2022-11-16 04:22:26.474'),
	 (272,'Лев','Вишняков','+79081957504','2023-01-01 06:58:04.867'),
	 (304,'Лилия','Кабанова','+79029764368','2022-10-27 18:38:47.883'),
	 (336,'Евгения','Крылова','+79634393174','2023-01-05 11:16:42.864'),
	 (352,'Рената','Васильева','+79096139388','2023-01-05 18:28:16.428'),
	 (384,'Арсений','Муравьёв','+79645079096','2023-01-01 19:00:38.733'),
	 (400,'Виктория','Григорьева','+79513295132','2022-10-06 04:40:28.666');
INSERT INTO tinkoff_game.client (client_rk,first_name,last_name,phone_num,visit_dttm) VALUES
	 (416,'Искра','Пестова','+79533076209','2023-01-05 03:52:34.999'),
	 (432,'Лада','Самойлова','+79644293969','2022-12-14 13:54:37.257'),
	 (448,'Олег','Гурьев','+79645001975','2022-11-05 04:08:39.985'),
	 (464,'Изольда','Полякова','+79097978645','2022-12-24 22:14:04.087'),
	 (480,'Альбина','Вишнякова','+79663360548','2022-09-30 04:53:47.207'),
	 (496,'Эмма','Денисова','+79526257196','2022-12-15 17:42:18.807'),
	 (517,'Зинаида','Белоусова','+79653676551','2023-01-24 01:46:54.602'),
	 (533,'Екатерина','Самсонова','+79001967326','2022-09-09 13:06:57.483'),
	 (549,'Ева','Веселова','+79646404033','2022-12-22 03:23:29.168'),
	 (565,'Григорий','Лобанов','+79641519366','2022-11-09 08:34:14.124');
INSERT INTO tinkoff_game.client (client_rk,first_name,last_name,phone_num,visit_dttm) VALUES
	 (581,'Степан','Белоусов','+79099541596','2023-01-25 01:07:55.785'),
	 (597,'Капитолина','Калашникова','+79656942447','2022-12-31 13:16:13.389'),
	 (613,'Эрик','Сорокин','+79005648181','2022-12-19 06:24:59.31'),
	 (629,'Ольга','Шестакова','+79025012838','2022-10-04 23:17:14.251'),
	 (645,'Трофим','Наумов','+79089200865','2022-10-06 20:56:42.73'),
	 (661,'Милан','Бобров','+79642688799','2022-12-15 12:22:21.013'),
	 (677,'Мария','Горбунова','+79093398948','2022-09-13 05:37:50.82'),
	 (693,'Сава','Доронин','+79006582313','2022-09-16 00:22:28.465'),
	 (709,'Тамара','Борисова','+79088250514','2023-01-20 06:42:25.244'),
	 (725,'Рафаил','Коновалов','+79666605648','2022-12-09 15:30:51.411');
INSERT INTO tinkoff_game.client (client_rk,first_name,last_name,phone_num,visit_dttm) VALUES
	 (757,'Софья','Тимофеева','+79525417624','2022-10-28 18:05:49.624'),
	 (778,'Мальвина','Суворова','+79505338723','2022-10-07 01:25:11.767'),
	 (810,'Нелли','Иванова','+79688773182','2022-10-11 22:26:30.761'),
	 (826,'Валентина','Суханова','+79676626274','2022-09-29 23:40:01.644'),
	 (842,'Иммануил','Новиков','+79689251066','2022-09-18 19:01:24.349'),
	 (858,'Владислав','Кошелев','+79082705923','2022-09-07 20:30:39.122'),
	 (874,'Лаврентий','Лобанов','+79045520094','2023-01-06 11:11:52.586'),
	 (906,'Елизавета','Доронина','+79047018358','2022-10-15 18:54:49.333'),
	 (922,'Всеволод','Баранов','+79041037120','2022-11-01 18:37:14.225'),
	 (938,'Майя','Бурова','+79083510870','2022-12-26 17:31:01.551');
INSERT INTO tinkoff_game.client (client_rk,first_name,last_name,phone_num,visit_dttm) VALUES
	 (954,'Елизавета','Чернова','+79528315382','2022-11-17 13:22:32.179'),
	 (970,'Лаврентий','Блинов','+79656098486','2023-01-16 10:31:15.935'),
	 (986,'Люся','Самсонова','+79027455409','2023-01-20 23:41:37.944'),
	 (1002,'Милан','Ершов','+79686456261','2023-01-19 20:07:37.047'),
	 (1031,'Людмила','Силина','+79679678998','2023-01-08 01:53:31.767'),
	 (1047,'Алёна','Красильникова','+79635943136','2022-11-03 14:52:23.979'),
	 (1063,'Марта','Боброва','+79672695561','2023-01-08 23:16:12.259'),
	 (1095,'Вероника','Трофимова','+79507143420','2022-12-11 06:04:07.522'),
	 (1111,'Олег','Мамонтов','+79682544898','2022-10-27 01:19:31.555'),
	 (1127,'Татьяна','Русакова','+79664322803','2022-12-19 22:26:29.491');
INSERT INTO tinkoff_game.client (client_rk,first_name,last_name,phone_num,visit_dttm) VALUES
	 (1175,'София','Кондратьева','+79524478135','2023-01-26 11:35:49.47'),
	 (1191,'Ираклий','Тимофеев','+79531176919','2022-12-12 17:09:42.897'),
	 (1207,'Геннадий','Вишняков','+79645805093','2022-09-04 03:22:14.405'),
	 (1223,'Семён','Ермаков','+79508323822','2022-10-22 15:03:28.075'),
	 (1255,'Юлиан','Пахомов','+79084296325','2022-09-04 04:15:42.228'),
	 (1271,'Давид','Рожков','+79685282983','2023-01-23 14:48:31.837'),
	 (1292,'Алина','Муравьёва','+79094159224','2022-12-15 07:47:30.413'),
	 (1308,'Эдуард','Воронов','+79509637427','2022-12-13 12:13:38.364'),
	 (1324,'Ярослава','Дементьева','+79523814770','2023-01-05 03:29:43.375'),
	 (1340,'Болеслав','Власов','+79045719331','2022-09-08 00:02:05.041');
INSERT INTO tinkoff_game.client (client_rk,first_name,last_name,phone_num,visit_dttm) VALUES
	 (1356,'Доминика','Давыдова','+79515698498','2022-10-04 23:05:27.044'),
	 (1372,'Альберт','Гуляев','+79095900348','2022-10-06 11:19:20.545'),
	 (1388,'Роберт','Зыков','+79525642030','2022-09-05 03:48:08.374'),
	 (1420,'Артемий','Зайцев','+79021621632','2022-10-04 11:52:58.191'),
	 (1468,'Данила','Зуев','+79502136398','2023-01-21 08:38:40.746'),
	 (24,'Артемий','Силин','+79095739670','2023-01-26 16:39:37.253'),
	 (72,'Филипп','Киселёв','+79088025812','2023-01-02 13:38:24.436'),
	 (104,'Елена','Соболева','+79654600093','2022-11-08 19:35:45.177'),
	 (248,'Денис','Степанов','+79501670297','2023-01-16 01:11:06.378'),
	 (259,'Ян','Муравьёв','+79005741911','2022-10-10 02:29:03.815');
INSERT INTO tinkoff_game.client (client_rk,first_name,last_name,phone_num,visit_dttm) VALUES
	 (339,'Константин','Силин','+79087646793','2022-12-24 06:20:16.058'),
	 (403,'Григорий','Быков','+79687071286','2022-09-15 16:28:28.149'),
	 (419,'Юлиан','Фокин','+79512359117','2022-10-09 19:50:28.95'),
	 (483,'Владлена','Кондратьева','+79651452281','2022-11-08 08:59:03.024'),
	 (514,'Виль','Пестов','+79045401652','2022-10-08 09:08:05.1'),
	 (594,'Искра','Ефремова','+79096690795','2022-12-03 17:17:26.618'),
	 (690,'Абрам','Гурьев','+79522458251','2022-09-22 14:00:07.548'),
	 (845,'Альберт','Дмитриев','+79658222226','2023-01-01 17:26:26.65'),
	 (877,'Кирилл','Матвеев','+79667875313','2023-02-01 04:32:20.964'),
	 (909,'Анфиса','Суворова','+79534525239','2022-09-13 22:56:56.937');
INSERT INTO tinkoff_game.client (client_rk,first_name,last_name,phone_num,visit_dttm) VALUES
	 (1021,'Федосья','Павлова','+79685748471','2023-01-09 00:32:29.055'),
	 (1044,'Вениамин','Алексеев','+79527731354','2023-01-14 18:45:12.574'),
	 (1060,'Виктор','Кудряшов','+79641326150','2022-11-07 04:26:59.497'),
	 (1092,'Тит','Мясников','+79674388467','2022-11-30 14:33:46.887'),
	 (1124,'Ярослав','Кириллов','+79634277755','2023-01-21 11:05:58.756'),
	 (1268,'Ярослава','Герасимова','+79667942235','2022-10-24 21:37:29.503'),
	 (1471,'Роман','Шестаков','+79024386032','2022-10-25 16:58:22.473'),
	 (1566,'Родион','Суханов','+79538220055','2022-11-18 00:01:22.19'),
	 (1662,'Вячеслав','Николаев','+79001684473','2022-09-05 17:59:24.33'),
	 (1801,'Григорий','Матвеев','+79095220213','2022-10-18 06:48:58.084');
INSERT INTO tinkoff_game.client (client_rk,first_name,last_name,phone_num,visit_dttm) VALUES
	 (1897,'Игнат','Нестеров','+79667040475','2022-12-03 01:28:28.724'),
	 (1929,'Аркадий','Громов','+79047395924','2023-01-07 19:33:34.389'),
	 (2048,'Артём','Николаев','+79648137766','2023-01-28 05:25:32.171'),
	 (2112,'Владислав','Карпов','+79677352483','2022-12-13 02:57:18.08'),
	 (2160,'Филипп','Шилов','+79008754299','2022-10-10 13:03:49.708'),
	 (2240,'Давид','Иванов','+79021508071','2022-09-27 13:10:31.11'),
	 (2272,'Клементина','Жукова','+79632776928','2022-10-20 20:11:51.006'),
	 (2347,'Милан','Большаков','+79515996981','2022-10-31 01:13:13.76'),
	 (2363,'Полина','Соболева','+79084593634','2022-12-02 14:35:11.795'),
	 (2475,'Алина','Захарова','+79522488566','2022-10-02 23:39:59.06');
INSERT INTO tinkoff_game.client (client_rk,first_name,last_name,phone_num,visit_dttm) VALUES
	 (2539,'Богдан','Чернов','+79633447815','2022-09-20 01:49:10.309'),
	 (2570,'Степан','Юдин','+79099387630','2022-12-18 13:19:09.081'),
	 (2634,'Альбина','Крылова','+79504824876','2022-09-14 14:27:56.18'),
	 (2650,'Константин','Некрасов','+79522749898','2023-01-15 14:53:53.554'),
	 (2762,'Павел','Жданов','+79659787425','2022-10-24 07:22:53.556'),
	 (3084,'Игорь','Ситников','+79678583501','2022-12-28 10:31:33.031'),
	 (3164,'Константин','Пестов','+79002063865','2023-01-07 08:11:34.075'),
	 (3260,'Ксения','Родионова','+79081077682','2022-09-08 03:44:06.281'),
	 (3367,'Инесса','Маслова','+79514439570','2022-10-07 09:33:00.085'),
	 (3527,'Клементина','Голубева','+79655894427','2022-11-08 01:24:26.169');
INSERT INTO tinkoff_game.client (client_rk,first_name,last_name,phone_num,visit_dttm) VALUES
	 (3798,'Филипп','Логинов','+79681465674','2022-11-02 04:26:58.351'),
	 (3905,'Иван','Самойлов','+79655193279','2022-09-25 05:27:55.864'),
	 (3937,'Инесса','Гурьева','+79675288419','2022-12-30 04:33:36.972'),
	 (3969,'Капитолина','Силина','+79095301159','2022-12-31 13:48:22.341'),
	 (4001,'Эдуард','Ситников','+79647346698','2022-10-07 13:07:41.162'),
	 (4081,'Маргарита','Лобанова','+79529990819','2022-09-02 22:46:02.174'),
	 (40,'Глеб','Ермаков','+79689456459','2022-09-09 13:22:26.398'),
	 (56,'Галина','Блохина','+79049863552','2022-09-27 19:38:49.198'),
	 (88,'Алёна','Калашникова','+79686115277','2022-10-01 17:20:31.905'),
	 (120,'Гордей','Дементьев','+79043832926','2022-09-04 07:19:03.723');
INSERT INTO tinkoff_game.client (client_rk,first_name,last_name,phone_num,visit_dttm) VALUES
	 (136,'Алёна','Сафонова','+79513751358','2022-10-23 19:06:25.157'),
	 (152,'Марина','Давыдова','+79046062215','2022-12-26 22:16:48.644'),
	 (168,'Доминика','Артемьева','+79652907501','2022-09-11 14:52:57.466'),
	 (184,'Валерия','Титова','+79667852921','2022-10-19 05:07:04.884'),
	 (200,'Таисия','Терентьева','+79005665686','2022-12-13 05:15:48.149'),
	 (216,'Савва','Казаков','+79521472837','2022-12-01 11:44:01.962'),
	 (232,'Лилия','Бурова','+79653744522','2023-01-07 10:19:14.367'),
	 (275,'Людмила','Максимова','+79042112301','2023-01-01 00:52:50.789'),
	 (291,'Ирина','Евсеева','+79048526119','2022-09-25 02:58:50.102'),
	 (307,'Павел','Прохоров','+79685108264','2022-10-05 16:02:51.576');
INSERT INTO tinkoff_game.client (client_rk,first_name,last_name,phone_num,visit_dttm) VALUES
	 (323,'Захар','Федотов','+79528189247','2022-09-01 23:35:01.058'),
	 (355,'Оксана','Маркова','+79044388901','2022-11-01 15:45:37.614'),
	 (371,'Тамара','Исаева','+79048249909','2022-10-23 13:26:14.057'),
	 (387,'Милан','Меркушев','+79022424347','2022-10-12 01:49:51.026'),
	 (435,'Милан','Кулаков','+79048022395','2023-01-18 05:39:16.146'),
	 (451,'Дан','Панфилов','+79009801929','2022-11-17 11:01:19.369'),
	 (467,'Галина','Копылова','+79524792719','2022-10-20 00:04:25.294'),
	 (499,'Светлана','Константинова','+79643446793','2022-09-26 09:39:09.145'),
	 (530,'Флорентина','Волкова','+79676171946','2022-09-12 21:27:41.119'),
	 (546,'Герасим','Морозов','+79665137178','2022-11-01 21:36:54.155');
INSERT INTO tinkoff_game.client (client_rk,first_name,last_name,phone_num,visit_dttm) VALUES
	 (562,'Тимур','Соколов','+79532030719','2023-02-01 03:26:36.907'),
	 (578,'Клим','Пестов','+79635954521','2022-12-30 22:21:44.622'),
	 (610,'Валентин','Ефимов','+79513862770','2022-10-13 11:50:53.083'),
	 (626,'Матвей','Бирюков','+79652911612','2022-09-30 10:35:17.727'),
	 (642,'Розалина','Дьячкова','+79041519873','2022-12-28 08:34:36.221'),
	 (658,'Владлена','Титова','+79685680975','2022-10-05 21:19:09.589'),
	 (674,'Вера','Ковалёва','+79043509896','2022-09-09 11:37:12.599'),
	 (706,'Яна','Абрамова','+79651086291','2022-09-06 03:14:46.589'),
	 (722,'Валентина','Самсонова','+79096854731','2023-01-25 18:27:22.919'),
	 (738,'Юрий','Артемьев','+79005507290','2022-09-24 00:06:52.975');
INSERT INTO tinkoff_game.client (client_rk,first_name,last_name,phone_num,visit_dttm) VALUES
	 (754,'Прохор','Сорокин','+79029326274','2022-11-19 01:38:47.294'),
	 (781,'Аким','Кудряшов','+79003552340','2022-10-21 18:16:35.064'),
	 (797,'Матвей','Пестов','+79029213076','2023-01-12 21:59:11.677'),
	 (813,'Зоя','Яковлева','+79674505546','2022-09-09 17:20:09.385'),
	 (829,'Жанна','Анисимова','+79537011460','2022-11-16 19:49:56.691'),
	 (861,'Абрам','Корнилов','+79097725124','2022-09-29 22:40:15.92'),
	 (893,'Никодим','Шилов','+79631811324','2022-09-07 04:26:10.337'),
	 (925,'Роман','Киселёв','+79003154609','2022-09-08 13:39:16.268'),
	 (941,'Пётр','Афанасьев','+79535383695','2022-11-17 21:55:38.072'),
	 (957,'Максим','Григорьев','+79536724738','2023-01-20 19:00:48.737');
INSERT INTO tinkoff_game.client (client_rk,first_name,last_name,phone_num,visit_dttm) VALUES
	 (973,'Ульяна','Жукова','+79672908578','2023-01-22 23:06:34.019'),
	 (989,'Таисия','Павлова','+79514937855','2022-12-27 14:29:55.883'),
	 (1005,'Екатерина','Федосеева','+79042310185','2022-10-10 00:33:13.091'),
	 (1028,'Диана','Бобылёва','+79089547778','2022-09-08 02:38:27.261'),
	 (1076,'Рената','Кошелева','+79632418646','2022-11-29 01:12:12.92'),
	 (1108,'Марк','Зиновьев','+79081610536','2022-09-22 06:23:57.284'),
	 (1140,'Ираклий','Журавлёв','+79634511264','2023-01-22 21:17:16.84'),
	 (1156,'Артур','Сорокин','+79099075426','2022-12-01 11:09:15.765'),
	 (1172,'Дан','Гордеев','+79538864157','2022-12-04 07:18:06.781'),
	 (1188,'Пётр','Богданов','+79677279274','2022-10-11 13:42:56.189');
INSERT INTO tinkoff_game.client (client_rk,first_name,last_name,phone_num,visit_dttm) VALUES
	 (1204,'Нина','Ефремова','+79648513869','2022-12-07 23:56:06.557'),
	 (1220,'Дарья','Крюкова','+79539341384','2022-09-25 20:04:34.562'),
	 (1236,'Кузьма','Рогов','+79654907890','2023-01-20 18:11:55.913'),
	 (1252,'Милан','Кулаков','+79649867611','2022-09-01 07:21:42.22'),
	 (1295,'Инесса','Колобова','+79024189016','2022-12-18 11:19:56.736'),
	 (1311,'Рената','Терентьева','+79513541258','2022-09-12 00:11:27.492'),
	 (1327,'Нелли','Тетерина','+79094204124','2022-09-17 07:40:35.196'),
	 (1343,'Юрий','Титов','+79509669192','2022-11-13 09:54:29.158'),
	 (1359,'Алексей','Нестеров','+79655663280','2023-01-06 06:18:48.732'),
	 (1375,'Клементина','Киселёва','+79635985490','2022-12-18 08:41:06.427');
INSERT INTO tinkoff_game.client (client_rk,first_name,last_name,phone_num,visit_dttm) VALUES
	 (1391,'Инесса','Павлова','+79509816205','2022-09-13 12:14:04.301'),
	 (1407,'Влад','Денисов','+79635502596','2022-09-14 20:00:53.778'),
	 (1423,'Вадим','Щербаков','+79668108600','2023-01-24 07:16:39.328'),
	 (1439,'Трофим','Гордеев','+79009141286','2022-09-10 02:02:57.45'),
	 (1455,'Фаина','Белоусова','+79679117230','2022-09-26 00:02:48.466'),
	 (1487,'Игнатий','Воронцов','+79516867246','2022-12-26 05:38:53.372'),
	 (1503,'Диана','Ильина','+79684037816','2023-01-31 03:40:00.336'),
	 (1519,'Лев','Кириллов','+79681077936','2022-11-13 04:59:21.472'),
	 (1535,'Искра','Авдеева','+79002973482','2022-09-11 06:36:04.591'),
	 (1550,'Даниил','Трофимов','+79667942599','2022-10-16 06:06:29.425');
INSERT INTO tinkoff_game.client (client_rk,first_name,last_name,phone_num,visit_dttm) VALUES
	 (1582,'Евгения','Рогова','+79091329158','2022-09-25 21:58:08.642'),
	 (1598,'Люся','Дмитриева','+79631499185','2023-01-19 09:06:09.365'),
	 (1614,'Вадим','Киселёв','+79509977069','2022-10-31 10:20:59.511'),
	 (1630,'Арсений','Туров','+79536718917','2022-10-09 08:58:05.628'),
	 (1646,'Юлия','Лукина','+79098878562','2022-09-17 19:37:42.259'),
	 (1678,'Розалина','Мясникова','+79501422670','2022-10-22 17:30:18.624'),
	 (1694,'Кристина','Елисеева','+79525730667','2022-11-17 17:06:40.665'),
	 (117,'Таисия','Жукова','+79003594203','2022-10-24 16:00:03.015'),
	 (197,'Екатерина','Агафонова','+79508587864','2023-01-11 08:14:54.89'),
	 (330,'Филипп','Красильников','+79633269910','2022-12-20 07:03:14.948');
INSERT INTO tinkoff_game.client (client_rk,first_name,last_name,phone_num,visit_dttm) VALUES
	 (394,'Сергей','Комаров','+79656678727','2022-11-23 00:20:36.567'),
	 (458,'Вероника','Некрасова','+79096041875','2022-09-14 09:36:48.579'),
	 (474,'Макар','Муравьёв','+79648063555','2023-01-08 03:29:25.741'),
	 (506,'Дан','Кириллов','+79049540265','2022-12-03 05:09:17.863'),
	 (587,'Марта','Одинцова','+79646264204','2022-09-11 11:08:11.321'),
	 (603,'Доминика','Панова','+79009430919','2022-10-05 12:52:54.919'),
	 (731,'Таисия','Меркушева','+79659099505','2022-10-06 13:58:11.77'),
	 (747,'Эльвира','Воронцова','+79632293124','2022-10-15 11:53:47.782'),
	 (768,'Злата','Матвеева','+79674682302','2022-09-04 22:24:39.374'),
	 (816,'Марк','Данилов','+79082842651','2022-11-04 11:20:58.636');
INSERT INTO tinkoff_game.client (client_rk,first_name,last_name,phone_num,visit_dttm) VALUES
	 (832,'Марина','Лукина','+79096782273','2023-01-26 00:30:46.635'),
	 (928,'Олег','Давыдов','+79674141109','2022-12-19 12:42:40.286'),
	 (944,'Алексей','Осипов','+79002283532','2022-09-02 16:07:27.699'),
	 (1008,'Роман','Давыдов','+79048104880','2022-10-22 12:54:47.658'),
	 (1041,'Ирина','Дементьева','+79026803921','2022-12-27 12:27:09.803'),
	 (1137,'Мальвина','Овчинникова','+79534598701','2022-10-05 20:03:54.182'),
	 (1318,'София','Ефимова','+79507027282','2022-10-06 13:42:03.723'),
	 (1494,'Юлиан','Орехов','+79507888101','2022-12-29 13:40:15.511'),
	 (1510,'Никита','Воронцов','+79046110272','2022-09-19 02:40:37.194'),
	 (1559,'Владлена','Устинова','+79002579000','2022-10-14 01:53:59.346');
INSERT INTO tinkoff_game.client (client_rk,first_name,last_name,phone_num,visit_dttm) VALUES
	 (1623,'Герман','Кононов','+79009694393','2022-10-07 05:56:02.022'),
	 (1767,'Искра','Семёнова','+79672949012','2022-11-28 09:22:28.805'),
	 (1783,'Юрий','Сысоев','+79664526155','2022-10-06 01:57:10.911'),
	 (1804,'Алина','Кузнецова','+79634831971','2023-01-15 20:42:42.062'),
	 (1852,'Татьяна','Бобылёва','+79028989264','2022-10-15 13:00:36.922'),
	 (2141,'Федосья','Моисеева','+79655643858','2023-01-16 16:04:38.788'),
	 (2173,'Ефим','Терентьев','+79639138508','2022-12-09 05:24:38.71'),
	 (2189,'Василиса','Миронова','+79637280957','2022-09-06 21:28:24.949'),
	 (2285,'Рафаил','Евдокимов','+79515425469','2022-12-08 12:04:10.813'),
	 (2301,'Олеся','Панова','+79515864128','2022-12-24 12:58:23.308');
INSERT INTO tinkoff_game.client (client_rk,first_name,last_name,phone_num,visit_dttm) VALUES
	 (2306,'Артём','Комаров','+79657303213','2022-12-05 08:03:07.693'),
	 (2402,'Иммануил','Поляков','+79646008170','2022-09-11 20:27:12.284'),
	 (2418,'Нонна','Сысоева','+79029962664','2022-12-14 21:10:48.552'),
	 (2482,'Дина','Крюкова','+79674616241','2023-01-21 08:20:48.496'),
	 (2643,'София','Козлова','+79646385989','2022-10-19 23:50:46.821'),
	 (3000,'Дмитрий','Авдеев','+79503555252','2022-11-22 01:15:23.172'),
	 (3032,'Розалина','Крюкова','+79652433026','2022-11-08 00:07:47.979'),
	 (3048,'Галина','Щербакова','+79643005296','2023-01-30 08:59:28.793'),
	 (3113,'Татьяна','Тарасова','+79662630453','2022-10-11 19:53:45.639'),
	 (3145,'Инесса','Баранова','+79685706136','2022-12-26 20:29:25.035');
INSERT INTO tinkoff_game.client (client_rk,first_name,last_name,phone_num,visit_dttm) VALUES
	 (3161,'Всеволод','Шашков','+79534107382','2022-09-24 04:34:12.966'),
	 (3177,'Александра','Никифорова','+79001595392','2022-09-03 07:49:05.968'),
	 (3225,'Кузьма','Лобанов','+79005770427','2022-09-10 07:11:33.02'),
	 (3305,'Захар','Николаев','+79641095176','2023-01-27 23:03:36.773'),
	 (3321,'Владлен','Егоров','+79095070924','2022-11-02 22:57:39.766'),
	 (3422,'Герман','Суханов','+79094743233','2023-01-30 18:58:29.645'),
	 (3438,'Донат','Петров','+79651051198','2022-11-01 11:45:52.363'),
	 (3502,'Александра','Игнатьева','+79504438059','2022-12-03 10:28:07.881'),
	 (3518,'Богдан','Щукин','+79648587278','2023-01-05 20:37:09.231'),
	 (3566,'Лариса','Мартынова','+79641208934','2022-09-04 04:35:08.941');
INSERT INTO tinkoff_game.client (client_rk,first_name,last_name,phone_num,visit_dttm) VALUES
	 (3599,'Ярослав','Константинов','+79643980942','2022-11-26 21:33:20.679'),
	 (3615,'Злата','Капустина','+79681395029','2023-01-06 05:44:11.89'),
	 (3631,'Галина','Казакова','+79649949133','2022-12-25 09:37:16.688'),
	 (3647,'Наталья','Наумова','+79085895330','2022-11-16 19:29:14.723'),
	 (3663,'Никита','Карпов','+79517584117','2022-10-15 16:19:43.664'),
	 (3711,'Инесса','Дьячкова','+79679379490','2022-10-22 20:37:15.929'),
	 (3743,'Елизавета','Ларионова','+79527261892','2022-10-03 01:25:22.239'),
	 (3759,'Пётр','Агафонов','+79506105517','2022-11-26 20:19:13.718'),
	 (3839,'Тарас','Макаров','+79099271813','2022-10-24 00:33:23.48'),
	 (3876,'Мария','Степанова','+79023928162','2022-11-02 10:00:00.559');
INSERT INTO tinkoff_game.client (client_rk,first_name,last_name,phone_num,visit_dttm) VALUES
	 (4020,'Алла','Орлова','+79099256402','2022-11-28 21:52:35.558'),
	 (4084,'Лидия','Белякова','+79636543106','2022-09-06 12:46:29.245'),
	 (5,'Станислав','Горшков','+79659867391','2023-01-01 11:06:52.996'),
	 (21,'Альбина','Карпова','+79644767913','2022-10-06 16:53:13.361'),
	 (37,'Мальвина','Андреева','+79097544945','2022-11-06 23:19:28.098'),
	 (53,'Мальвина','Кабанова','+79513707834','2022-11-11 04:45:07.448'),
	 (69,'Юлий','Самсонов','+79651031485','2023-01-11 17:18:15.556'),
	 (85,'Викентий','Филиппов','+79687495779','2022-11-14 19:48:00.902'),
	 (101,'Ян','Овчинников','+79005159212','2022-11-04 09:09:31.568'),
	 (133,'Всеволод','Баранов','+79093412121','2023-01-27 16:44:23.026');
INSERT INTO tinkoff_game.client (client_rk,first_name,last_name,phone_num,visit_dttm) VALUES
	 (149,'Регина','Цветкова','+79669521366','2022-10-12 10:30:37.2'),
	 (165,'Изабелла','Журавлёва','+79649634985','2022-09-08 12:41:24.016'),
	 (181,'Тимофей','Лазарев','+79689157622','2022-09-17 18:15:09.068'),
	 (213,'Влад','Ширяев','+79027757121','2022-09-19 18:29:43.136'),
	 (229,'Люся','Цветкова','+79007174373','2022-10-12 13:04:24.516'),
	 (245,'Наталья','Ширяева','+79522809092','2022-12-15 14:36:25.414'),
	 (266,'Стефан','Силин','+79679293876','2022-10-12 21:09:21.963'),
	 (282,'Ева','Мельникова','+79515682329','2022-12-04 20:31:50.51'),
	 (298,'Розалина','Быкова','+79632958294','2023-01-10 18:11:09.922'),
	 (314,'Арсений','Зиновьев','+79098160496','2022-11-18 01:34:02.722');
INSERT INTO tinkoff_game.client (client_rk,first_name,last_name,phone_num,visit_dttm) VALUES
	 (346,'Нонна','Егорова','+79681730700','2022-12-04 08:18:45.833'),
	 (362,'Захар','Лыткин','+79511552855','2022-10-21 19:57:42.539'),
	 (378,'Искра','Макарова','+79004543392','2022-09-15 19:43:51.398'),
	 (410,'Ефим','Панов','+79081263189','2022-12-16 00:12:31.017'),
	 (426,'Виль','Беляков','+79047931280','2023-01-06 09:22:56.479'),
	 (442,'Эльвира','Гордеева','+79637440612','2022-11-04 15:37:53.311'),
	 (490,'Надежда','Родионова','+79661071090','2022-11-25 10:43:39.349'),
	 (523,'Лидия','Морозова','+79043470276','2022-09-20 17:12:22.789'),
	 (539,'Артём','Фомичёв','+79636805777','2023-01-15 10:42:29.926'),
	 (555,'Макар','Быков','+79533280512','2022-10-12 07:20:18.529');
INSERT INTO tinkoff_game.client (client_rk,first_name,last_name,phone_num,visit_dttm) VALUES
	 (571,'Антонина','Сазонова','+79652403030','2022-09-25 11:31:48.577'),
	 (619,'Владлен','Блохин','+79091424955','2022-12-05 18:21:35.035'),
	 (635,'Нестор','Исаков','+79046760527','2022-12-31 03:55:30.442'),
	 (651,'Абрам','Одинцов','+79027738823','2023-01-01 09:25:19.518'),
	 (667,'Елена','Панфилова','+79087945379','2022-09-24 01:28:10.396'),
	 (683,'Александр','Мельников','+79512009634','2022-11-21 07:41:16.895'),
	 (699,'Полина','Меркушева','+79644127542','2023-01-25 19:08:33.25'),
	 (715,'Ирина','Пахомова','+79516789826','2022-12-03 10:18:19.239'),
	 (763,'Евгения','Гурьева','+79511970990','2023-01-17 06:17:49.498'),
	 (784,'Денис','Моисеев','+79095097483','2022-09-02 22:18:58.054');
INSERT INTO tinkoff_game.client (client_rk,first_name,last_name,phone_num,visit_dttm) VALUES
	 (800,'Дина','Калинина','+79028144253','2022-11-17 04:04:32.141'),
	 (848,'Людмила','Данилова','+79049179833','2022-10-10 21:55:56.569'),
	 (864,'Виталий','Гришин','+79515087651','2022-12-07 16:30:56.299'),
	 (880,'Фёдор','Кабанов','+79669844544','2023-01-22 18:19:50.934'),
	 (896,'Диана','Горбунова','+79662052690','2022-12-13 09:15:16.187'),
	 (912,'Ольга','Алексеева','+79518661528','2023-01-22 21:31:54.161'),
	 (960,'Валерий','Васильев','+79631837235','2023-01-02 19:53:53.799'),
	 (976,'Анастасия','Рыбакова','+79538398443','2022-10-22 19:36:35.631'),
	 (992,'Георгий','Бобров','+79094862716','2022-12-10 15:21:00.724'),
	 (1025,'Клементина','Беляева','+79518038909','2022-09-09 00:35:52.675');
INSERT INTO tinkoff_game.client (client_rk,first_name,last_name,phone_num,visit_dttm) VALUES
	 (1057,'Дмитрий','Галкин','+79638320022','2022-10-06 22:33:04.406'),
	 (1073,'Инга','Сорокина','+79004639276','2022-11-26 09:13:12.314'),
	 (1089,'Тимофей','Костин','+79661596237','2022-10-26 09:59:07.572'),
	 (1105,'Егор','Исаков','+79088260125','2022-09-19 19:01:54.585'),
	 (1121,'Лаврентий','Ильин','+79536458890','2022-09-23 21:06:01.205'),
	 (1153,'Ксения','Быкова','+79004499085','2022-10-31 17:35:53.618'),
	 (1169,'Платон','Пахомов','+79086553942','2022-10-02 02:20:47.345'),
	 (1185,'Анатолий','Костин','+79082539173','2022-11-29 12:47:29.134'),
	 (1201,'Антон','Лихачёв','+79672494916','2022-12-01 06:03:01.542'),
	 (1217,'Алиса','Турова','+79532133236','2022-09-17 10:39:03.407');
INSERT INTO tinkoff_game.client (client_rk,first_name,last_name,phone_num,visit_dttm) VALUES
	 (1233,'Тарас','Владимиров','+79097382325','2022-09-09 04:41:23.508'),
	 (1249,'Злата','Шилова','+79517990286','2023-01-24 15:13:14.467'),
	 (1265,'Таисия','Никифорова','+79532432485','2022-09-11 11:46:26.866'),
	 (1286,'Виктор','Князев','+79021946270','2022-09-30 07:02:10.969'),
	 (1302,'Тимур','Исаев','+79532203023','2023-01-04 10:26:57.604'),
	 (1334,'Александра','Беляева','+79529362102','2022-11-13 20:54:32.278'),
	 (1350,'Алиса','Калашникова','+79648373655','2022-12-20 05:43:53.465'),
	 (1366,'Ирина','Ершова','+79099835413','2023-01-30 14:32:56.348'),
	 (1382,'Лаврентий','Афанасьев','+79041577869','2022-12-31 16:05:36.758'),
	 (82,'Алиса','Григорьева','+79681636169','2023-01-29 16:14:14.399');
INSERT INTO tinkoff_game.client (client_rk,first_name,last_name,phone_num,visit_dttm) VALUES
	 (130,'Данила','Агафонов','+79651254442','2022-11-14 06:13:11.425'),
	 (194,'Артемий','Субботин','+79086783082','2023-01-25 07:47:53.57'),
	 (210,'Лилия','Лапина','+79509776194','2022-09-24 03:56:40.78'),
	 (242,'Валерия','Филатова','+79631997009','2022-12-25 17:26:04.693'),
	 (333,'Адам','Назаров','+79513436972','2022-10-30 04:07:41.651'),
	 (461,'Илларион','Кудряшов','+79005940100','2022-09-30 17:05:49.181'),
	 (536,'Эмма','Егорова','+79634750757','2022-11-08 16:26:02.182'),
	 (616,'Евгения','Меркушева','+79523603814','2022-11-08 03:46:41.682'),
	 (771,'Геннадий','Сидоров','+79686199933','2022-09-02 21:46:52.665'),
	 (803,'Екатерина','Кудрявцева','+79506915804','2022-12-02 06:18:57.093');
INSERT INTO tinkoff_game.client (client_rk,first_name,last_name,phone_num,visit_dttm) VALUES
	 (819,'Валериан','Шашков','+79652716640','2022-10-01 05:54:16.135'),
	 (835,'Мальвина','Громова','+79506083039','2022-12-04 20:21:00.833'),
	 (851,'Вениамин','Жуков','+79504742095','2022-09-30 16:00:02.732'),
	 (915,'Ефим','Лихачёв','+79028844150','2023-01-03 07:48:32.352'),
	 (995,'Егор','Крюков','+79681359408','2022-10-20 05:13:22.332'),
	 (1011,'Михаил','Игнатьев','+79535339249','2022-11-30 19:41:56.526'),
	 (1118,'Регина','Попова','+79688213894','2022-09-27 09:05:02'),
	 (1182,'Василиса','Миронова','+79089969237','2022-12-20 11:51:30.934'),
	 (1230,'Ирина','Брагина','+79045750211','2022-09-12 12:14:50.777'),
	 (1262,'Елена','Куликова','+79099580070','2023-01-27 15:51:16.486');
INSERT INTO tinkoff_game.client (client_rk,first_name,last_name,phone_num,visit_dttm) VALUES
	 (1353,'Лилия','Зайцева','+79005953615','2022-10-16 01:57:13.891'),
	 (1369,'Ростислав','Анисимов','+79665450230','2022-09-27 10:02:50.324'),
	 (1385,'Зинаида','Капустина','+79689076994','2022-11-06 04:12:06.469'),
	 (1433,'Алиса','Молчанова','+79529604467','2022-10-20 06:31:41.355'),
	 (1556,'Марат','Егоров','+79639064216','2022-09-08 05:05:12.178'),
	 (1572,'Злата','Ларионова','+79649913774','2022-11-14 04:45:13.079'),
	 (1604,'Ян','Логинов','+79507591999','2022-09-26 07:25:43.233'),
	 (1636,'Альбина','Дорофеева','+79509676196','2022-11-06 20:42:19.954'),
	 (1652,'Розалина','Шестакова','+79085427315','2022-12-06 17:33:03.196'),
	 (1668,'Диана','Прохорова','+79047512710','2022-12-11 21:26:56.842');
INSERT INTO tinkoff_game.client (client_rk,first_name,last_name,phone_num,visit_dttm) VALUES
	 (1748,'Ульяна','Селиверстова','+79094698178','2022-09-01 07:51:05.295'),
	 (1855,'Эльвира','Мартынова','+79652487380','2022-12-07 09:58:46.218'),
	 (1967,'Лилия','Морозова','+79084703656','2022-12-12 23:40:41.707'),
	 (2047,'Ираклий','Кудряшов','+79043673812','2022-11-23 16:24:57.625'),
	 (2138,'Юлий','Сидоров','+79002546662','2023-01-20 07:59:16.526'),
	 (2154,'Галина','Кошелева','+79631969011','2022-11-05 23:16:48.182'),
	 (2186,'Илларион','Трофимов','+79643623125','2022-12-15 18:51:41.76'),
	 (2325,'Донат','Жуков','+79682700143','2023-01-19 04:56:21.99'),
	 (2405,'Рада','Кириллова','+79683750951','2023-01-01 00:27:29.93'),
	 (2501,'Галина','Крылова','+79515791987','2022-12-20 06:08:59.038');
INSERT INTO tinkoff_game.client (client_rk,first_name,last_name,phone_num,visit_dttm) VALUES
	 (2533,'Артём','Блинов','+79689435163','2023-01-02 15:01:08.451'),
	 (2560,'Абрам','Русаков','+79098355990','2022-11-06 04:48:10.271'),
	 (2656,'Флорентина','Селиверстова','+79689346316','2022-09-28 08:04:12.898'),
	 (2672,'Гавриил','Кошелев','+79517208303','2023-01-08 22:16:16.362'),
	 (2688,'Милан','Сорокин','+79637326377','2023-01-19 15:16:29.111'),
	 (2704,'Таисия','Самойлова','+79682680381','2023-01-14 18:55:09.233'),
	 (2736,'Андрей','Агафонов','+79086117180','2022-12-01 15:44:37.957'),
	 (2752,'Прохор','Самсонов','+79089774225','2023-01-16 18:42:20.111'),
	 (2800,'Алла','Белоусова','+79687653999','2023-01-04 18:28:14.204'),
	 (2827,'Вениамин','Исаков','+79084031940','2022-09-25 07:52:04.985');
INSERT INTO tinkoff_game.client (client_rk,first_name,last_name,phone_num,visit_dttm) VALUES
	 (2891,'Макар','Соболев','+79509740177','2022-11-12 04:06:58.173'),
	 (2939,'Доминика','Дроздова','+79683549086','2022-09-17 14:50:16.44'),
	 (3126,'Фёдор','Ларионов','+79677797328','2022-12-30 20:52:40.445'),
	 (3142,'Майя','Некрасова','+79027299802','2022-10-08 00:59:19.644'),
	 (3286,'Аркадий','Егоров','+79689224558','2022-12-08 04:25:22.783'),
	 (3302,'Изабелла','Филатова','+79029756632','2022-09-10 20:13:30.62'),
	 (3329,'Александр','Петухов','+79673032513','2022-11-25 16:20:27.168'),
	 (3489,'Юлия','Волкова','+79633994226','2023-01-28 07:22:34.149'),
	 (3505,'Искра','Филатова','+79631398286','2022-12-14 16:50:05.929'),
	 (3553,'Игорь','Ковалёв','+79024172740','2023-01-11 03:54:21.915');
INSERT INTO tinkoff_game.client (client_rk,first_name,last_name,phone_num,visit_dttm) VALUES
	 (3612,'Витольд','Ситников','+79637170913','2022-09-12 10:57:54.37'),
	 (3628,'Евгения','Уварова','+79657777323','2022-09-19 05:13:59.671'),
	 (3644,'Диана','Баранова','+79672547244','2022-11-04 04:35:28.429'),
	 (3660,'Вячеслав','Силин','+79652804876','2022-10-18 17:42:12.102'),
	 (3772,'Юрий','Жуков','+79514918551','2022-10-15 05:55:47.349'),
	 (3836,'Зоя','Веселова','+79086465943','2022-10-02 05:46:50.494'),
	 (3847,'Марк','Зимин','+79652563323','2022-10-08 05:47:25.16'),
	 (3927,'Ананий','Субботин','+79512888091','2022-12-16 01:21:27.588'),
	 (3975,'Лидия','Сорокина','+79508457188','2022-12-16 07:16:08.823'),
	 (2,'Татьяна','Максимова','+79501581256','2022-10-22 05:01:43.032');
INSERT INTO tinkoff_game.client (client_rk,first_name,last_name,phone_num,visit_dttm) VALUES
	 (18,'Милан','Калашников','+79669010222','2023-01-26 22:38:17.209'),
	 (34,'Владлен','Мельников','+79535996450','2022-10-06 20:24:47.514'),
	 (50,'Бронислав','Куликов','+79525262206','2022-10-03 07:21:21.232'),
	 (66,'Ефим','Артемьев','+79685439661','2023-01-06 07:50:20.551'),
	 (98,'Мальвина','Быкова','+79661394805','2022-12-31 22:53:31.194'),
	 (114,'Артемий','Коновалов','+79506968600','2022-12-27 21:19:22.005'),
	 (146,'Адриан','Рябов','+79659296589','2022-11-10 17:55:39.178'),
	 (162,'Нелли','Громова','+79681520556','2023-01-25 08:08:54.827'),
	 (178,'Жанна','Егорова','+79507104214','2022-12-25 13:28:55.814'),
	 (226,'Наталья','Гуляева','+79631854298','2022-09-24 20:12:55.247');
INSERT INTO tinkoff_game.client (client_rk,first_name,last_name,phone_num,visit_dttm) VALUES
	 (269,'Иммануил','Прохоров','+79508232924','2022-09-07 10:47:05.127'),
	 (285,'Иммануил','Тарасов','+79689075160','2022-11-26 08:36:42.403'),
	 (301,'Доминика','Павлова','+79518249787','2022-12-05 13:34:53.226'),
	 (317,'Виктория','Калинина','+79633552458','2022-09-11 18:02:12.536'),
	 (349,'Виль','Сорокин','+79503862581','2022-12-30 17:04:50.951'),
	 (365,'Дмитрий','Сысоев','+79095391131','2022-12-26 16:06:15.284'),
	 (381,'Арсений','Зуев','+79686334161','2022-10-25 12:07:27.971'),
	 (397,'Лада','Муравьёва','+79662948166','2022-09-23 10:31:19.693'),
	 (413,'Степан','Сидоров','+79515142845','2022-10-12 13:01:47.14'),
	 (429,'Иосиф','Сафонов','+79531631162','2022-09-30 23:13:07.06');
INSERT INTO tinkoff_game.client (client_rk,first_name,last_name,phone_num,visit_dttm) VALUES
	 (445,'Ефим','Суханов','+79008696311','2022-12-09 12:29:28.19'),
	 (477,'Нелли','Муравьёва','+79654429939','2022-11-30 10:51:45.386'),
	 (493,'Алёна','Ершова','+79676948975','2023-01-18 11:25:33.437'),
	 (509,'Роберт','Филиппов','+79683427575','2023-01-24 23:10:30.449'),
	 (520,'Давид','Симонов','+79025784871','2022-11-02 06:17:34.312'),
	 (552,'Таисия','Комарова','+79515410654','2022-11-19 07:41:47.057'),
	 (568,'Дина','Герасимова','+79667637274','2022-12-25 05:23:27.221'),
	 (584,'Дмитрий','Носов','+79526265477','2022-12-09 09:53:32.079'),
	 (600,'Майя','Коновалова','+79669081357','2022-12-17 12:31:03.637'),
	 (632,'Абрам','Сазонов','+79518910902','2022-10-04 19:00:41.416');
INSERT INTO tinkoff_game.client (client_rk,first_name,last_name,phone_num,visit_dttm) VALUES
	 (648,'Полина','Лазарева','+79025740073','2022-09-25 00:00:09.498'),
	 (664,'Василий','Киселёв','+79637099149','2022-12-27 09:53:27.592'),
	 (680,'Николай','Мартынов','+79009415589','2022-09-30 10:25:34.68'),
	 (696,'Виктор','Борисов','+79678521720','2022-12-21 00:13:19.394'),
	 (712,'Эдуард','Сазонов','+79669200521','2022-11-21 15:37:37.182'),
	 (728,'Лилия','Кабанова','+79659112280','2022-10-22 08:55:21.615'),
	 (744,'Николай','Гущин','+79673407829','2022-12-08 03:12:45.031'),
	 (760,'Тимур','Савельев','+79538222568','2023-01-31 02:06:28.769'),
	 (787,'Маргарита','Игнатьева','+79025278889','2022-09-22 04:45:52.806'),
	 (867,'Эдуард','Веселов','+79043752097','2022-12-20 17:01:51.816');
INSERT INTO tinkoff_game.client (client_rk,first_name,last_name,phone_num,visit_dttm) VALUES
	 (883,'Рада','Голубева','+79042050872','2023-01-29 01:43:18.018'),
	 (899,'Антонина','Архипова','+79008707691','2022-12-23 02:37:08.131'),
	 (931,'Тамара','Овчинникова','+79088675553','2023-01-05 04:01:56.118'),
	 (947,'Татьяна','Наумова','+79529172773','2022-09-09 08:21:18.681'),
	 (963,'Тамара','Фадеева','+79656179827','2022-09-29 14:33:56.867'),
	 (979,'Владлен','Королёв','+79022193956','2023-01-22 09:20:22.54'),
	 (1038,'Регина','Селиверстова','+79506295202','2022-12-26 03:13:23.834'),
	 (1054,'Вадим','Калинин','+79689046552','2022-12-16 20:39:35.382'),
	 (1070,'Пётр','Никифоров','+79088540115','2022-11-21 22:23:25.903'),
	 (1086,'Жанна','Блохина','+79672692450','2022-09-25 20:05:59.638');
INSERT INTO tinkoff_game.client (client_rk,first_name,last_name,phone_num,visit_dttm) VALUES
	 (1102,'Наталья','Кузьмина','+79024701580','2022-10-13 01:03:20.516'),
	 (1134,'Мирослав','Михайлов','+79671895784','2022-11-09 18:08:06.825'),
	 (1150,'Елена','Захарова','+79524355653','2022-09-22 15:55:29.927'),
	 (1166,'Елизавета','Турова','+79091715146','2022-10-16 23:22:31.418'),
	 (1198,'Елена','Субботина','+79094084263','2023-01-21 20:51:02.839'),
	 (1214,'Анна','Никонова','+79521912109','2023-01-08 19:05:15.032'),
	 (1246,'Василиса','Николаева','+79003601633','2022-12-29 17:54:20.263'),
	 (1278,'Артемий','Дьячков','+79652673884','2022-11-22 11:51:40.317'),
	 (1289,'Мария','Бурова','+79513880475','2022-10-14 19:02:54.913'),
	 (1305,'Витольд','Петров','+79087256915','2022-10-09 18:45:20.29');
INSERT INTO tinkoff_game.client (client_rk,first_name,last_name,phone_num,visit_dttm) VALUES
	 (15,'Яна','Назарова','+79634108398','2022-12-17 08:59:28.697'),
	 (31,'Нестор','Кабанов','+79514786505','2022-12-20 19:28:38.474'),
	 (79,'Герман','Мухин','+79518077147','2022-11-11 07:41:58.743'),
	 (159,'Евгений','Филатов','+79517853142','2022-11-16 07:15:42.474'),
	 (255,'Рафаил','Куликов','+79685866669','2022-11-07 01:01:13.51'),
	 (276,'Любовь','Борисова','+79001421394','2022-10-20 17:15:49.94'),
	 (420,'Изабелла','Турова','+79098932003','2022-09-29 17:07:54.202'),
	 (452,'Арсений','Николаев','+79043713054','2022-09-17 10:14:47.345'),
	 (585,'Иммануил','Брагин','+79681793983','2022-10-04 15:16:05.638'),
	 (601,'Эльвира','Кудрявцева','+79686218671','2022-11-24 04:31:19.99');
INSERT INTO tinkoff_game.client (client_rk,first_name,last_name,phone_num,visit_dttm) VALUES
	 (617,'Аркадий','Громов','+79084542494','2023-01-08 13:23:50.436'),
	 (633,'Искра','Кузнецова','+79672527572','2022-10-25 15:52:17.616'),
	 (649,'Валерия','Николаева','+79672681072','2022-11-16 17:36:30.6'),
	 (665,'Семён','Морозов','+79639871727','2023-01-14 16:27:14.997'),
	 (713,'Эльвира','Рябова','+79092821373','2022-12-02 19:12:30.378'),
	 (745,'Инна','Симонова','+79641901322','2022-10-20 05:48:18.592'),
	 (846,'Витольд','Кириллов','+79537763163','2023-01-13 22:59:28.43'),
	 (942,'Ираклий','Рогов','+79005019890','2022-12-28 06:20:48.388'),
	 (958,'Алина','Громова','+79633091736','2022-10-13 03:07:21.467'),
	 (974,'Антонина','Гуляева','+79533556541','2022-11-24 10:05:41.629');
INSERT INTO tinkoff_game.client (client_rk,first_name,last_name,phone_num,visit_dttm) VALUES
	 (1006,'Виль','Щукин','+79668287535','2022-12-21 08:43:30.079'),
	 (1022,'Рафаил','Ситников','+79023449815','2022-11-23 08:42:40.037'),
	 (1059,'Глеб','Панфилов','+79044858020','2023-01-30 10:22:15.348'),
	 (1075,'Марта','Калинина','+79001392413','2022-12-30 15:09:37.922'),
	 (1091,'Гарри','Архипов','+79635158278','2023-01-28 15:53:40.069'),
	 (1251,'Вера','Артемьева','+79044697772','2023-01-28 02:17:40.392'),
	 (1416,'Майя','Степанова','+79521676691','2022-11-06 07:36:51.352'),
	 (1448,'Клавдия','Шарова','+79082341242','2022-10-14 11:03:16.784'),
	 (1464,'Олеся','Некрасова','+79041129508','2023-01-11 19:41:25.686'),
	 (1597,'Яна','Андреева','+79532849284','2023-01-22 14:23:11.344');
INSERT INTO tinkoff_game.client (client_rk,first_name,last_name,phone_num,visit_dttm) VALUES
	 (1613,'Ярослав','Сысоев','+79087070234','2022-12-16 19:22:38.932'),
	 (1693,'Эдуард','Фролов','+79633513357','2022-10-23 01:02:34.938'),
	 (1709,'Рената','Громова','+79026380140','2022-12-30 10:33:11.756'),
	 (1757,'Стефан','Ларионов','+79001088763','2022-12-07 15:36:03.418'),
	 (1789,'Людмила','Бобылёва','+79687438971','2023-01-03 09:45:30.761'),
	 (1794,'Рада','Орлова','+79515598814','2022-10-04 04:10:12.988'),
	 (1890,'Валериан','Петров','+79523800263','2022-12-11 21:56:58.939'),
	 (2002,'Елена','Галкина','+79539938502','2023-01-22 22:10:47.141'),
	 (2103,'Ева','Зиновьева','+79527254204','2022-09-18 20:05:50.493'),
	 (2199,'Феликс','Горбачёв','+79645471388','2022-10-06 11:02:14.943');
INSERT INTO tinkoff_game.client (client_rk,first_name,last_name,phone_num,visit_dttm) VALUES
	 (2263,'Дан','Куликов','+79508615405','2022-10-22 06:06:27.72'),
	 (2316,'Игнатий','Емельянов','+79665307285','2022-12-12 22:07:58.542'),
	 (2428,'Антонин','Никифоров','+79534232435','2023-01-22 20:27:38.897'),
	 (2444,'Варвара','Ершова','+79651364295','2022-10-03 10:08:23.663'),
	 (2561,'Никита','Третьяков','+79096706212','2022-10-06 23:47:50.004'),
	 (2577,'Елизавета','Сысоева','+79679347704','2022-11-15 17:50:02.3'),
	 (2753,'Лев','Щукин','+79042481128','2022-11-19 17:39:59.742'),
	 (2801,'Мария','Герасимова','+79022447616','2022-10-08 14:07:17.121'),
	 (2886,'Нестор','Цветков','+79026132997','2023-02-02 02:22:04.176'),
	 (2902,'Вероника','Овчинникова','+79675735179','2023-01-15 09:28:07.543');
INSERT INTO tinkoff_game.client (client_rk,first_name,last_name,phone_num,visit_dttm) VALUES
	 (2918,'Изольда','Нестерова','+79024851374','2022-11-21 20:49:15.964'),
	 (2950,'Ирина','Панфилова','+79634090344','2022-11-24 12:11:18.462'),
	 (3014,'Николай','Беляков','+79045307998','2022-11-02 02:28:20.275'),
	 (3099,'Лариса','Наумова','+79513429437','2022-09-18 03:58:13.261'),
	 (3115,'Полина','Щукина','+79677432213','2023-01-20 11:43:13.55'),
	 (3147,'Витольд','Самойлов','+79518361323','2022-11-24 12:12:53.767'),
	 (3211,'Алёна','Ильина','+79682959911','2022-10-07 18:42:01.222'),
	 (3243,'Лаврентий','Дьячков','+79005906226','2022-11-15 07:05:41.254'),
	 (3408,'Валерий','Лапин','+79631664448','2022-11-24 00:52:19.416'),
	 (3488,'Иосиф','Вишняков','+79518231742','2023-01-19 15:28:12.941');
INSERT INTO tinkoff_game.client (client_rk,first_name,last_name,phone_num,visit_dttm) VALUES
	 (3685,'Виль','Одинцов','+79028159811','2022-09-27 14:43:25.372'),
	 (3765,'Вадим','Комиссаров','+79678772751','2023-01-08 08:56:54.795'),
	 (3797,'Лариса','Белова','+79008153547','2022-12-06 01:09:21.274'),
	 (3813,'София','Захарова','+79049466987','2022-10-26 09:24:27.261'),
	 (3829,'Флорентина','Тетерина','+79046126627','2022-09-03 01:18:37.667'),
	 (3882,'Мальвина','Евсеева','+79645190268','2022-09-13 23:17:58.324'),
	 (3978,'Артём','Степанов','+79638526199','2022-11-22 21:48:01.972'),
	 (4010,'Наталья','Дроздова','+79653097502','2022-10-01 06:49:16.58'),
	 (127,'Эмма','Рыбакова','+79516435759','2022-09-19 23:17:06.557'),
	 (143,'Яков','Ефимов','+79095845373','2022-12-27 11:49:55.938');
INSERT INTO tinkoff_game.client (client_rk,first_name,last_name,phone_num,visit_dttm) VALUES
	 (175,'Давид','Харитонов','+79027371878','2022-10-23 06:40:45.584'),
	 (191,'Ксения','Макарова','+79642256583','2022-12-11 09:06:59.716'),
	 (207,'Викентий','Туров','+79002125703','2022-10-01 23:57:58.962'),
	 (223,'Павел','Казаков','+79507552612','2022-09-15 01:28:59.283'),
	 (239,'Инна','Лаврентьева','+79633803646','2022-12-28 21:32:57.727'),
	 (260,'Фаина','Лазарева','+79646161594','2022-10-14 05:45:51.824'),
	 (292,'Феликс','Воронов','+79097502411','2022-10-30 03:52:16.77'),
	 (308,'Давид','Сафонов','+79087572949','2023-01-17 02:17:53.479'),
	 (324,'Эмма','Терентьева','+79536478450','2022-09-11 20:39:13.945'),
	 (340,'Виктор','Федотов','+79537453286','2022-10-31 13:17:09.12');
INSERT INTO tinkoff_game.client (client_rk,first_name,last_name,phone_num,visit_dttm) VALUES
	 (356,'Василий','Тарасов','+79636737022','2022-12-27 09:38:19.558'),
	 (372,'Олеся','Иванова','+79518734457','2022-11-08 14:33:17.836'),
	 (388,'Рада','Мартынова','+79022534590','2022-10-05 05:13:24.905'),
	 (404,'Роберт','Гаврилов','+79089255741','2022-10-19 18:04:19.698'),
	 (436,'Изабелла','Пахомова','+79531157570','2023-01-31 18:10:19.801'),
	 (468,'Маргарита','Зыкова','+79522272521','2022-10-27 15:45:27.125'),
	 (484,'Ева','Зыкова','+79532526581','2022-10-09 06:39:23.688'),
	 (500,'Ян','Дьячков','+79666117672','2022-11-05 06:44:17.712'),
	 (521,'Игнатий','Яковлев','+79631475814','2022-09-12 16:37:30.13'),
	 (537,'Изабелла','Воронова','+79085690395','2022-10-08 00:09:50.004');
INSERT INTO tinkoff_game.client (client_rk,first_name,last_name,phone_num,visit_dttm) VALUES
	 (553,'Ольга','Гуляева','+79043793324','2023-01-01 14:09:00.914'),
	 (569,'Егор','Алексеев','+79683735171','2023-01-14 22:00:52.552'),
	 (681,'Матвей','Крюков','+79504795457','2023-01-17 12:36:03.665'),
	 (697,'Регина','Моисеева','+79045392508','2022-11-29 03:31:00.145'),
	 (729,'Иван','Кузнецов','+79024340143','2022-10-04 13:37:12.051'),
	 (761,'Фёдор','Артемьев','+79638700837','2023-01-03 01:06:59.014'),
	 (782,'Виктория','Панова','+79673031095','2022-10-06 23:20:47.328'),
	 (798,'Раиса','Богданова','+79086943931','2023-01-04 02:23:26.906'),
	 (814,'Антонин','Кузьмин','+79644428565','2022-10-07 16:04:40.357'),
	 (830,'Игнат','Сафонов','+79516818059','2022-11-13 09:33:52.939');
INSERT INTO tinkoff_game.client (client_rk,first_name,last_name,phone_num,visit_dttm) VALUES
	 (862,'Татьяна','Голубева','+79002957466','2022-10-03 03:48:47.047'),
	 (878,'Болеслав','Зуев','+79507425338','2023-01-30 05:49:31.528'),
	 (894,'Евгения','Горшкова','+79099599187','2023-01-14 12:06:26.476'),
	 (910,'Полина','Прохорова','+79042290197','2022-10-29 16:31:57.406'),
	 (926,'Алина','Зимина','+79046488720','2022-11-02 08:43:10.027'),
	 (990,'Оксана','Комарова','+79667244426','2023-01-15 21:30:14.408'),
	 (1027,'Татьяна','Белоусова','+79516425803','2022-10-14 04:27:13.192'),
	 (1043,'Руслан','Осипов','+79648365470','2022-12-27 00:54:31.919'),
	 (1107,'Ника','Терентьева','+79639758684','2023-01-24 08:35:21.926'),
	 (1123,'Валентина','Тарасова','+79535531868','2022-11-06 09:03:21.604');
INSERT INTO tinkoff_game.client (client_rk,first_name,last_name,phone_num,visit_dttm) VALUES
	 (1139,'Федосья','Воробьёва','+79021502145','2023-01-19 02:07:48.195'),
	 (1155,'Иннокентий','Филиппов','+79672778481','2022-10-14 11:35:59.485'),
	 (1171,'Сергей','Иванов','+79683050956','2023-01-30 04:30:47.01'),
	 (1187,'Виктория','Суханова','+79653666025','2022-10-15 05:57:41.181'),
	 (1203,'Вероника','Носова','+79538524957','2022-11-18 22:54:13.057'),
	 (1219,'Анжелика','Дроздова','+79511586709','2022-09-08 11:15:45.035'),
	 (1235,'Ксения','Никитина','+79684621090','2022-10-04 08:10:10.221'),
	 (1267,'Вениамин','Сорокин','+79657823866','2022-12-08 22:22:14.556'),
	 (1288,'Болеслав','Ермаков','+79646816910','2022-10-27 08:25:27.027'),
	 (1304,'Константин','Попов','+79049271015','2022-10-18 11:24:48.822');
INSERT INTO tinkoff_game.client (client_rk,first_name,last_name,phone_num,visit_dttm) VALUES
	 (1320,'Инга','Гурьева','+79088683133','2023-01-25 02:50:56.322'),
	 (1336,'Борис','Капустин','+79669599262','2022-09-03 04:19:00.652'),
	 (1352,'Роберт','Беляев','+79003658242','2022-12-18 18:57:09.04'),
	 (1368,'Степан','Шестаков','+79644318270','2022-10-14 08:18:55.714'),
	 (1384,'Кристина','Баранова','+79671108918','2022-10-22 23:12:40.527'),
	 (1400,'Изольда','Никонова','+79665451787','2022-09-07 00:20:18.24'),
	 (1432,'Август','Шубин','+79098162795','2022-10-16 23:12:31.19'),
	 (1480,'София','Носкова','+79004046625','2023-01-11 22:45:28.222'),
	 (1496,'Аркадий','Шашков','+79502221719','2022-10-18 20:42:02.446'),
	 (1512,'Адам','Зайцев','+79638405245','2022-11-13 09:40:47.996');
INSERT INTO tinkoff_game.client (client_rk,first_name,last_name,phone_num,visit_dttm) VALUES
	 (1528,'Капитолина','Бобылёва','+79528832763','2022-12-24 12:30:35.235'),
	 (1549,'Анфиса','Шарова','+79512829504','2022-10-22 06:55:31.102'),
	 (28,'Родион','Ильин','+79685707345','2022-11-28 07:57:58.338'),
	 (108,'Раиса','Никифорова','+79664187124','2023-01-04 05:31:33.158'),
	 (124,'Август','Беспалов','+79683901802','2022-11-03 23:51:40.644'),
	 (204,'Клим','Лыткин','+79633966259','2023-01-06 06:10:40.488'),
	 (220,'Валентина','Дементьева','+79537555870','2022-09-09 21:54:34.067'),
	 (359,'Федосья','Архипова','+79094880188','2022-09-12 06:42:46.153'),
	 (375,'Зинаида','Евсеева','+79536995283','2022-09-14 06:17:58.802'),
	 (439,'Федосья','Гришина','+79656219524','2023-01-23 08:04:45.59');
INSERT INTO tinkoff_game.client (client_rk,first_name,last_name,phone_num,visit_dttm) VALUES
	 (518,'Трофим','Рогов','+79095663304','2022-12-22 05:38:45.887'),
	 (550,'Ника','Громова','+79639767326','2022-11-23 06:11:29.359'),
	 (662,'Галина','Дмитриева','+79663530791','2022-12-13 16:18:46.272'),
	 (726,'Никита','Елисеев','+79637765110','2022-12-20 00:08:51.781'),
	 (742,'Валентин','Блохин','+79502258273','2022-10-25 22:33:49.572'),
	 (758,'Ника','Вишнякова','+79646544583','2022-11-25 15:09:45.428'),
	 (769,'Марат','Богданов','+79507417294','2022-11-27 02:37:04.124'),
	 (817,'Владимир','Костин','+79514081353','2022-11-05 07:11:31.113'),
	 (833,'Эрик','Крюков','+79535025368','2023-01-24 10:38:45.026'),
	 (849,'Абрам','Туров','+79044487014','2022-10-25 03:11:19.45');
INSERT INTO tinkoff_game.client (client_rk,first_name,last_name,phone_num,visit_dttm) VALUES
	 (929,'Евгений','Пестов','+79652025592','2022-11-11 16:22:57.661'),
	 (945,'Дина','Пахомова','+79687202519','2022-12-07 17:32:05.618'),
	 (961,'Владислав','Егоров','+79091603435','2022-09-21 13:21:07.281'),
	 (1009,'Ефим','Исаев','+79095362415','2023-01-11 14:45:44.152'),
	 (1024,'Инна','Рыбакова','+79503185730','2022-09-29 23:24:59.582'),
	 (1088,'Елена','Савельева','+79529090999','2022-10-28 10:11:15.492'),
	 (1152,'Игнат','Большаков','+79094529937','2022-12-28 03:22:45.982'),
	 (1291,'Федосья','Михеева','+79044322293','2022-09-30 07:07:05.095'),
	 (1387,'Раиса','Кулагина','+79097999644','2022-10-08 08:19:40.04'),
	 (1435,'Лилия','Соловьёва','+79666564968','2022-11-21 10:37:25.643');
INSERT INTO tinkoff_game.client (client_rk,first_name,last_name,phone_num,visit_dttm) VALUES
	 (1483,'Василий','Баранов','+79501167107','2022-11-16 05:19:35.144'),
	 (1499,'Илларион','Филатов','+79023354248','2022-10-31 17:00:00.25'),
	 (1515,'Марина','Сафонова','+79531513126','2023-01-15 01:42:39.09'),
	 (1546,'Гавриил','Ковалёв','+79533881750','2022-09-17 05:37:51.501'),
	 (1562,'Капитолина','Мухина','+79005929917','2022-12-07 16:32:03.4'),
	 (1578,'Юлиан','Юдин','+79048798679','2022-10-01 19:52:19.449'),
	 (1594,'Олег','Шубин','+79676018698','2022-09-09 20:59:19.835'),
	 (1674,'Сергей','Киселёв','+79025767949','2022-11-28 17:29:25.913'),
	 (1845,'Василий','Субботин','+79532457620','2022-12-20 09:06:20.941'),
	 (1861,'Максим','Мельников','+79636438372','2023-01-14 07:56:32.657');
INSERT INTO tinkoff_game.client (client_rk,first_name,last_name,phone_num,visit_dttm) VALUES
	 (1877,'Гордей','Филатов','+79684381455','2022-10-23 06:38:30.619'),
	 (1893,'Бронислав','Жданов','+79007559833','2022-10-20 09:03:24.518'),
	 (1909,'Гавриил','Белоусов','+79525981828','2022-12-31 18:29:05.674'),
	 (2100,'Роман','Родионов','+79028330368','2022-09-22 01:59:16.553'),
	 (2148,'Тимофей','Медведев','+79533763318','2023-02-01 07:59:13.855'),
	 (2164,'Лев','Евдокимов','+79009194215','2022-09-19 10:31:30.79'),
	 (2351,'Алиса','Панфилова','+79639151377','2022-11-18 05:19:27.132'),
	 (2367,'Мирослав','Шестаков','+79099542753','2022-12-24 02:15:55.511'),
	 (2383,'Олеся','Киселёва','+79022553207','2022-11-03 04:25:13.585'),
	 (2415,'Дина','Мясникова','+79008896596','2022-12-09 13:57:10.432');
INSERT INTO tinkoff_game.client (client_rk,first_name,last_name,phone_num,visit_dttm) VALUES
	 (2447,'Людмила','Кузнецова','+79677077913','2022-09-21 20:35:42.67'),
	 (2463,'Спартак','Алексеев','+79022713501','2022-09-25 06:12:52.959'),
	 (2543,'Роберт','Пахомов','+79087253805','2022-09-11 03:11:01.108'),
	 (2559,'Антон','Герасимов','+79631960671','2022-11-09 04:22:33.829'),
	 (2590,'Лада','Никитина','+79687663101','2022-09-01 14:46:18.283'),
	 (2606,'Антонин','Исаев','+79679174211','2022-12-07 09:36:18.076'),
	 (2654,'Роман','Туров','+79521279961','2022-10-28 20:51:04.017'),
	 (2670,'Радислав','Блинов','+79029282487','2022-12-12 22:48:42.441'),
	 (2702,'Рада','Фомичёва','+79657353860','2022-10-23 01:15:21.012'),
	 (2734,'Кузьма','Крылов','+79656217543','2022-10-07 06:58:09.533');
INSERT INTO tinkoff_game.client (client_rk,first_name,last_name,phone_num,visit_dttm) VALUES
	 (2857,'Жанна','Фомичёва','+79512953994','2022-12-25 21:19:12.346'),
	 (2905,'Лилия','Мухина','+79688014394','2022-09-23 10:37:39.44'),
	 (2937,'Вера','Ефимова','+79514366673','2022-12-25 05:52:32.16'),
	 (3017,'Кирилл','Шаров','+79669997804','2022-11-24 18:50:05.564'),
	 (3160,'Василиса','Беляева','+79539701615','2023-01-13 00:48:51.428'),
	 (3208,'Иван','Артемьев','+79022544917','2023-01-23 12:31:55.327'),
	 (3240,'Маргарита','Алексеева','+79668828989','2022-09-06 13:08:58.514'),
	 (3507,'Сергей','Муравьёв','+79678973692','2022-12-22 09:33:25.953'),
	 (3539,'Олег','Евдокимов','+79533428480','2023-01-09 08:16:55.94'),
	 (3634,'Ксения','Петрова','+79672680816','2022-09-23 14:24:21.956');
INSERT INTO tinkoff_game.client (client_rk,first_name,last_name,phone_num,visit_dttm) VALUES
	 (3650,'Любовь','Осипова','+79095856557','2022-09-05 12:06:32.856'),
	 (3666,'Валериан','Хохлов','+79507295647','2022-12-07 04:59:50.566'),
	 (3746,'Даниил','Лазарев','+79686330413','2023-01-04 08:05:06.924'),
	 (3762,'Спартак','Владимиров','+79631402943','2022-12-06 01:02:27.406'),
	 (3794,'Наталья','Захарова','+79647356626','2022-11-18 03:16:16.009'),
	 (3917,'Давид','Бирюков','+79043812368','2022-12-11 16:46:59.545'),
	 (4061,'Таисия','Пестова','+79086764722','2022-10-18 20:23:33.652'),
	 (4093,'Наталья','Субботина','+79672068883','2022-09-28 10:52:20.013'),
	 (12,'Тарас','Шашков','+79533823289','2022-11-04 06:46:21.252'),
	 (44,'Инна','Харитонова','+79678739643','2022-11-06 05:53:36.862');
INSERT INTO tinkoff_game.client (client_rk,first_name,last_name,phone_num,visit_dttm) VALUES
	 (60,'Игорь','Константинов','+79665777743','2022-10-10 02:37:31.892'),
	 (76,'Владлен','Соколов','+79688070514','2023-01-01 05:37:55.718'),
	 (92,'Рената','Цветкова','+79089964406','2022-09-06 16:11:44.296'),
	 (140,'Олег','Ильин','+79644210137','2022-09-11 17:50:37.542'),
	 (156,'Викентий','Воронов','+79669443068','2022-12-31 08:10:58.294'),
	 (172,'Вадим','Шестаков','+79637754166','2022-09-11 22:18:03.852'),
	 (188,'Ираклий','Пестов','+79046435506','2022-12-29 18:00:42.86'),
	 (236,'Надежда','Селиверстова','+79671763689','2022-12-02 04:44:25.748'),
	 (252,'Инга','Егорова','+79084752719','2022-10-22 16:02:50.057'),
	 (263,'Оксана','Елисеева','+79027695870','2022-12-09 20:50:07.209');
INSERT INTO tinkoff_game.client (client_rk,first_name,last_name,phone_num,visit_dttm) VALUES
	 (279,'Никодим','Евдокимов','+79666051155','2022-09-03 22:50:41.101'),
	 (295,'Марта','Терентьева','+79093702129','2023-01-23 02:40:12.791'),
	 (311,'Федосья','Егорова','+79638141952','2022-12-08 18:16:38.443'),
	 (327,'Гарри','Воробьёв','+79083683478','2022-10-27 10:25:12.081'),
	 (343,'Ульяна','Васильева','+79649143003','2023-01-28 22:28:12.842'),
	 (391,'Адам','Лазарев','+79636639858','2023-01-04 09:00:03.944'),
	 (407,'Святослав','Большаков','+79678863153','2022-09-27 23:55:40.02'),
	 (423,'Евгения','Петухова','+79022698036','2022-11-23 21:20:13.985'),
	 (455,'Игнатий','Блохин','+79512887727','2022-10-25 07:28:16.096'),
	 (471,'Эмма','Тихонова','+79087480268','2022-11-15 09:31:18.302');
INSERT INTO tinkoff_game.client (client_rk,first_name,last_name,phone_num,visit_dttm) VALUES
	 (487,'Иннокентий','Киселёв','+79024032766','2022-09-25 02:20:04.172'),
	 (503,'Лев','Кошелев','+79515067320','2022-12-09 15:38:39.61'),
	 (534,'Майя','Сафонова','+79024593469','2022-11-11 20:47:45.232'),
	 (566,'Валентина','Исаева','+79667129932','2022-09-27 07:52:01.75'),
	 (582,'Лариса','Максимова','+79648266403','2022-10-22 12:21:30.459'),
	 (598,'Аркадий','Устинов','+79668443289','2023-01-23 16:27:32.406'),
	 (614,'Оксана','Антонова','+79516348099','2022-11-08 01:40:28.294'),
	 (630,'Нелли','Авдеева','+79535051385','2022-10-29 07:20:32.171'),
	 (646,'Кирилл','Борисов','+79633148792','2023-01-25 08:21:14.277'),
	 (678,'Елизавета','Фролова','+79084418403','2022-11-28 21:27:38.969');
INSERT INTO tinkoff_game.client (client_rk,first_name,last_name,phone_num,visit_dttm) VALUES
	 (694,'Андрей','Зимин','+79662046411','2022-12-23 16:25:36.973'),
	 (710,'Лада','Емельянова','+79095045030','2022-09-28 23:45:46.279'),
	 (785,'Юлий','Фадеев','+79652024846','2022-12-15 03:45:13.97'),
	 (801,'Матвей','Кабанов','+79528363794','2022-10-08 20:38:38.174'),
	 (865,'Клементина','Сафонова','+79645141524','2022-11-20 16:18:59.936'),
	 (881,'Клим','Михайлов','+79633340243','2022-10-12 10:12:14.286'),
	 (897,'Маргарита','Лазарева','+79004293082','2022-12-27 07:55:37.943'),
	 (913,'Захар','Стрелков','+79047327931','2022-12-17 19:18:01.182'),
	 (977,'Алиса','Мясникова','+79513470554','2022-10-21 04:02:55.475'),
	 (993,'Эльвира','Захарова','+79001482495','2022-11-20 18:04:10.977');
INSERT INTO tinkoff_game.client (client_rk,first_name,last_name,phone_num,visit_dttm) VALUES
	 (1040,'Алина','Гришина','+79646319659','2023-01-11 23:52:52.567'),
	 (1056,'Никита','Стрелков','+79652456107','2023-01-30 07:54:30.2'),
	 (1072,'Ксения','Воронцова','+79658987033','2022-11-04 07:33:54.496'),
	 (1104,'Сергей','Селезнёв','+79029043061','2022-09-11 17:57:25.852'),
	 (1120,'Герасим','Ильин','+79008946573','2022-12-07 20:44:27.302'),
	 (1136,'Яков','Ершов','+79662642372','2022-10-11 03:16:46.88'),
	 (1168,'Георгий','Ильин','+79087225072','2022-10-10 20:36:33.494'),
	 (1184,'Зинаида','Пестова','+79514798464','2022-10-13 17:09:04.896'),
	 (1200,'Алиса','Моисеева','+79526183227','2022-10-26 22:27:28.363'),
	 (1216,'Ирина','Некрасова','+79644790608','2022-10-05 15:39:04.529');
INSERT INTO tinkoff_game.client (client_rk,first_name,last_name,phone_num,visit_dttm) VALUES
	 (1232,'Яна','Павлова','+79043284794','2022-10-30 17:57:19.912'),
	 (1248,'Розалина','Федосеева','+79538718153','2023-01-06 23:19:07.021'),
	 (1264,'Надежда','Игнатова','+79682688428','2022-10-28 04:26:40.73'),
	 (1307,'Изольда','Зиновьева','+79049743034','2022-12-15 10:29:45.304'),
	 (1323,'Спартак','Макаров','+79503193817','2022-11-18 11:29:40.578'),
	 (1555,'Павел','Назаров','+79049122759','2022-11-25 23:21:45.801'),
	 (1571,'Милан','Панфилов','+79095321839','2022-09-23 02:54:21.863'),
	 (1603,'Ефим','Антонов','+79025409571','2023-01-22 20:04:19.558'),
	 (1619,'Клементина','Голубева','+79659604634','2022-09-29 13:15:08.377'),
	 (1635,'Яна','Ильина','+79526525702','2022-10-28 12:14:47.439');
INSERT INTO tinkoff_game.client (client_rk,first_name,last_name,phone_num,visit_dttm) VALUES
	 (1651,'Александра','Семёнова','+79088340355','2022-09-09 21:22:03.758'),
	 (1683,'Игорь','Ларионов','+79522411842','2022-12-26 18:18:31.139'),
	 (1715,'Рафаил','Захаров','+79092618110','2022-09-10 18:25:29.235'),
	 (1731,'Иннокентий','Родионов','+79522101004','2022-10-04 09:44:30.117'),
	 (1763,'Лев','Калашников','+79668821189','2022-09-11 14:25:00.675'),
	 (1779,'Анатолий','Воробьёв','+79535708037','2022-11-23 18:51:05.063'),
	 (1800,'Нина','Мишина','+79021714957','2022-12-10 09:14:34.452'),
	 (1832,'Юрий','Чернов','+79666814863','2022-12-27 21:28:55.554'),
	 (1848,'Арсений','Лазарев','+79652506037','2022-09-01 03:32:43.977'),
	 (1864,'Геннадий','Стрелков','+79522693095','2022-12-10 21:44:08.583');
INSERT INTO tinkoff_game.client (client_rk,first_name,last_name,phone_num,visit_dttm) VALUES
	 (1880,'Валерия','Гордеева','+79049115008','2022-10-05 08:51:55.466'),
	 (1896,'Виль','Рябов','+79007859944','2022-09-28 18:01:34.994'),
	 (1912,'Инга','Королёва','+79021549059','2022-10-28 14:29:03.656'),
	 (1928,'Рада','Крюкова','+79631383021','2022-12-04 17:52:57.525'),
	 (1944,'Ольга','Вишнякова','+79087422072','2022-11-26 17:06:43.007'),
	 (1960,'Василиса','Копылова','+79637430534','2023-01-18 22:11:13.722'),
	 (1976,'Любовь','Аксёнова','+79679290437','2023-01-16 13:08:22.896'),
	 (1992,'Юлия','Панова','+79046139932','2022-12-06 11:48:45.152'),
	 (2008,'Антонина','Миронова','+79638052723','2022-12-08 23:06:45.956'),
	 (2024,'Рената','Галкина','+79674906567','2022-12-23 16:03:35.697');
INSERT INTO tinkoff_game.client (client_rk,first_name,last_name,phone_num,visit_dttm) VALUES
	 (2040,'Марк','Буров','+79671392429','2023-01-03 17:25:32.994'),
	 (2049,'Юлия','Одинцова','+79642986152','2022-12-27 18:45:27.291'),
	 (2065,'Ярослава','Субботина','+79676610491','2022-12-17 07:58:51.659'),
	 (2081,'Дмитрий','Жуков','+79659653770','2022-12-23 18:10:11.118'),
	 (2097,'Кристина','Медведева','+79636983045','2023-01-09 16:32:57.798'),
	 (2129,'Владимир','Кабанов','+79669429561','2022-12-22 15:36:18.795'),
	 (2161,'Василиса','Наумова','+79503054697','2022-12-27 13:25:46.56'),
	 (2177,'Алиса','Антонова','+79633705770','2022-12-28 15:15:26.851'),
	 (2193,'Милан','Иванов','+79028681755','2022-09-10 20:21:48.356'),
	 (2225,'Максим','Горбунов','+79686086513','2022-12-30 08:09:30.003');
INSERT INTO tinkoff_game.client (client_rk,first_name,last_name,phone_num,visit_dttm) VALUES
	 (2241,'Валентина','Евдокимова','+79002097215','2023-01-11 22:34:18.612'),
	 (2257,'Роман','Васильев','+79514107950','2022-09-10 10:58:41.143'),
	 (2273,'Капитолина','Некрасова','+79022950128','2022-12-05 08:55:18.675'),
	 (2310,'Лада','Исаева','+79008172723','2022-10-18 17:52:42.882'),
	 (2326,'Нонна','Панфилова','+79041730821','2022-10-17 00:35:34.48'),
	 (2342,'Яков','Бобров','+79081009113','2022-10-16 15:35:56.508'),
	 (2358,'Владимир','Лаврентьев','+79506063067','2022-09-04 06:14:02.138'),
	 (2374,'Юлий','Сидоров','+79683970509','2022-09-08 04:15:00.114'),
	 (2390,'Гавриил','Михайлов','+79642568392','2022-10-12 08:17:01.678'),
	 (2406,'Нина','Гуляева','+79644509031','2022-11-18 14:39:05.022');
INSERT INTO tinkoff_game.client (client_rk,first_name,last_name,phone_num,visit_dttm) VALUES
	 (2422,'Евгений','Баранов','+79096028243','2022-10-06 05:43:43.012'),
	 (2438,'Вениамин','Бобров','+79666556777','2022-11-09 11:40:57.196'),
	 (2502,'Екатерина','Носкова','+79027445965','2022-10-26 11:55:37.214'),
	 (2518,'Вениамин','Симонов','+79669436094','2022-12-03 22:52:16.188'),
	 (2534,'Артур','Прохоров','+79633105482','2023-01-24 11:02:09.835'),
	 (2567,'Станислав','Авдеев','+79042002975','2022-11-12 17:53:41.059'),
	 (2583,'Яна','Белоусова','+79516718825','2022-11-06 01:04:17.535'),
	 (2599,'Павел','Евсеев','+79521290180','2022-12-16 17:39:20.402'),
	 (2615,'Варвара','Данилова','+79674349778','2022-12-08 06:42:34.758'),
	 (2647,'Аким','Орлов','+79523909888','2022-09-28 05:04:00.36');
INSERT INTO tinkoff_game.client (client_rk,first_name,last_name,phone_num,visit_dttm) VALUES
	 (2663,'Полина','Веселова','+79663998360','2022-12-04 23:50:58.702'),
	 (2679,'Герман','Меркушев','+79506809702','2022-09-12 13:45:38.171'),
	 (2695,'Нина','Якушева','+79041632534','2023-01-12 03:34:15.306'),
	 (2711,'Вера','Сидорова','+79652812531','2022-11-17 17:27:19.325'),
	 (2743,'Ксения','Филиппова','+79671084643','2022-11-07 12:29:20.999'),
	 (2759,'Анфиса','Шилова','+79529648324','2022-09-26 06:20:04.206'),
	 (2775,'Татьяна','Сысоева','+79675909477','2022-12-28 11:00:04.841'),
	 (2828,'Инесса','Шарапова','+79008788317','2022-10-16 10:11:36.28'),
	 (2844,'Раиса','Давыдова','+79653595659','2022-09-20 11:32:57.842'),
	 (2860,'Данила','Кузьмин','+79632365927','2023-02-01 07:57:41.04');
INSERT INTO tinkoff_game.client (client_rk,first_name,last_name,phone_num,visit_dttm) VALUES
	 (2924,'Анатолий','Орехов','+79503858063','2022-12-24 09:56:04.615'),
	 (2940,'Зоя','Силина','+79532284585','2023-01-29 19:23:01.42'),
	 (2956,'Назар','Суханов','+79001943251','2022-10-04 21:04:01.772'),
	 (2972,'Татьяна','Смирнова','+79506864763','2022-12-10 11:47:33.415'),
	 (2988,'Герман','Кондратьев','+79531427211','2023-01-20 16:28:37.321'),
	 (3004,'Юлий','Сысоев','+79668152391','2022-10-24 04:00:51.916'),
	 (3020,'Гавриил','Лукин','+79534221100','2022-12-16 06:28:27.276'),
	 (3036,'Сава','Дмитриев','+79537528686','2022-09-12 23:26:04.69'),
	 (3052,'Вероника','Суханова','+79666729541','2022-11-05 15:53:09.71'),
	 (3068,'Елизавета','Соколова','+79029154219','2023-01-29 13:22:08.115');
INSERT INTO tinkoff_game.client (client_rk,first_name,last_name,phone_num,visit_dttm) VALUES
	 (3077,'Клементина','Соловьёва','+79509720540','2022-09-23 02:07:53.923'),
	 (3093,'Мальвина','Королёва','+79636399859','2022-11-06 06:45:10.817'),
	 (3109,'Клавдия','Шарова','+79685017036','2022-10-27 14:38:30.073'),
	 (3125,'Август','Ефимов','+79097932706','2022-10-21 12:43:13.6'),
	 (3141,'Лилия','Суханова','+79675237403','2022-11-01 17:14:51.066'),
	 (3173,'Эмма','Тихонова','+79661464925','2022-11-13 19:26:47.96'),
	 (3189,'Клим','Беспалов','+79509341368','2022-10-31 19:36:07.408'),
	 (3205,'Добрыня','Шарапов','+79095863977','2022-09-13 22:00:53.77'),
	 (3221,'Ольга','Фомина','+79093988610','2023-01-10 19:05:11.457'),
	 (3237,'Вера','Куликова','+79534916284','2022-10-12 18:46:50.997');
INSERT INTO tinkoff_game.client (client_rk,first_name,last_name,phone_num,visit_dttm) VALUES
	 (3269,'Светлана','Мартынова','+79507936228','2022-12-29 11:37:00.955'),
	 (3285,'Владимир','Соколов','+79084494375','2022-09-16 06:10:42.945'),
	 (3301,'Фёдор','Карпов','+79632485982','2023-01-24 08:14:41.525'),
	 (3338,'Олег','Гурьев','+79512177688','2022-12-15 18:28:16.796'),
	 (3354,'Маргарита','Рожкова','+79024998562','2022-11-17 12:55:56.604'),
	 (3418,'Софья','Кабанова','+79669711432','2022-09-20 17:53:47.52'),
	 (3434,'Пётр','Сафонов','+79539427680','2023-01-20 06:56:27.478'),
	 (3466,'Ираклий','Капустин','+79046956515','2022-09-03 01:07:48.876'),
	 (3482,'Майя','Белова','+79678127150','2022-12-12 14:35:50.674'),
	 (3514,'Маргарита','Блинова','+79526000014','2022-10-06 01:55:08.096');
INSERT INTO tinkoff_game.client (client_rk,first_name,last_name,phone_num,visit_dttm) VALUES
	 (3530,'Дарья','Голубева','+79087712902','2022-11-16 04:49:43.035'),
	 (3611,'Захар','Алексеев','+79661662346','2022-12-07 23:42:38.624'),
	 (3643,'Ираклий','Прохоров','+79631813547','2022-10-11 03:12:01.553'),
	 (3659,'Илларион','Гаврилов','+79633401288','2022-11-18 05:53:29.37'),
	 (3675,'София','Носкова','+79507094575','2022-12-18 16:34:52.089'),
	 (3691,'Олеся','Самойлова','+79687671954','2023-01-04 02:52:33.934'),
	 (3707,'Клим','Игнатов','+79502991976','2022-12-19 08:15:26.727'),
	 (3723,'Эмма','Родионова','+79503527358','2022-10-22 02:13:12.613'),
	 (3739,'Степан','Королёв','+79633961955','2023-01-09 08:57:59.654'),
	 (3755,'Елизавета','Кошелева','+79508559715','2022-11-01 02:57:41.442');
INSERT INTO tinkoff_game.client (client_rk,first_name,last_name,phone_num,visit_dttm) VALUES
	 (3771,'Всеволод','Кулаков','+79685695930','2022-09-24 08:30:14.476'),
	 (3787,'Алина','Тихонова','+79632543315','2022-11-02 05:23:30.199'),
	 (3819,'Анфиса','Дьячкова','+79023700426','2023-01-23 00:11:26.806'),
	 (3840,'Денис','Ковалёв','+79512620190','2022-10-08 06:13:28.826'),
	 (3872,'Ярослава','Николаева','+79096238060','2022-09-09 08:45:03.094'),
	 (3888,'Витольд','Цветков','+79099305364','2022-10-11 20:00:54.91'),
	 (3920,'Тамара','Гришина','+79671123264','2022-10-27 13:24:51.905'),
	 (3936,'Ростислав','Кириллов','+79632525565','2022-11-08 15:54:38.522'),
	 (3952,'Сава','Ефимов','+79663726885','2022-12-20 20:54:46.873'),
	 (3968,'Капитолина','Бобылёва','+79522813994','2022-10-18 01:21:09.426');
INSERT INTO tinkoff_game.client (client_rk,first_name,last_name,phone_num,visit_dttm) VALUES
	 (3984,'Спартак','Сорокин','+79674734526','2022-12-24 16:51:18.433'),
	 (4000,'Абрам','Мясников','+79085518258','2022-10-08 20:46:09.824'),
	 (4016,'Валериан','Аксёнов','+79082621062','2022-12-25 20:57:00.865'),
	 (4032,'Ананий','Ковалёв','+79512241080','2023-01-31 07:58:17.72'),
	 (4048,'Розалина','Сорокина','+79639329806','2023-01-21 01:24:41.554'),
	 (4064,'Оксана','Полякова','+79641121051','2022-09-08 18:51:58.924'),
	 (4080,'Иммануил','Стрелков','+79091776861','2023-01-29 17:43:23.662'),
	 (9,'Злата','Зуева','+79088084073','2022-10-25 22:54:13.61'),
	 (25,'Марина','Евдокимова','+79028321479','2022-11-09 04:33:41.121'),
	 (1552,'Юлий','Хохлов','+79677641394','2022-10-12 06:58:14.719');
INSERT INTO tinkoff_game.client (client_rk,first_name,last_name,phone_num,visit_dttm) VALUES
	 (1568,'Аполлон','Ситников','+79082098578','2022-10-26 19:15:47.014'),
	 (1584,'Егор','Денисов','+79637543654','2022-10-10 01:26:30.443'),
	 (1600,'Игнат','Соболев','+79529971028','2022-11-04 21:56:27.572'),
	 (1616,'Геннадий','Агафонов','+79637186441','2022-10-07 04:37:07.522'),
	 (1632,'Виктория','Афанасьева','+79644786766','2023-01-12 11:30:36.052'),
	 (1648,'Эрик','Соколов','+79657360130','2022-09-17 18:23:46.24'),
	 (1680,'Маргарита','Герасимова','+79675185782','2022-10-22 23:13:19.239'),
	 (1696,'Диана','Комарова','+79084156004','2023-01-05 04:34:14.24'),
	 (1712,'Рената','Воронова','+79085575635','2023-01-05 10:33:33.572'),
	 (1744,'Арсений','Некрасов','+79081482930','2022-10-07 23:19:20.418');
INSERT INTO tinkoff_game.client (client_rk,first_name,last_name,phone_num,visit_dttm) VALUES
	 (1776,'Абрам','Кабанов','+79009502390','2022-09-28 21:09:33.513'),
	 (1803,'Инга','Лихачёва','+79635069683','2022-09-11 02:05:37.081'),
	 (1819,'Зоя','Евсеева','+79514379613','2022-09-09 07:56:41.608'),
	 (1835,'Адам','Мишин','+79519638419','2022-12-27 07:53:49.682'),
	 (1851,'Иван','Аксёнов','+79094469689','2023-01-22 00:42:30.676'),
	 (1867,'Злата','Федосеева','+79646321354','2022-10-13 06:10:25.191'),
	 (1883,'Илья','Дроздов','+79653536773','2023-01-05 08:25:42.034'),
	 (1899,'Дарья','Гущина','+79521840882','2022-10-19 07:10:13.306'),
	 (1915,'Мария','Захарова','+79081322215','2022-10-04 14:08:39.329'),
	 (1931,'Клара','Зиновьева','+79675431051','2023-01-20 12:47:06.329');
INSERT INTO tinkoff_game.client (client_rk,first_name,last_name,phone_num,visit_dttm) VALUES
	 (1947,'Василий','Макаров','+79641498942','2022-11-14 04:23:58.644'),
	 (1979,'Алиса','Александрова','+79681691103','2022-09-22 23:49:30.075'),
	 (1995,'Юрий','Пономарёв','+79679275425','2022-12-31 01:13:36.209'),
	 (2011,'Александра','Родионова','+79533703241','2023-02-01 21:56:23.866'),
	 (2027,'Фаина','Лукина','+79665790761','2023-01-06 05:57:59.421'),
	 (2062,'Тимофей','Антонов','+79082555808','2022-12-30 09:47:56.984'),
	 (2078,'Гавриил','Красильников','+79648762029','2022-09-10 12:03:26.997'),
	 (2094,'Даниил','Анисимов','+79681081232','2022-09-25 00:31:15.816'),
	 (2126,'Зинаида','Панова','+79009880162','2022-10-02 13:25:33.909'),
	 (2142,'Артём','Антонов','+79676823930','2022-11-28 17:55:52.888');
INSERT INTO tinkoff_game.client (client_rk,first_name,last_name,phone_num,visit_dttm) VALUES
	 (2174,'Вениамин','Колобов','+79662221316','2022-09-26 21:09:16.345'),
	 (2222,'Анна','Аксёнова','+79001302714','2022-10-14 15:24:09.754'),
	 (2238,'Изабелла','Куликова','+79533645046','2022-09-07 21:14:17.82'),
	 (2254,'Степан','Попов','+79536270550','2022-11-22 14:44:26.23'),
	 (2270,'Кирилл','Панфилов','+79096041616','2022-12-12 15:22:12.467'),
	 (2286,'Марина','Моисеева','+79024092075','2022-11-02 21:02:35.882'),
	 (2302,'Иосиф','Одинцов','+79659154284','2022-09-19 05:19:11.685'),
	 (2313,'Ярослава','Фролова','+79526230368','2022-11-22 08:03:25.767'),
	 (2329,'Донат','Крюков','+79683146950','2023-01-29 13:52:16.848'),
	 (2345,'Альбина','Титова','+79089890023','2023-01-14 14:51:30.62');
INSERT INTO tinkoff_game.client (client_rk,first_name,last_name,phone_num,visit_dttm) VALUES
	 (2361,'Гордей','Сазонов','+79516647543','2022-10-12 20:35:59.689'),
	 (2377,'Василиса','Дроздова','+79093388809','2022-12-15 15:11:19.493'),
	 (2409,'Валентина','Титова','+79087091805','2022-12-01 22:13:16.702'),
	 (2425,'Игорь','Вишняков','+79042804363','2022-09-30 15:30:31.608'),
	 (2441,'Эрик','Мартынов','+79512928179','2022-11-08 22:12:06.424'),
	 (2457,'Арсений','Казаков','+79638272693','2022-10-20 17:00:11.23'),
	 (2473,'Лада','Абрамова','+79524190506','2022-09-03 17:36:37.334'),
	 (2489,'Рената','Красильникова','+79099813530','2022-11-13 05:47:48.453'),
	 (2505,'Абрам','Колобов','+79537265764','2022-10-05 19:06:11.825'),
	 (2521,'Валериан','Григорьев','+79046204359','2022-09-27 00:37:44.255');
INSERT INTO tinkoff_game.client (client_rk,first_name,last_name,phone_num,visit_dttm) VALUES
	 (2537,'Юлиан','Силин','+79688849869','2022-12-27 02:41:25.552'),
	 (2564,'Ираклий','Воробьёв','+79513008470','2022-09-17 20:00:30.766'),
	 (2580,'Ева','Козлова','+79669075084','2022-11-20 13:26:31.397'),
	 (2596,'Давид','Лыткин','+79681392867','2023-01-22 12:05:45.322'),
	 (2676,'Вениамин','Беляков','+79675857813','2022-11-02 23:53:55.157'),
	 (2692,'Кристина','Тетерина','+79084192241','2022-09-01 11:58:47.352'),
	 (2708,'Антонин','Назаров','+79518360797','2022-11-05 09:03:13.258'),
	 (2724,'Екатерина','Зуева','+79685321199','2022-12-09 23:18:51.459'),
	 (2740,'Святослав','Хохлов','+79098341569','2022-12-22 04:48:21.401'),
	 (2756,'Зинаида','Воробьёва','+79095484526','2022-11-20 11:24:16.259');
INSERT INTO tinkoff_game.client (client_rk,first_name,last_name,phone_num,visit_dttm) VALUES
	 (2772,'Леонид','Игнатьев','+79688557493','2023-01-13 17:41:29.597'),
	 (2788,'Всеволод','Жуков','+79047036660','2022-09-18 13:35:55.452'),
	 (2804,'Август','Семёнов','+79087105780','2022-10-15 12:36:48.692'),
	 (2831,'Герасим','Исаев','+79003001089','2022-11-14 05:00:38.084'),
	 (2847,'Ника','Павлова','+79092575642','2022-12-26 01:54:52.191'),
	 (2863,'Ростислав','Сидоров','+79528740319','2022-09-05 14:33:05.108'),
	 (2879,'Юлий','Сидоров','+79531178751','2022-09-18 22:26:35.36'),
	 (2895,'Бронислав','Тарасов','+79689351448','2023-01-17 08:30:28.842'),
	 (2911,'Игорь','Зуев','+79652991173','2022-11-06 13:06:17.497'),
	 (2927,'Матвей','Тимофеев','+79662718818','2022-09-18 22:39:32.847');
INSERT INTO tinkoff_game.client (client_rk,first_name,last_name,phone_num,visit_dttm) VALUES
	 (2943,'Виктор','Яковлев','+79519440717','2022-10-26 10:10:46.433'),
	 (2959,'Юлий','Никонов','+79632607964','2022-10-27 03:00:33.236'),
	 (2975,'Егор','Романов','+79089444890','2023-01-25 16:13:05.067'),
	 (2991,'Эмма','Григорьева','+79097801429','2022-12-03 02:35:46.557'),
	 (3007,'Инесса','Тетерина','+79658203358','2022-09-03 23:45:07.692'),
	 (3023,'Альбина','Белоусова','+79508900590','2022-09-17 00:05:57.752'),
	 (3039,'Виктория','Киселёва','+79028630894','2022-10-18 19:52:07.254'),
	 (3055,'Лев','Исаков','+79656182945','2022-09-19 08:37:23.685'),
	 (3090,'Матвей','Горбунов','+79668051358','2022-10-29 00:56:19.255'),
	 (3106,'Александр','Фёдоров','+79532258388','2022-12-08 05:09:32.386');
INSERT INTO tinkoff_game.client (client_rk,first_name,last_name,phone_num,visit_dttm) VALUES
	 (3122,'Марина','Терентьева','+79083968442','2023-01-13 22:54:42.52'),
	 (3138,'Борис','Панов','+79675158863','2022-11-09 09:08:37.998'),
	 (3170,'Тимофей','Колесников','+79685563704','2022-09-24 14:46:13.882'),
	 (3186,'Болеслав','Орехов','+79513946215','2022-12-02 05:12:30.463'),
	 (3202,'Тамара','Лыткина','+79005882944','2023-01-24 03:10:46.035'),
	 (3218,'Геннадий','Ширяев','+79663301358','2023-01-03 23:52:45.969'),
	 (3234,'Викентий','Белозёров','+79088269097','2023-01-16 18:51:24.545'),
	 (3250,'Евгения','Князева','+79026254742','2022-10-16 19:23:06.341'),
	 (3266,'Родион','Некрасов','+79515325688','2022-12-03 20:54:21.279'),
	 (3314,'Денис','Лобанов','+79509570719','2022-10-22 08:31:05.931');
INSERT INTO tinkoff_game.client (client_rk,first_name,last_name,phone_num,visit_dttm) VALUES
	 (3357,'Юрий','Блохин','+79081471408','2023-01-18 11:32:13.581'),
	 (3373,'Рада','Русакова','+79676677778','2022-09-21 13:15:06.853'),
	 (3389,'Артур','Романов','+79514009141','2022-11-04 15:58:13.093'),
	 (3421,'Олеся','Матвеева','+79675027437','2023-01-13 14:57:23.638'),
	 (3437,'Арсений','Денисов','+79676201069','2022-12-04 11:38:42.916'),
	 (3453,'Доминика','Егорова','+79635084127','2022-12-02 21:03:56.971'),
	 (3469,'Анатолий','Кулагин','+79005775289','2022-12-07 01:27:42.224'),
	 (3485,'Афанасий','Веселов','+79674333883','2022-10-07 12:35:29.026'),
	 (3501,'Зинаида','Кудрявцева','+79501137381','2023-01-24 19:03:48.598'),
	 (3517,'Алиса','Комарова','+79099134170','2023-01-06 06:42:58.988');
INSERT INTO tinkoff_game.client (client_rk,first_name,last_name,phone_num,visit_dttm) VALUES
	 (3549,'Добрыня','Ефремов','+79094552447','2022-09-15 02:43:37.043'),
	 (3565,'Искра','Богданова','+79506830340','2022-12-23 18:21:59.595'),
	 (3608,'Юлий','Быков','+79028703901','2022-10-19 13:40:30.015'),
	 (3624,'Дмитрий','Гордеев','+79659841195','2023-01-11 17:19:59.3'),
	 (3640,'Алексей','Киселёв','+79539094343','2022-12-09 01:27:34.553'),
	 (3656,'Олег','Копылов','+79027800117','2022-10-31 22:26:47.47'),
	 (3688,'Люся','Капустина','+79008237393','2022-10-13 01:31:25.603'),
	 (3704,'Василиса','Самсонова','+79665233496','2022-09-14 19:12:26.592'),
	 (3720,'Герасим','Ширяев','+79652092825','2023-01-05 14:05:34.931'),
	 (3768,'Дан','Шестаков','+79093310680','2022-09-14 17:27:45.973');
INSERT INTO tinkoff_game.client (client_rk,first_name,last_name,phone_num,visit_dttm) VALUES
	 (3784,'Адам','Орлов','+79522624374','2022-11-24 00:17:08.781'),
	 (3816,'Вадим','Сысоев','+79521035692','2022-12-18 12:31:31.246'),
	 (3832,'Изабелла','Киселёва','+79008102935','2022-09-24 07:21:18.581'),
	 (3859,'Аполлон','Мельников','+79655091188','2022-12-06 12:26:06.966'),
	 (3891,'Изабелла','Михайлова','+79024841651','2023-01-20 21:34:24.629'),
	 (3907,'Игнатий','Логинов','+79024875672','2022-12-15 16:57:37.611'),
	 (3923,'Яна','Терентьева','+79043577081','2022-10-30 08:21:02.827'),
	 (3939,'Юлий','Ершов','+79669517572','2022-11-13 23:46:17.428'),
	 (4003,'Эмма','Зимина','+79671746091','2023-01-28 22:34:40.582'),
	 (4035,'Пётр','Лазарев','+79026848975','2022-09-02 06:25:51.414');
INSERT INTO tinkoff_game.client (client_rk,first_name,last_name,phone_num,visit_dttm) VALUES
	 (4051,'Зинаида','Кошелева','+79642636553','2022-10-24 23:04:22.531'),
	 (4083,'Марат','Никитин','+79654293677','2022-12-23 05:49:51.018'),
	 (22,'Кристина','Власова','+79003903198','2023-01-04 21:08:26.72'),
	 (1524,'Ефим','Филиппов','+79659109778','2022-09-26 14:55:21.358'),
	 (1545,'Никодим','Носов','+79007566760','2022-10-05 18:39:39.838'),
	 (1561,'Мария','Логинова','+79024151353','2022-09-11 04:22:23.877'),
	 (1593,'Георгий','Одинцов','+79666793292','2023-01-25 16:59:36.209'),
	 (1625,'Марк','Дементьев','+79644542990','2022-12-19 06:51:22.543'),
	 (1641,'Назар','Назаров','+79507490549','2022-10-14 03:50:02.326'),
	 (1657,'Эмилия','Белова','+79639209451','2022-12-30 00:24:14.84');
INSERT INTO tinkoff_game.client (client_rk,first_name,last_name,phone_num,visit_dttm) VALUES
	 (1673,'Витольд','Никифоров','+79662030580','2022-11-29 11:53:53.628'),
	 (1689,'Тит','Мясников','+79001973179','2022-11-14 14:37:31.012'),
	 (1705,'Эдуард','Волков','+79536757945','2022-11-26 11:45:09.114'),
	 (1721,'Тамара','Хохлова','+79674275202','2023-01-28 14:24:50.589'),
	 (1737,'Зинаида','Алексеева','+79526655480','2022-12-14 01:48:00.883'),
	 (1753,'Илья','Васильев','+79635035744','2022-10-07 17:22:06.262'),
	 (1806,'Рената','Алексеева','+79006597172','2022-10-10 02:23:05.327'),
	 (1822,'Регина','Юдина','+79523925371','2022-10-23 21:23:41.823'),
	 (1838,'Полина','Егорова','+79028312505','2022-12-02 15:58:47.143'),
	 (1886,'Розалина','Сафонова','+79512237999','2022-11-02 01:18:16.974');
INSERT INTO tinkoff_game.client (client_rk,first_name,last_name,phone_num,visit_dttm) VALUES
	 (1902,'Инга','Денисова','+79512666723','2023-01-11 22:11:55.843'),
	 (1918,'Эрик','Зиновьев','+79529743572','2022-11-23 14:59:59.717'),
	 (1966,'Роман','Сазонов','+79675479400','2022-12-04 19:35:43.973'),
	 (1982,'Платон','Орлов','+79667168482','2022-10-04 21:55:36.334'),
	 (1998,'Флорентина','Мишина','+79686647606','2023-01-27 21:06:53.377'),
	 (2030,'Диана','Куликова','+79686505064','2022-10-16 08:59:10.238'),
	 (2046,'Платон','Филатов','+79537558017','2022-12-02 08:12:10.188'),
	 (2059,'Маргарита','Зиновьева','+79687844100','2022-11-22 08:40:53.883'),
	 (2075,'Марина','Дьячкова','+79527959074','2022-09-11 03:07:49.865'),
	 (2091,'Богдан','Красильников','+79521394252','2022-11-26 08:44:06.451');
INSERT INTO tinkoff_game.client (client_rk,first_name,last_name,phone_num,visit_dttm) VALUES
	 (2107,'Эдуард','Зуев','+79642244602','2022-11-13 10:21:59.474'),
	 (2123,'Эмма','Аксёнова','+79094780035','2022-11-26 11:48:26.54'),
	 (2155,'Анатолий','Кабанов','+79002308283','2023-01-22 14:28:26.182'),
	 (2171,'Нестор','Васильев','+79654218037','2022-10-09 11:45:51.777'),
	 (2203,'Гавриил','Мельников','+79685043691','2023-01-19 09:23:17.593'),
	 (2235,'Тит','Филатов','+79679177282','2023-01-11 10:16:59.191'),
	 (2283,'Ростислав','Гурьев','+79651922245','2022-11-12 11:06:46.934'),
	 (2299,'Сергей','Емельянов','+79653674965','2022-09-04 01:14:34.831'),
	 (2304,'Спартак','Матвеев','+79048440776','2022-11-21 16:36:05.203'),
	 (2320,'Софья','Смирнова','+79001560317','2022-12-11 14:21:56.271');
INSERT INTO tinkoff_game.client (client_rk,first_name,last_name,phone_num,visit_dttm) VALUES
	 (2336,'Данила','Мельников','+79668227419','2022-11-25 09:25:54.744'),
	 (2368,'Зоя','Михеева','+79002325093','2022-11-25 22:04:56.601'),
	 (2384,'Пётр','Ковалёв','+79028707686','2023-01-02 14:26:28.326'),
	 (2416,'Рената','Абрамова','+79088377086','2022-12-11 22:59:20.997'),
	 (2448,'Ян','Рябов','+79082169474','2022-09-20 23:02:32.333'),
	 (2464,'Инна','Комарова','+79515669409','2022-09-24 19:27:40.803'),
	 (2480,'Лев','Пахомов','+79502987096','2022-10-21 22:13:10.813'),
	 (2496,'Ярослава','Белякова','+79638316233','2022-11-27 11:20:54.898'),
	 (2512,'Лидия','Брагина','+79678500835','2022-11-19 00:15:32.702'),
	 (2528,'Нестор','Гришин','+79006726311','2022-10-18 21:12:43.924');
INSERT INTO tinkoff_game.client (client_rk,first_name,last_name,phone_num,visit_dttm) VALUES
	 (2544,'Лев','Миронов','+79008885342','2022-12-08 18:23:48.036'),
	 (2565,'Егор','Исаков','+79514987549','2023-01-27 10:03:13.486'),
	 (2581,'Кристина','Маслова','+79089634793','2023-01-09 01:58:53.52'),
	 (2597,'Гарри','Носков','+79509242825','2022-09-05 01:36:10.915'),
	 (2629,'Данила','Сорокин','+79682710290','2022-10-29 00:33:53.678'),
	 (2645,'Вячеслав','Симонов','+79044116462','2022-09-05 11:27:22.205'),
	 (2661,'Эмилия','Новикова','+79091388096','2023-01-02 02:16:33.72'),
	 (2677,'Юрий','Данилов','+79524377519','2022-10-20 16:46:49.264'),
	 (2693,'Галина','Горбачёва','+79511478650','2023-01-24 11:43:49.944'),
	 (2709,'Роберт','Савин','+79008252552','2022-10-02 12:17:32.414');
INSERT INTO tinkoff_game.client (client_rk,first_name,last_name,phone_num,visit_dttm) VALUES
	 (2725,'Григорий','Орлов','+79683724123','2022-10-26 04:54:17.794'),
	 (2757,'Розалина','Белова','+79638077064','2022-12-30 03:51:13.083'),
	 (2773,'Виталий','Дементьев','+79082542037','2022-10-19 05:32:52.832'),
	 (2805,'Николай','Уваров','+79082106235','2022-09-06 02:10:40.309'),
	 (2826,'Люся','Кулагина','+79027483022','2023-01-10 11:11:05.379'),
	 (2842,'Сергей','Антонов','+79533067127','2022-12-11 11:55:27.055'),
	 (2858,'Валерия','Бобылёва','+79086424670','2022-10-18 08:32:53.709'),
	 (2874,'Мальвина','Некрасова','+79679957110','2022-12-26 23:52:37.196'),
	 (2890,'Ева','Вишнякова','+79638294189','2022-12-19 00:19:45.548'),
	 (2922,'Данила','Крылов','+79023257546','2022-10-22 23:50:31.994');
INSERT INTO tinkoff_game.client (client_rk,first_name,last_name,phone_num,visit_dttm) VALUES
	 (2954,'Абрам','Ковалёв','+79633427135','2022-10-02 17:15:43.994'),
	 (2970,'Жанна','Воронцова','+79653013027','2022-10-07 13:03:47.292'),
	 (2986,'Гавриил','Гришин','+79021503869','2023-01-16 22:27:05.766'),
	 (3018,'Альбина','Брагина','+79507514068','2022-09-09 02:26:59.144'),
	 (3034,'Альбина','Абрамова','+79529130047','2023-01-09 11:51:36.627'),
	 (3050,'Василий','Зайцев','+79675930223','2022-11-08 01:12:03.572'),
	 (3079,'Егор','Цветков','+79674059614','2022-10-08 05:44:46.13'),
	 (3095,'Светлана','Никитина','+79529208796','2022-09-21 10:59:56.553'),
	 (3111,'Клементина','Медведева','+79646735897','2022-09-18 18:31:50.927'),
	 (3143,'Максим','Зимин','+79023817783','2022-12-17 11:05:22.097');
INSERT INTO tinkoff_game.client (client_rk,first_name,last_name,phone_num,visit_dttm) VALUES
	 (3159,'Антонин','Зимин','+79538522726','2023-01-13 14:16:11.256'),
	 (3175,'Александра','Ефремова','+79047607372','2022-11-05 17:26:01.624'),
	 (3191,'Илларион','Новиков','+79676858583','2022-09-05 00:18:49.093'),
	 (3223,'Юлий','Щукин','+79536570356','2022-11-16 20:40:05.948'),
	 (3239,'Клавдия','Зимина','+79648325814','2022-11-03 12:24:09.16'),
	 (3255,'Дан','Быков','+79504320758','2022-11-27 17:07:15.647'),
	 (3271,'Ираклий','Гурьев','+79536350334','2022-09-03 21:55:09.552'),
	 (3287,'Георгий','Кулагин','+79084773345','2022-09-21 15:26:18.587'),
	 (3303,'Рената','Коновалова','+79649022630','2022-12-03 04:50:05.407'),
	 (3319,'Ростислав','Селезнёв','+79534532095','2022-09-14 01:49:25.056');
INSERT INTO tinkoff_game.client (client_rk,first_name,last_name,phone_num,visit_dttm) VALUES
	 (3372,'Степан','Зимин','+79532330135','2022-12-01 01:55:13.079'),
	 (3388,'Ирина','Бурова','+79083073920','2022-11-05 18:50:07.412'),
	 (3420,'Александра','Ковалёва','+79633312542','2022-09-17 22:07:03.449'),
	 (3436,'Донат','Гущин','+79683570478','2022-12-25 19:12:28.176'),
	 (3452,'Виктория','Маслова','+79089978666','2022-10-17 23:13:54.791'),
	 (3468,'Антон','Медведев','+79651725954','2022-11-09 01:57:29.217'),
	 (3484,'Вадим','Лаврентьев','+79093640805','2022-10-19 03:40:32.922'),
	 (3500,'Валерия','Соколова','+79535600377','2022-12-07 00:46:46.205'),
	 (3516,'Вадим','Уваров','+79686164439','2022-09-04 01:29:54.811'),
	 (3532,'Вадим','Субботин','+79511645316','2023-01-14 02:04:22.243');
INSERT INTO tinkoff_game.client (client_rk,first_name,last_name,phone_num,visit_dttm) VALUES
	 (3548,'Стефан','Терентьев','+79006546524','2022-12-30 17:12:45.675'),
	 (3564,'Абрам','Кузнецов','+79526267217','2023-01-07 18:14:42.311'),
	 (3585,'Игорь','Бирюков','+79669338814','2022-11-18 19:42:04.929'),
	 (3601,'Милан','Анисимов','+79086358374','2022-11-25 22:56:46.138'),
	 (3649,'Родион','Владимиров','+79636732579','2023-01-13 16:43:04.513'),
	 (3665,'Злата','Кондратьева','+79657495309','2023-01-25 19:08:41.701'),
	 (3681,'Болеслав','Миронов','+79081273957','2022-11-23 02:41:58.82'),
	 (3729,'Яков','Васильев','+79004053794','2022-09-08 04:35:01.611'),
	 (3745,'Донат','Матвеев','+79673584112','2022-12-13 13:10:58.236'),
	 (3793,'Лада','Медведева','+79534889306','2022-09-29 18:53:54.358');
INSERT INTO tinkoff_game.client (client_rk,first_name,last_name,phone_num,visit_dttm) VALUES
	 (3809,'Виталий','Доронин','+79029552827','2022-12-16 19:02:33.854'),
	 (3825,'Мальвина','Ситникова','+79517547587','2022-11-13 01:56:29.935'),
	 (3862,'Елена','Одинцова','+79635711196','2022-09-28 20:50:07.661'),
	 (3878,'Зинаида','Моисеева','+79682589396','2022-10-17 04:17:32.772'),
	 (3894,'Илья','Бирюков','+79647879915','2022-12-25 19:50:57.935'),
	 (3910,'Маргарита','Лапина','+79083434007','2022-09-28 06:39:51.155'),
	 (3926,'Виктория','Уварова','+79095186851','2022-10-04 21:04:21.871'),
	 (3958,'Виктория','Кудрявцева','+79644272587','2022-11-19 04:05:38.71'),
	 (3990,'Наталья','Логинова','+79658627139','2022-09-08 13:56:06.572'),
	 (4006,'Иннокентий','Родионов','+79642893650','2022-10-06 22:32:41.537');
INSERT INTO tinkoff_game.client (client_rk,first_name,last_name,phone_num,visit_dttm) VALUES
	 (4022,'Злата','Соловьёва','+79501112510','2023-01-04 04:48:58.687'),
	 (4038,'Валериан','Русаков','+79666152906','2022-09-24 07:07:56.608'),
	 (4054,'Альберт','Селезнёв','+79663953940','2022-11-24 07:03:24.015'),
	 (4070,'Валентина','Дорофеева','+79535334798','2022-11-01 16:04:30.776'),
	 (4086,'Таисия','Брагина','+79081928229','2023-01-09 18:16:56.335'),
	 (3,'Рада','Брагина','+79679692717','2022-09-25 21:18:23.734'),
	 (19,'Гавриил','Носков','+79631292633','2022-12-24 15:35:01.842'),
	 (35,'Клим','Ларионов','+79086551042','2023-01-07 21:51:34.847'),
	 (1495,'Ярослав','Журавлёв','+79503154167','2022-10-18 16:03:42.065'),
	 (1511,'Варвара','Горшкова','+79527257701','2023-01-21 08:06:27.922');
INSERT INTO tinkoff_game.client (client_rk,first_name,last_name,phone_num,visit_dttm) VALUES
	 (1542,'Алла','Назарова','+79507544275','2022-10-05 03:38:11.409'),
	 (1574,'Платон','Богданов','+79021291751','2022-12-25 04:20:58.662'),
	 (1590,'Ростислав','Цветков','+79097102488','2022-11-06 01:03:40.706'),
	 (1622,'Влад','Сорокин','+79006948944','2022-12-04 19:44:56.808'),
	 (1638,'Розалина','Петухова','+79538894617','2023-01-11 11:37:24.009'),
	 (1670,'Ярослава','Цветкова','+79671978884','2022-11-16 13:51:53.253'),
	 (1686,'Платон','Матвеев','+79511005280','2022-09-19 16:39:04.133'),
	 (1718,'Ананий','Журавлёв','+79516781175','2023-01-23 12:57:23.552'),
	 (1734,'Алиса','Лазарева','+79043159519','2023-01-23 09:21:43.88'),
	 (1750,'Бронислав','Соловьёв','+79087411381','2022-12-29 16:14:46.607');
INSERT INTO tinkoff_game.client (client_rk,first_name,last_name,phone_num,visit_dttm) VALUES
	 (1782,'Антонина','Кузнецова','+79682017334','2022-10-21 04:34:17.691'),
	 (1793,'Рафаил','Трофимов','+79512089015','2023-01-25 12:56:14.771'),
	 (1841,'Лариса','Козлова','+79532938736','2022-10-20 12:24:23.572'),
	 (1857,'Антонина','Зыкова','+79641590322','2023-01-16 14:55:24.819'),
	 (1873,'Ксения','Данилова','+79512037057','2023-01-29 13:51:28.959'),
	 (1889,'Инесса','Трофимова','+79098927547','2022-11-12 17:22:48.317'),
	 (1905,'Капитолина','Федосеева','+79686726236','2022-09-02 11:16:09.838'),
	 (1921,'Лилия','Орехова','+79529391328','2022-09-05 12:15:46.559'),
	 (1969,'Лариса','Самсонова','+79667443523','2022-09-18 07:15:18.358'),
	 (1985,'Афанасий','Капустин','+79658992451','2022-09-02 10:14:23.046');
INSERT INTO tinkoff_game.client (client_rk,first_name,last_name,phone_num,visit_dttm) VALUES
	 (2001,'Нелли','Быкова','+79535320048','2022-10-27 18:22:29.451'),
	 (2017,'Тамара','Матвеева','+79082277440','2023-01-12 10:24:32.811'),
	 (2033,'Ульяна','Сысоева','+79007482617','2022-10-05 23:38:25.39'),
	 (2088,'Юлиан','Захаров','+79668092543','2022-12-31 04:40:10.815'),
	 (2104,'Спартак','Самойлов','+79666727011','2022-10-17 09:34:53.45'),
	 (2120,'Илларион','Исаков','+79518343113','2022-11-28 03:13:16.445'),
	 (2152,'Искра','Соловьёва','+79527037067','2022-10-29 14:14:12.741'),
	 (2168,'Владлен','Брагин','+79086663258','2022-11-02 09:25:19.609'),
	 (2184,'Арсений','Русаков','+79666593971','2022-09-17 08:20:09.583'),
	 (2200,'Лаврентий','Кузьмин','+79684171577','2022-12-05 11:21:21.063');
INSERT INTO tinkoff_game.client (client_rk,first_name,last_name,phone_num,visit_dttm) VALUES
	 (2248,'Владислав','Кононов','+79519358111','2023-01-15 07:29:13.395'),
	 (2264,'Руслан','Николаев','+79097440211','2022-11-28 01:26:16.895'),
	 (2280,'Нелли','Кошелева','+79511769261','2022-12-08 04:46:07.062'),
	 (2296,'Вера','Гаврилова','+79642086956','2022-10-03 03:00:46.776'),
	 (2307,'Лидия','Лобанова','+79669164014','2022-11-30 02:15:33.802'),
	 (2339,'Донат','Якушев','+79085272137','2023-01-01 17:11:04.991'),
	 (2355,'Тамара','Турова','+79675271798','2022-10-28 11:24:24.805'),
	 (2387,'Всеволод','Афанасьев','+79008170579','2022-12-20 02:16:10.635'),
	 (2403,'Семён','Карпов','+79098356285','2023-01-03 06:55:55.453'),
	 (2435,'Бронислав','Русаков','+79513936951','2022-11-15 09:30:31.12');
INSERT INTO tinkoff_game.client (client_rk,first_name,last_name,phone_num,visit_dttm) VALUES
	 (2451,'Андрей','Селезнёв','+79094728051','2023-01-15 17:51:30.531'),
	 (2483,'Марат','Никонов','+79049221373','2022-09-02 11:48:40.63'),
	 (2499,'Сергей','Самсонов','+79532409315','2022-09-11 18:58:01.44'),
	 (2515,'Тимофей','Ильин','+79518058677','2022-11-10 14:12:06.839'),
	 (2531,'Юлий','Комаров','+79664642158','2023-01-24 09:05:31.092'),
	 (2547,'Альбина','Носова','+79527302208','2022-10-28 02:37:47.944'),
	 (2578,'Флорентина','Рогова','+79048550223','2022-10-02 11:40:03.196'),
	 (2594,'Клементина','Михайлова','+79527457586','2022-11-25 19:14:54.39'),
	 (2610,'Изабелла','Михеева','+79652972899','2023-01-18 13:25:57.872'),
	 (2626,'Лидия','Ефимова','+79638018231','2022-09-04 07:32:48.385');
INSERT INTO tinkoff_game.client (client_rk,first_name,last_name,phone_num,visit_dttm) VALUES
	 (2658,'Семён','Казаков','+79671811021','2023-01-18 15:03:52.889'),
	 (2690,'Глеб','Веселов','+79654275349','2022-12-10 10:30:23.942'),
	 (2706,'Эдуард','Филиппов','+79652683736','2023-01-23 23:04:17.22'),
	 (2722,'Василиса','Прохорова','+79022744299','2023-01-27 22:17:07.353'),
	 (2738,'Сава','Беляев','+79686876630','2022-12-01 10:18:46.606'),
	 (2754,'Абрам','Федотов','+79528294757','2022-10-19 12:58:10.736'),
	 (2770,'Кристина','Лукина','+79524672054','2022-12-27 09:05:47.297'),
	 (2802,'Изабелла','Калашникова','+79529140816','2022-10-16 08:24:24.648'),
	 (2861,'Виталий','Игнатов','+79098351758','2022-12-22 13:08:06.181'),
	 (2877,'Доминика','Галкина','+79636980829','2022-11-15 02:50:44.909');
INSERT INTO tinkoff_game.client (client_rk,first_name,last_name,phone_num,visit_dttm) VALUES
	 (2893,'Дина','Николаева','+79097174035','2022-11-11 07:53:27.38'),
	 (2909,'Владлена','Сафонова','+79531457280','2023-01-13 06:12:18.123'),
	 (2941,'Кристина','Фёдорова','+79666219395','2022-11-10 01:15:37.008'),
	 (2957,'София','Брагина','+79082735881','2022-10-30 07:40:33.333'),
	 (2973,'Вячеслав','Александров','+79041990800','2023-01-30 14:45:37.546'),
	 (2989,'Нелли','Сафонова','+79525577530','2022-10-13 03:29:54.038'),
	 (3005,'Ульяна','Носова','+79094965322','2022-10-31 04:53:22.619'),
	 (3021,'Клара','Фомичёва','+79504647169','2023-01-16 01:58:33.098'),
	 (3037,'Эльвира','Федосеева','+79505293151','2022-11-18 10:27:04.913'),
	 (3053,'Антон','Кононов','+79658766004','2022-09-14 02:36:37.748');
INSERT INTO tinkoff_game.client (client_rk,first_name,last_name,phone_num,visit_dttm) VALUES
	 (3069,'Тит','Якушев','+79508414934','2023-01-27 04:16:58.736'),
	 (3092,'Сергей','Королёв','+79081592776','2022-09-16 02:00:55.861'),
	 (3172,'Злата','Евсеева','+79002196924','2022-10-26 01:31:41.947'),
	 (3188,'Лидия','Зыкова','+79657591975','2022-09-12 16:55:47.529'),
	 (3220,'Владимир','Медведев','+79097942507','2022-10-18 18:27:52.667'),
	 (3236,'Регина','Рыбакова','+79631704597','2022-10-12 09:59:51.998'),
	 (3252,'Майя','Голубева','+79502958858','2022-11-24 01:59:54.993'),
	 (3268,'Мирослав','Рогов','+79509326567','2022-10-11 09:57:42.95'),
	 (3284,'Алёна','Моисеева','+79096178337','2023-01-05 07:42:33.566'),
	 (3300,'Нина','Панова','+79518734468','2022-11-05 19:32:17.453');
INSERT INTO tinkoff_game.client (client_rk,first_name,last_name,phone_num,visit_dttm) VALUES
	 (3316,'Август','Соколов','+79684766786','2022-11-07 14:06:28.252'),
	 (3359,'Витольд','Белоусов','+79009692809','2023-01-29 18:55:30.515'),
	 (3375,'Эмилия','Зыкова','+79537213329','2023-02-01 18:41:28.225'),
	 (3391,'Георгий','Сазонов','+79522659413','2022-10-02 20:18:23.623'),
	 (3407,'Матвей','Лихачёв','+79046448411','2022-12-05 00:57:39.526'),
	 (3423,'Эмма','Коновалова','+79535873763','2023-01-15 18:01:23.399'),
	 (3439,'Михаил','Чернов','+79046233317','2022-09-04 16:58:24.336'),
	 (3455,'Дарья','Якушева','+79099959842','2022-10-12 01:57:28.049'),
	 (3471,'Кузьма','Колобов','+79008297705','2022-10-31 04:43:00.959'),
	 (3487,'Маргарита','Мишина','+79045434171','2022-11-20 04:12:28.005');
INSERT INTO tinkoff_game.client (client_rk,first_name,last_name,phone_num,visit_dttm) VALUES
	 (3519,'Руслан','Афанасьев','+79689352820','2022-09-29 17:31:05.672'),
	 (3551,'Татьяна','Бобылёва','+79637759680','2022-10-28 01:55:43.337'),
	 (3567,'Аким','Борисов','+79689293245','2022-11-16 19:25:05.003'),
	 (3583,'Марк','Пестов','+79006015588','2023-01-13 21:39:51.036'),
	 (3614,'Анатолий','Мамонтов','+79092910418','2022-11-14 19:08:55.22'),
	 (3646,'Вероника','Морозова','+79083101523','2022-12-13 08:05:10.123'),
	 (3662,'Иван','Дементьев','+79636422806','2022-10-04 05:44:01.538'),
	 (3678,'Афанасий','Медведев','+79098870584','2022-11-23 09:24:28.473'),
	 (3694,'Тарас','Гурьев','+79673265893','2023-02-01 03:10:46.461'),
	 (3710,'Тарас','Громов','+79092206106','2023-01-31 06:36:08.508');
INSERT INTO tinkoff_game.client (client_rk,first_name,last_name,phone_num,visit_dttm) VALUES
	 (3742,'Платон','Трофимов','+79041311843','2022-10-23 01:45:29.515'),
	 (3758,'Валерия','Рожкова','+79636147862','2022-12-17 16:08:45.319'),
	 (3774,'Руслан','Кузнецов','+79046254182','2022-12-18 23:21:13.295'),
	 (3790,'Вячеслав','Шашков','+79677964589','2023-01-26 17:07:16.807'),
	 (3822,'Рената','Шубина','+79517271545','2023-01-02 23:33:01.43'),
	 (3849,'Аполлон','Шаров','+79089119942','2022-09-11 20:04:38.027'),
	 (3865,'Виталий','Молчанов','+79049603253','2022-11-12 02:09:41.666'),
	 (3881,'Злата','Бобылёва','+79504340685','2023-01-17 00:20:08.725'),
	 (3897,'Нелли','Белова','+79094692030','2022-11-24 16:19:56.511'),
	 (3913,'Руслан','Кононов','+79668798188','2023-01-02 07:37:14.65');
INSERT INTO tinkoff_game.client (client_rk,first_name,last_name,phone_num,visit_dttm) VALUES
	 (3945,'Иосиф','Волков','+79632140283','2022-12-31 14:57:14.791'),
	 (3961,'Глеб','Харитонов','+79648591543','2022-10-01 19:53:53.478'),
	 (3977,'Григорий','Ситников','+79537424648','2022-11-03 01:45:05.009'),
	 (4009,'Адам','Зыков','+79667679507','2022-09-26 18:39:30.39'),
	 (4057,'Стефан','Шестаков','+79528607890','2022-10-28 14:04:30.654'),
	 (4073,'Борис','Фомичёв','+79518992927','2022-12-04 02:08:40.263'),
	 (4089,'Юрий','Борисов','+79664208707','2023-01-13 10:54:29.58'),
	 (4096,'Татьяна','Самойлова','+79654782038','2022-10-12 04:28:51.509'),
	 (32,'Альбина','Петухова','+79518054852','2022-09-05 08:29:23.634'),
	 (48,'Нина','Стрелкова','+79023656157','2023-01-14 09:34:52.167');
INSERT INTO tinkoff_game.client (client_rk,first_name,last_name,phone_num,visit_dttm) VALUES
	 (64,'Яков','Ширяев','+79689660744','2022-11-20 18:18:29.395'),
	 (112,'Рафаил','Куликов','+79669902955','2022-10-04 11:09:54.376'),
	 (1647,'Регина','Колобова','+79047198346','2023-01-13 07:03:57.673'),
	 (1663,'Рафаил','Осипов','+79099702882','2022-11-16 02:04:17.564'),
	 (1679,'Максим','Петров','+79685927392','2022-10-10 07:54:34.014'),
	 (1695,'Клара','Носова','+79536212456','2022-12-10 11:25:31.848'),
	 (1711,'Регина','Никитина','+79021604654','2022-12-18 01:47:06.997'),
	 (1727,'Николай','Петухов','+79663589237','2022-12-09 19:57:25.899'),
	 (1759,'Злата','Сидорова','+79083731731','2022-09-22 16:12:31.266'),
	 (1775,'Викентий','Кулагин','+79046836978','2022-09-25 04:34:37.873');
INSERT INTO tinkoff_game.client (client_rk,first_name,last_name,phone_num,visit_dttm) VALUES
	 (1791,'Лариса','Рожкова','+79687731506','2023-01-15 07:55:54.212'),
	 (1796,'Артемий','Самсонов','+79633702098','2022-11-23 11:14:53.33'),
	 (1828,'Станислав','Осипов','+79653179386','2022-09-05 09:09:58.705'),
	 (1844,'Евгений','Яковлев','+79663294242','2022-10-22 21:29:03.131'),
	 (1860,'Раиса','Гусева','+79534440744','2022-10-01 13:53:41.933'),
	 (1876,'Изабелла','Субботина','+79644198282','2022-10-18 07:47:52.661'),
	 (1892,'Евгения','Белозёрова','+79511267819','2022-09-30 14:09:24.194'),
	 (1908,'Нелли','Жданова','+79536866616','2022-10-07 17:50:12.824'),
	 (1940,'Добрыня','Потапов','+79091128488','2022-12-03 20:21:11.527'),
	 (1956,'Степан','Белозёров','+79675910981','2023-01-27 03:10:14.875');
INSERT INTO tinkoff_game.client (client_rk,first_name,last_name,phone_num,visit_dttm) VALUES
	 (1972,'Олег','Богданов','+79527422014','2023-01-06 13:44:22.107'),
	 (1988,'Гарри','Рябов','+79668420166','2022-09-29 02:52:46.21'),
	 (2004,'Оксана','Громова','+79642864054','2022-10-19 23:29:58.056'),
	 (2020,'Иммануил','Самсонов','+79511868986','2022-09-22 05:11:20.3'),
	 (2036,'Владлен','Яковлев','+79022392099','2022-09-03 07:41:54.87'),
	 (2069,'Алёна','Казакова','+79671363330','2022-09-26 15:03:54.906'),
	 (2117,'Павел','Крылов','+79519283336','2022-10-11 16:48:13.498'),
	 (2133,'Геннадий','Фокин','+79506534500','2023-01-18 05:39:19.021'),
	 (2149,'Вероника','Меркушева','+79026064511','2023-01-02 18:16:04.11'),
	 (2165,'Илларион','Баранов','+79538850392','2022-12-25 03:12:24.316');
INSERT INTO tinkoff_game.client (client_rk,first_name,last_name,phone_num,visit_dttm) VALUES
	 (2181,'Артём','Орехов','+79674519405','2022-12-12 20:36:43.774'),
	 (2197,'Тарас','Исаев','+79085982379','2023-01-18 15:36:07.225'),
	 (2213,'Жанна','Шашкова','+79633716899','2022-09-03 13:39:24.212'),
	 (2229,'Марат','Федотов','+79678623341','2023-01-27 03:18:13.856'),
	 (2245,'Нестор','Пахомов','+79655364347','2023-01-22 22:50:48.729'),
	 (2277,'Дмитрий','Дьячков','+79086634816','2022-10-29 04:53:55.47'),
	 (2293,'Альберт','Лихачёв','+79689047301','2022-11-15 17:47:24.974'),
	 (2314,'Вероника','Никитина','+79636742616','2022-11-12 21:48:33.776'),
	 (2330,'Гавриил','Костин','+79046698172','2022-09-23 18:34:52.113'),
	 (2346,'Злата','Субботина','+79529792786','2023-01-29 13:34:08.928');
INSERT INTO tinkoff_game.client (client_rk,first_name,last_name,phone_num,visit_dttm) VALUES
	 (2362,'Светлана','Большакова','+79644142395','2022-10-12 04:43:22.95'),
	 (2394,'Виль','Афанасьев','+79666287518','2022-12-31 12:19:38.834'),
	 (2410,'Ростислав','Тарасов','+79099594589','2023-01-19 04:01:30.429'),
	 (2426,'Виктор','Жуков','+79525753668','2023-01-28 15:54:48.125'),
	 (2442,'Анфиса','Потапова','+79512349069','2022-10-10 12:11:26.78'),
	 (2458,'Владлена','Фокина','+79672005322','2022-10-29 22:27:02.737'),
	 (2474,'Ксения','Красильникова','+79023897318','2023-01-21 16:22:38.938'),
	 (2490,'Флорентина','Смирнова','+79535283776','2022-10-10 04:12:53.455'),
	 (2506,'Розалина','Силина','+79098569191','2022-10-09 06:55:58.824'),
	 (2522,'Людмила','Нестерова','+79659669770','2022-11-20 22:58:36.686');
INSERT INTO tinkoff_game.client (client_rk,first_name,last_name,phone_num,visit_dttm) VALUES
	 (2554,'Роберт','Евдокимов','+79508949150','2022-09-21 21:32:27.647'),
	 (2587,'Борис','Юдин','+79042417278','2022-09-01 11:06:21.667'),
	 (2619,'Лев','Силин','+79044832161','2023-01-13 04:20:21.008'),
	 (2683,'Вениамин','Блинов','+79517141891','2022-09-15 14:37:20.812'),
	 (2699,'Альбина','Кононова','+79047653303','2022-12-04 06:37:57.442'),
	 (2731,'Алина','Панфилова','+79683166273','2022-10-31 04:27:22.168'),
	 (2763,'София','Киселёва','+79084980128','2022-10-06 17:38:50.909'),
	 (2779,'Таисия','Баранова','+79648153462','2022-11-03 21:07:19.623'),
	 (2811,'Мария','Князева','+79084466386','2023-01-02 23:26:24.056'),
	 (2832,'Игнат','Лебедев','+79661868244','2023-01-05 21:37:41.443');
INSERT INTO tinkoff_game.client (client_rk,first_name,last_name,phone_num,visit_dttm) VALUES
	 (2848,'Никодим','Пестов','+79519847457','2022-12-17 12:40:03.263'),
	 (2864,'Людмила','Силина','+79642723959','2022-11-28 23:23:00.145'),
	 (2880,'Марта','Веселова','+79024213401','2023-01-23 10:14:20.438'),
	 (2896,'Капитолина','Давыдова','+79048169630','2022-11-23 18:53:35.934'),
	 (2928,'Марина','Шилова','+79636249386','2022-11-12 13:44:47.372'),
	 (2944,'Ростислав','Игнатьев','+79689409544','2022-11-27 10:43:32.428'),
	 (2960,'Лаврентий','Бобылёв','+79505804519','2022-09-03 11:26:16.875'),
	 (2992,'Марина','Петрова','+79662888560','2022-12-25 19:20:18.836'),
	 (3008,'Ярослав','Аксёнов','+79633062935','2022-10-06 06:44:08.675'),
	 (3024,'Антонина','Никонова','+79657354624','2022-11-09 03:37:15.129');
INSERT INTO tinkoff_game.client (client_rk,first_name,last_name,phone_num,visit_dttm) VALUES
	 (3056,'Всеволод','Николаев','+79649310886','2022-09-11 09:23:45.083'),
	 (3089,'Жанна','Гордеева','+79511828254','2022-12-30 10:52:02.106'),
	 (3121,'Егор','Исаев','+79656887082','2022-11-21 16:48:10.898'),
	 (3153,'Роман','Мишин','+79533070880','2022-10-25 08:28:34.565'),
	 (3169,'Владлена','Стрелкова','+79647412561','2022-09-10 20:04:06.266'),
	 (3185,'Мальвина','Кошелева','+79083625479','2022-09-14 22:15:18.619'),
	 (3201,'Кузьма','Сысоев','+79021254351','2023-01-12 00:17:25.004'),
	 (3217,'Гордей','Лебедев','+79659627907','2022-12-08 04:10:38.869'),
	 (3249,'Ольга','Ковалёва','+79522891408','2022-10-12 07:24:47.97'),
	 (3265,'Фёдор','Григорьев','+79007867065','2022-12-15 17:13:38.936');
INSERT INTO tinkoff_game.client (client_rk,first_name,last_name,phone_num,visit_dttm) VALUES
	 (3281,'Федосья','Романова','+79666289515','2022-10-24 23:05:51.219'),
	 (3297,'Искра','Комарова','+79083824228','2022-10-28 16:02:24.795'),
	 (3313,'Зоя','Щукина','+79655832342','2023-01-12 15:00:05.277'),
	 (3334,'Влад','Терентьев','+79025901683','2022-11-12 13:54:17.513'),
	 (3350,'Нестор','Кудрявцев','+79637559046','2022-09-24 16:21:29.869'),
	 (3366,'Анфиса','Дроздова','+79083146601','2022-12-29 20:05:27.356'),
	 (3382,'Михаил','Мамонтов','+79022612108','2023-01-06 00:34:49.374'),
	 (3398,'Майя','Константинова','+79008818177','2022-12-03 20:42:45.442'),
	 (3414,'Алина','Макарова','+79631127707','2022-10-25 21:37:29.49'),
	 (3430,'Радислав','Гришин','+79539485793','2022-09-13 15:38:00.924');
INSERT INTO tinkoff_game.client (client_rk,first_name,last_name,phone_num,visit_dttm) VALUES
	 (3446,'Алёна','Калашникова','+79651615555','2022-12-24 04:55:29.234'),
	 (3462,'Маргарита','Калашникова','+79095275011','2022-09-30 01:13:44.556'),
	 (3494,'Спартак','Овчинников','+79532127693','2022-10-18 09:06:32.031'),
	 (3510,'Михаил','Третьяков','+79045260073','2022-11-25 17:04:24.634'),
	 (3526,'Кристина','Иванова','+79084826876','2022-11-21 11:10:16.293'),
	 (3542,'Таисия','Сидорова','+79513447748','2022-11-04 21:46:16.377'),
	 (3574,'Инесса','Данилова','+79633410249','2023-01-02 10:28:35.382'),
	 (3591,'Тарас','Орлов','+79639831946','2022-09-20 03:09:03.757'),
	 (3607,'Диана','Карпова','+79522874707','2022-11-11 21:24:19.022'),
	 (3623,'Доминика','Жданова','+79507379387','2023-01-14 03:55:50.169');
INSERT INTO tinkoff_game.client (client_rk,first_name,last_name,phone_num,visit_dttm) VALUES
	 (3639,'Добрыня','Колесников','+79006800686','2022-10-20 20:24:30.654'),
	 (3655,'Данила','Потапов','+79522493820','2022-12-24 21:32:26.264'),
	 (3671,'Ева','Журавлёва','+79667223542','2022-12-25 16:14:55.864'),
	 (3687,'Тарас','Мишин','+79021933119','2022-10-27 08:15:41.18'),
	 (3703,'Клементина','Владимирова','+79093279674','2022-12-10 03:48:40.35'),
	 (3719,'Любовь','Емельянова','+79638802023','2022-09-18 23:21:57.126'),
	 (3751,'Вероника','Фокина','+79005360533','2023-01-10 09:26:03.353'),
	 (3767,'Лада','Лукина','+79689295063','2022-10-17 14:34:36.823'),
	 (3783,'Владлена','Суханова','+79643146317','2022-10-12 12:12:17.326'),
	 (3799,'Виктория','Красильникова','+79643657321','2023-01-20 00:40:45.997');
INSERT INTO tinkoff_game.client (client_rk,first_name,last_name,phone_num,visit_dttm) VALUES
	 (3815,'Ксения','Алексеева','+79638204849','2022-10-04 02:19:14.468'),
	 (3831,'Маргарита','Нестерова','+79505506540','2023-01-05 16:25:05.968'),
	 (3852,'Светлана','Беляева','+79511127086','2022-09-16 04:00:13.083'),
	 (3868,'Мария','Дорофеева','+79503476760','2022-11-21 10:18:49.383'),
	 (3900,'Клавдия','Юдина','+79091956201','2022-10-05 17:11:51.362'),
	 (3916,'Алла','Гуляева','+79639247641','2022-10-28 01:57:51.951'),
	 (3932,'Варвара','Вишнякова','+79044075075','2022-10-28 00:25:03.954'),
	 (3980,'Антонин','Ильин','+79042533788','2023-01-30 21:49:16.547'),
	 (4012,'Вениамин','Коновалов','+79655283676','2022-12-26 18:24:59.777'),
	 (4028,'Спартак','Мишин','+79676066099','2022-09-06 23:59:44.01');
INSERT INTO tinkoff_game.client (client_rk,first_name,last_name,phone_num,visit_dttm) VALUES
	 (4060,'Юрий','Молчанов','+79535226095','2022-12-03 09:26:59.002'),
	 (4076,'Фаина','Анисимова','+79045621796','2022-11-25 14:38:18.131'),
	 (4092,'Витольд','Буров','+79649133342','2022-09-09 01:06:40.373'),
	 (13,'Ирина','Рыбакова','+79655346704','2022-09-19 13:18:09.905'),
	 (29,'Ника','Копылова','+79528028265','2022-12-27 23:24:42.146'),
	 (45,'Виктория','Крюкова','+79637233966','2022-11-25 09:34:24.382'),
	 (93,'Изольда','Вишнякова','+79091075267','2022-09-17 22:37:56.687'),
	 (1329,'Радислав','Чернов','+79661133065','2022-12-16 06:27:48.613'),
	 (1361,'Николай','Дмитриев','+79526552393','2023-01-13 03:46:39.645'),
	 (1377,'Злата','Осипова','+79675923279','2022-10-01 07:18:36.768');
INSERT INTO tinkoff_game.client (client_rk,first_name,last_name,phone_num,visit_dttm) VALUES
	 (1393,'Захар','Наумов','+79512930500','2022-12-22 23:18:48.1'),
	 (1425,'Аким','Федосеев','+79638717291','2022-11-20 01:15:51.915'),
	 (1457,'Гордей','Фёдоров','+79095632381','2022-12-15 17:20:10.548'),
	 (1473,'Савва','Шашков','+79665850760','2022-09-23 21:36:44.102'),
	 (1489,'Кирилл','Хохлов','+79668346100','2022-12-26 21:57:12.469'),
	 (1505,'Василиса','Зиновьева','+79516837248','2022-11-11 17:25:23.568'),
	 (1521,'Надежда','Давыдова','+79686866930','2022-11-11 21:09:10.473'),
	 (1548,'Станислав','Бирюков','+79682968567','2022-11-17 18:24:41.744'),
	 (1580,'Дан','Некрасов','+79638625892','2022-10-24 14:01:10.862'),
	 (1596,'Матвей','Самойлов','+79003748811','2023-01-12 21:37:30.11');
INSERT INTO tinkoff_game.client (client_rk,first_name,last_name,phone_num,visit_dttm) VALUES
	 (1612,'Семён','Мишин','+79087372984','2022-09-21 17:11:36.468'),
	 (1628,'Август','Ефремов','+79049180387','2022-11-04 06:45:30.923'),
	 (1644,'Аркадий','Никифоров','+79667083578','2022-10-05 00:41:12.982'),
	 (1660,'Стефан','Кузнецов','+79647317428','2023-01-29 14:07:41.369'),
	 (1708,'Святослав','Кошелев','+79537539359','2022-09-09 08:01:56.162'),
	 (1724,'Раиса','Шестакова','+79535170116','2022-10-12 08:09:34.235'),
	 (1740,'Капитолина','Самойлова','+79008334672','2023-02-01 07:24:27.738'),
	 (1756,'Доминика','Мельникова','+79649977897','2022-12-29 04:40:04.892'),
	 (1788,'Алиса','Маркова','+79685332282','2023-01-08 20:33:34.437'),
	 (1799,'Анжелика','Кононова','+79643316167','2023-01-23 21:18:47.393');
INSERT INTO tinkoff_game.client (client_rk,first_name,last_name,phone_num,visit_dttm) VALUES
	 (1815,'Лада','Моисеева','+79634895302','2023-02-01 10:14:16.596'),
	 (1831,'Болеслав','Дьячков','+79094878363','2023-01-07 09:01:31.002'),
	 (1847,'Тарас','Быков','+79532096851','2022-09-15 18:23:47.287'),
	 (1879,'Николай','Некрасов','+79007621609','2022-11-03 04:23:22.015'),
	 (1911,'Викентий','Калинин','+79681075228','2022-12-04 01:15:37.954'),
	 (1991,'Лилия','Белякова','+79082622313','2023-01-07 08:43:41.813'),
	 (2007,'Мирослав','Белов','+79678280238','2023-01-16 01:58:15.557'),
	 (2050,'Лилия','Алексеева','+79667315663','2022-12-30 07:45:25.564'),
	 (2066,'Софья','Суханова','+79514367565','2022-09-18 15:19:07.018'),
	 (2114,'Гордей','Красильников','+79658339049','2022-12-19 23:55:54.4');
INSERT INTO tinkoff_game.client (client_rk,first_name,last_name,phone_num,visit_dttm) VALUES
	 (2130,'Мальвина','Нестерова','+79535143786','2023-01-07 21:53:32.458'),
	 (2146,'Мальвина','Галкина','+79049652279','2022-09-21 05:29:35.451'),
	 (2178,'Захар','Титов','+79029105971','2022-11-13 11:21:33.314'),
	 (2226,'Милан','Гуляев','+79042823550','2022-09-06 11:09:09.099'),
	 (2258,'Филипп','Кондратьев','+79092531291','2022-10-09 05:30:02.891'),
	 (2290,'Оксана','Голубева','+79021111194','2022-11-14 11:05:11.945'),
	 (2317,'Григорий','Копылов','+79511242883','2022-12-16 22:08:47.173'),
	 (2333,'Лев','Пахомов','+79647379618','2022-09-01 16:14:22.75'),
	 (2349,'Таисия','Панова','+79096590756','2022-09-20 09:35:13.812'),
	 (2381,'Юлия','Данилова','+79047688318','2022-11-12 10:52:58.009');
INSERT INTO tinkoff_game.client (client_rk,first_name,last_name,phone_num,visit_dttm) VALUES
	 (2429,'Донат','Медведев','+79525168050','2022-10-11 14:54:43.023'),
	 (2445,'Лада','Носова','+79656096841','2022-12-20 18:48:05.107'),
	 (2461,'Регина','Антонова','+79523528011','2023-01-14 03:20:40.985'),
	 (2493,'Флорентина','Дьячкова','+79535748296','2022-09-02 18:18:07.288'),
	 (2509,'Вероника','Маслова','+79088385014','2023-01-25 02:14:25.686'),
	 (2525,'Ольга','Пахомова','+79022515439','2022-10-10 05:28:51.248'),
	 (2541,'София','Денисова','+79048524465','2022-12-20 20:49:34.748'),
	 (2557,'Нелли','Константинова','+79082492923','2022-10-26 04:32:37.453'),
	 (2568,'Клементина','Сидорова','+79098705198','2022-11-16 15:32:47.431'),
	 (2584,'Раиса','Лебедева','+79007365177','2023-01-02 05:07:34.241');
INSERT INTO tinkoff_game.client (client_rk,first_name,last_name,phone_num,visit_dttm) VALUES
	 (2600,'Жанна','Исакова','+79021887159','2023-01-29 20:10:11.888'),
	 (2632,'Василиса','Мамонтова','+79644457135','2022-11-15 23:12:37.006'),
	 (2680,'Григорий','Тарасов','+79631662676','2022-10-23 15:52:32.901'),
	 (2696,'Лаврентий','Селезнёв','+79097666995','2022-10-24 19:18:03.442'),
	 (2712,'Таисия','Савельева','+79658194247','2022-12-14 02:27:00.004'),
	 (2744,'Аркадий','Наумов','+79502630127','2022-11-27 05:49:35.679'),
	 (2776,'Клара','Лапина','+79508523321','2022-09-08 23:14:20.941'),
	 (2792,'Максим','Волков','+79687437653','2022-11-17 07:52:56.19'),
	 (2819,'Ананий','Ефимов','+79657258002','2022-10-19 12:45:06.204'),
	 (2835,'Игорь','Александров','+79508512548','2022-09-07 17:44:12.194');
INSERT INTO tinkoff_game.client (client_rk,first_name,last_name,phone_num,visit_dttm) VALUES
	 (2851,'Сергей','Попов','+79661057611','2022-12-26 17:10:26.224'),
	 (2899,'Савва','Шестаков','+79641446605','2023-01-30 20:11:09.206'),
	 (2915,'Клементина','Трофимова','+79021735761','2022-09-30 22:37:14.361'),
	 (2947,'Татьяна','Игнатьева','+79648709424','2022-12-03 14:29:44.688'),
	 (2963,'Иосиф','Беляев','+79096429936','2022-09-29 17:40:20.843'),
	 (2979,'Абрам','Смирнов','+79026101481','2022-11-10 22:32:36.044'),
	 (2995,'Капитолина','Гуляева','+79084220317','2022-09-12 14:09:50.354'),
	 (3011,'Пётр','Коновалов','+79091898605','2023-01-01 14:48:05.611'),
	 (3027,'Матвей','Гурьев','+79082857485','2022-12-21 00:50:09.312'),
	 (3043,'Милан','Зиновьев','+79094011116','2022-12-27 20:44:26.154');
INSERT INTO tinkoff_game.client (client_rk,first_name,last_name,phone_num,visit_dttm) VALUES
	 (3059,'Рада','Костина','+79508643883','2022-12-10 20:14:12.95'),
	 (3086,'Рафаил','Ершов','+79046267649','2022-12-03 21:44:23.944'),
	 (3102,'Юлий','Комиссаров','+79089385188','2022-12-28 10:29:15.984'),
	 (3118,'Владлена','Афанасьева','+79664954696','2022-10-15 13:30:24.799'),
	 (3134,'Витольд','Соловьёв','+79637516841','2022-11-17 01:16:33.285'),
	 (3166,'Савва','Богданов','+79533011565','2023-01-05 13:50:04.895'),
	 (3182,'Александра','Хохлова','+79636939867','2022-11-24 09:32:31.592'),
	 (3198,'Рената','Ковалёва','+79645799702','2022-11-03 05:04:51.027'),
	 (3214,'Екатерина','Носкова','+79667030293','2022-11-07 21:57:45.888'),
	 (3230,'Сава','Красильников','+79684245744','2022-12-22 02:10:52.445');
INSERT INTO tinkoff_game.client (client_rk,first_name,last_name,phone_num,visit_dttm) VALUES
	 (3246,'Олег','Самсонов','+79538156383','2022-11-08 11:12:40.578'),
	 (3262,'Антонина','Воронова','+79514088403','2022-11-01 17:59:24.604'),
	 (3278,'Антон','Киселёв','+79645852426','2022-12-16 23:17:43.161'),
	 (3310,'Ираклий','Андреев','+79688497773','2022-12-01 05:25:29.802'),
	 (3326,'Владлена','Веселова','+79044973911','2023-02-01 11:48:46.864'),
	 (3353,'Анжелика','Иванова','+79669998968','2022-12-15 16:25:37.116'),
	 (3385,'Герман','Потапов','+79508022010','2023-01-13 21:36:43.56'),
	 (3401,'Елизавета','Анисимова','+79661526228','2022-10-28 19:37:34.585'),
	 (3417,'Вероника','Андреева','+79511449464','2022-09-09 16:27:04.523'),
	 (3449,'Нестор','Ситников','+79533703648','2022-12-24 19:30:10.328');
INSERT INTO tinkoff_game.client (client_rk,first_name,last_name,phone_num,visit_dttm) VALUES
	 (3497,'Владлена','Смирнова','+79024876270','2023-01-31 23:31:45.497'),
	 (3529,'Вероника','Юдина','+79632236697','2022-11-06 12:01:15.187'),
	 (3545,'Ника','Хохлова','+79044437253','2023-01-11 00:26:12.356'),
	 (3561,'Евгения','Горшкова','+79645219803','2022-11-26 04:25:04.035'),
	 (3577,'Марат','Колобов','+79004305273','2023-01-04 11:25:40.675'),
	 (3588,'Сава','Евдокимов','+79666435714','2022-11-07 04:00:37.181'),
	 (3604,'Рафаил','Корнилов','+79655246964','2022-09-20 05:13:26.672'),
	 (3620,'Вера','Исакова','+79507247459','2022-10-27 02:21:25.553'),
	 (3636,'Ульяна','Одинцова','+79009872891','2023-01-28 14:28:15.351'),
	 (3652,'Екатерина','Лыткина','+79511089343','2023-01-30 11:24:09.079');
INSERT INTO tinkoff_game.client (client_rk,first_name,last_name,phone_num,visit_dttm) VALUES
	 (3700,'Руслан','Федосеев','+79647964534','2023-01-13 06:23:14.436'),
	 (3716,'Захар','Шаров','+79503250602','2022-11-12 05:10:19.973'),
	 (3748,'Люся','Павлова','+79025366584','2022-09-30 13:42:08.06'),
	 (3764,'Адам','Давыдов','+79682789819','2022-09-01 13:26:58.535'),
	 (3780,'Ольга','Баранова','+79659075453','2022-09-16 21:17:50.872'),
	 (3796,'Рената','Данилова','+79045375505','2022-09-21 07:52:05.437'),
	 (3812,'Федосья','Богданова','+79515914965','2023-01-02 08:08:09.227'),
	 (3828,'София','Овчинникова','+79679684950','2022-10-23 16:39:09.341'),
	 (3855,'Кристина','Журавлёва','+79678187580','2023-01-11 17:48:18.421'),
	 (3887,'Прохор','Воронцов','+79523453380','2022-12-30 08:36:35.932');
INSERT INTO tinkoff_game.client (client_rk,first_name,last_name,phone_num,visit_dttm) VALUES
	 (3951,'Ярослава','Блохина','+79661189887','2022-11-12 13:29:33.953'),
	 (3967,'Надежда','Бобылёва','+79028175129','2022-12-19 14:21:24.511'),
	 (3983,'Алиса','Шашкова','+79678187228','2022-11-26 20:43:06.756'),
	 (3999,'Марк','Симонов','+79027401401','2023-01-07 08:42:59.42'),
	 (4015,'Ирина','Новикова','+79668783921','2022-10-09 16:48:12.166'),
	 (4031,'Артём','Прохоров','+79689171819','2022-09-13 04:53:31.817'),
	 (4047,'Светлана','Лукина','+79636360905','2022-09-08 21:14:37.176'),
	 (4063,'Марат','Панов','+79672887979','2022-11-18 11:57:48.007'),
	 (4095,'Эльвира','Галкина','+79087237552','2022-12-31 07:59:40.494'),
	 (10,'Болеслав','Некрасов','+79684861305','2023-01-01 01:20:45.783');
INSERT INTO tinkoff_game.client (client_rk,first_name,last_name,phone_num,visit_dttm) VALUES
	 (26,'Владислав','Семёнов','+79651499987','2022-09-19 12:02:15.632'),
	 (42,'Жанна','Сидорова','+79518792212','2022-10-18 02:43:13.831'),
	 (1605,'Татьяна','Соболева','+79662038648','2022-10-11 20:43:34.92'),
	 (1621,'Данила','Кононов','+79083648165','2023-01-14 07:07:16.654'),
	 (1637,'Клементина','Панфилова','+79665761849','2022-10-05 04:31:47.869'),
	 (1653,'Тарас','Савельев','+79523391689','2022-11-10 07:35:54.597'),
	 (1669,'Никита','Меркушев','+79043720000','2023-01-18 05:49:39.132'),
	 (1701,'Клементина','Пономарёва','+79519988207','2022-11-26 13:38:28.578'),
	 (1717,'Вячеслав','Макаров','+79644192982','2022-10-19 04:13:35.19'),
	 (1733,'Аркадий','Никифоров','+79044898320','2022-09-15 08:31:27.83');
INSERT INTO tinkoff_game.client (client_rk,first_name,last_name,phone_num,visit_dttm) VALUES
	 (1749,'Савва','Гусев','+79534045265','2023-01-14 05:03:36.429'),
	 (1765,'Алёна','Воронцова','+79533113057','2022-12-21 02:22:58.691'),
	 (1802,'Антонина','Никифорова','+79659846904','2022-10-25 03:18:01.8'),
	 (1834,'Борис','Трофимов','+79684337806','2022-11-03 00:55:48.994'),
	 (1882,'Феликс','Пахомов','+79658456450','2022-11-09 12:42:57.867'),
	 (1898,'Матвей','Данилов','+79675778476','2022-12-11 19:30:24.294'),
	 (1914,'Регина','Антонова','+79009845184','2022-12-19 09:44:14.441'),
	 (1930,'Владлена','Федосеева','+79029772858','2022-09-07 02:12:56.452'),
	 (1946,'Розалина','Горбачёва','+79525837890','2022-12-30 22:06:31.823'),
	 (1978,'Адам','Большаков','+79001396907','2022-11-10 03:41:48.399');
INSERT INTO tinkoff_game.client (client_rk,first_name,last_name,phone_num,visit_dttm) VALUES
	 (2010,'Игнат','Зиновьев','+79686286842','2023-01-18 23:49:28.095'),
	 (2026,'Мария','Силина','+79094375821','2023-01-06 18:50:07.165'),
	 (2042,'Таисия','Устинова','+79087119963','2022-11-17 15:17:26.98'),
	 (2063,'Всеволод','Мишин','+79674885356','2022-12-28 16:04:30.406'),
	 (2079,'Герасим','Кошелев','+79506201435','2023-01-26 11:09:24.924'),
	 (2111,'Лада','Титова','+79027836368','2022-11-01 02:02:02.017'),
	 (2127,'Евгения','Белякова','+79631593223','2022-11-04 20:07:36.062'),
	 (2143,'Олеся','Фомина','+79631976606','2022-11-01 14:04:15.443'),
	 (2159,'Марк','Туров','+79523717822','2023-01-10 01:27:21.917'),
	 (2175,'Сергей','Котов','+79086638167','2022-10-26 14:32:35.066');
INSERT INTO tinkoff_game.client (client_rk,first_name,last_name,phone_num,visit_dttm) VALUES
	 (2191,'Изабелла','Бобылёва','+79677917797','2022-09-22 18:47:08.918'),
	 (2207,'Арсений','Третьяков','+79081891372','2022-09-18 05:49:59.328'),
	 (2223,'Глеб','Борисов','+79538309368','2022-12-12 13:45:59.459'),
	 (2239,'Татьяна','Панфилова','+79005362231','2022-09-12 12:37:35.083'),
	 (2255,'Аполлон','Федосеев','+79085649171','2022-12-06 14:24:10.94'),
	 (2271,'Владимир','Мухин','+79675910332','2023-01-06 22:34:04.288'),
	 (2287,'Полина','Михеева','+79648779716','2022-12-15 10:46:20.186'),
	 (2303,'Вениамин','Коновалов','+79085616086','2022-09-07 01:48:14.423'),
	 (2372,'Кузьма','Шашков','+79535453041','2023-02-01 20:01:32.008'),
	 (2388,'Ульяна','Носкова','+79669868003','2022-09-26 20:22:49.291');
INSERT INTO tinkoff_game.client (client_rk,first_name,last_name,phone_num,visit_dttm) VALUES
	 (2404,'Рада','Миронова','+79636265380','2022-12-12 10:46:55.739'),
	 (2420,'Ирина','Гришина','+79098909117','2022-12-19 15:18:42.462'),
	 (2436,'Таисия','Агафонова','+79086775945','2023-01-23 06:48:39.445'),
	 (2468,'Искра','Борисова','+79683620799','2023-01-15 01:51:20.283'),
	 (2500,'Анна','Новикова','+79096503141','2022-11-20 15:06:53.127'),
	 (2532,'Влад','Прохоров','+79677536781','2023-01-05 09:22:47.086'),
	 (2548,'Захар','Панфилов','+79505683271','2022-12-12 06:42:58.042'),
	 (2569,'Алла','Нестерова','+79667062169','2022-10-09 21:34:18.732'),
	 (2585,'Мирослав','Силин','+79687716453','2022-10-11 10:53:14.84'),
	 (2601,'Любовь','Фомина','+79513630441','2022-10-31 21:00:59.226');
INSERT INTO tinkoff_game.client (client_rk,first_name,last_name,phone_num,visit_dttm) VALUES
	 (2617,'Софья','Наумова','+79081942539','2022-12-18 18:04:23.757'),
	 (2633,'Татьяна','Сысоева','+79029704411','2022-09-16 20:22:37.854'),
	 (2649,'Владимир','Семёнов','+79527283370','2023-01-28 16:52:37.552'),
	 (2665,'Александра','Игнатова','+79087073756','2022-09-18 16:45:42.09'),
	 (2681,'Владимир','Абрамов','+79534721942','2022-11-16 01:29:56.732'),
	 (2697,'Илларион','Ефимов','+79096048096','2022-11-13 06:05:39.037'),
	 (2713,'Лев','Гуляев','+79662679058','2022-11-16 02:41:19.093'),
	 (2729,'Мария','Мясникова','+79663853957','2022-12-24 05:24:51.144'),
	 (2745,'Олег','Фомичёв','+79654685080','2023-01-04 22:39:06.475'),
	 (2777,'Марта','Носкова','+79048619774','2022-10-07 01:59:09.581');
INSERT INTO tinkoff_game.client (client_rk,first_name,last_name,phone_num,visit_dttm) VALUES
	 (2809,'Ника','Шилова','+79632438389','2023-01-29 21:14:40.064'),
	 (2830,'Феликс','Иванов','+79646200118','2022-12-28 04:29:49.069'),
	 (2846,'Давид','Комиссаров','+79091349605','2022-12-12 07:03:29.614'),
	 (2862,'Евгения','Шилова','+79672514417','2023-01-27 13:42:43.795'),
	 (2878,'Ефим','Бобров','+79515716588','2022-11-19 03:59:29.05'),
	 (2894,'Юлиан','Фролов','+79084951608','2022-11-07 00:32:06.532'),
	 (2910,'Яна','Игнатова','+79027602250','2023-01-20 14:26:09.829'),
	 (2926,'Святослав','Романов','+79021111621','2022-10-31 03:09:08.586'),
	 (2942,'Марат','Поляков','+79084961841','2022-12-17 05:58:04.237'),
	 (2974,'Яков','Красильников','+79002112717','2023-01-13 02:43:32.009');
INSERT INTO tinkoff_game.client (client_rk,first_name,last_name,phone_num,visit_dttm) VALUES
	 (2990,'Юлий','Кузьмин','+79084137611','2022-10-02 13:17:36.608'),
	 (3006,'Таисия','Сысоева','+79509099596','2023-01-23 08:53:34.957'),
	 (3022,'Наталья','Петрова','+79083523641','2023-01-15 07:43:21.249'),
	 (3038,'Давид','Яковлев','+79003999337','2022-12-14 18:33:05.128'),
	 (3054,'Михаил','Давыдов','+79687728609','2022-11-11 21:37:57.042'),
	 (3070,'Ефим','Петров','+79648914896','2022-11-16 06:45:36.473'),
	 (3107,'Василиса','Наумова','+79091391109','2022-12-09 11:15:12.809'),
	 (3123,'Иннокентий','Данилов','+79098751707','2023-01-11 19:03:59.374'),
	 (3139,'Артур','Герасимов','+79682856674','2022-12-09 21:04:43.347'),
	 (3171,'Тарас','Силин','+79004844276','2022-10-29 05:12:48.638');
INSERT INTO tinkoff_game.client (client_rk,first_name,last_name,phone_num,visit_dttm) VALUES
	 (3187,'Анфиса','Никитина','+79684115401','2022-09-30 19:48:33.589'),
	 (3203,'Тит','Кулагин','+79634258391','2022-11-26 20:27:06.119'),
	 (3219,'Таисия','Коновалова','+79637118367','2022-11-19 22:30:17.931'),
	 (3235,'Трофим','Соколов','+79024063336','2022-12-05 15:41:04.657'),
	 (3267,'Влад','Виноградов','+79515719890','2022-09-11 14:08:34.653'),
	 (3283,'Мария','Веселова','+79083394133','2022-10-26 06:34:05.7'),
	 (3299,'Розалина','Анисимова','+79533574134','2023-01-26 05:15:03.039'),
	 (3315,'Анжелика','Копылова','+79633825685','2022-09-27 07:32:57.454'),
	 (3352,'Геннадий','Тарасов','+79632828734','2022-11-07 23:21:58.237'),
	 (3368,'Анастасия','Шашкова','+79029492947','2022-12-18 03:04:59.061');
INSERT INTO tinkoff_game.client (client_rk,first_name,last_name,phone_num,visit_dttm) VALUES
	 (3384,'Спартак','Дементьев','+79657750553','2023-01-30 10:35:46.955'),
	 (3400,'Ольга','Цветкова','+79026379290','2022-09-04 09:42:19.28'),
	 (3416,'Лилия','Ситникова','+79023948756','2022-09-05 18:48:29.689'),
	 (3432,'Эмма','Мухина','+79646079430','2023-01-15 10:28:00.008'),
	 (3448,'Регина','Мясникова','+79503816416','2022-11-01 05:31:44.595'),
	 (3464,'Доминика','Быкова','+79635039698','2022-12-25 16:21:06.633'),
	 (3480,'Андрей','Пономарёв','+79083760984','2023-01-18 23:41:13.111'),
	 (3496,'Лада','Тарасова','+79515540070','2022-11-22 06:55:42.841'),
	 (3512,'Адам','Карпов','+79048016968','2022-11-30 05:30:00.334'),
	 (3528,'Макар','Мясников','+79677155112','2022-09-24 07:45:44.934');
INSERT INTO tinkoff_game.client (client_rk,first_name,last_name,phone_num,visit_dttm) VALUES
	 (3544,'Мария','Вишнякова','+79648576786','2022-09-27 19:23:07.173'),
	 (3560,'Яков','Симонов','+79671057602','2022-12-13 03:57:40.075'),
	 (3576,'Доминика','Савельева','+79513299151','2022-12-10 10:03:34.085'),
	 (3597,'Рената','Зайцева','+79651434323','2022-12-17 17:39:12.093'),
	 (3645,'Егор','Кузнецов','+79523177171','2022-11-23 01:28:27.808'),
	 (3661,'Ян','Денисов','+79658687741','2022-11-01 02:14:14.98'),
	 (3677,'Валерия','Мартынова','+79679030889','2022-10-21 21:26:56.468'),
	 (3709,'Екатерина','Носкова','+79643814818','2022-10-18 02:30:15.923'),
	 (3725,'Анна','Лихачёва','+79027773569','2022-11-12 00:18:02.916'),
	 (3757,'Владлена','Красильникова','+79643609367','2023-01-28 02:16:06.995');
INSERT INTO tinkoff_game.client (client_rk,first_name,last_name,phone_num,visit_dttm) VALUES
	 (3773,'Нестор','Филиппов','+79025695061','2022-11-21 01:39:33.255'),
	 (3837,'Полина','Колесникова','+79656530353','2022-12-11 08:36:06.298'),
	 (3842,'Лидия','Артемьева','+79048266338','2022-12-19 14:35:36.887'),
	 (3858,'Нина','Бирюкова','+79082347869','2022-12-08 12:10:21.372'),
	 (3874,'Алиса','Мамонтова','+79534209963','2022-10-23 13:14:02.835'),
	 (3890,'Антонина','Большакова','+79022869267','2022-11-13 22:40:37.906'),
	 (3906,'Антонина','Трофимова','+79046238254','2022-09-29 18:23:51.053'),
	 (3922,'Полина','Боброва','+79644494703','2023-01-23 14:33:11.77'),
	 (3938,'Полина','Гуляева','+79021710762','2022-12-03 18:20:05.753'),
	 (3954,'Инга','Беспалова','+79048121593','2022-09-06 21:47:11.265');
INSERT INTO tinkoff_game.client (client_rk,first_name,last_name,phone_num,visit_dttm) VALUES
	 (3986,'Филипп','Капустин','+79092624575','2023-01-15 05:12:59.24'),
	 (4002,'Ефим','Шубин','+79098083678','2022-12-18 23:06:35.113'),
	 (4018,'Мария','Брагина','+79641545216','2023-01-04 21:02:47.872'),
	 (4034,'Владислав','Романов','+79676294193','2022-09-29 19:27:57.532'),
	 (4050,'Ирина','Быкова','+79519672614','2022-12-23 16:38:34.1'),
	 (4066,'Ксения','Селезнёва','+79654506741','2022-09-08 01:54:39.808'),
	 (4082,'Наталья','Мельникова','+79646040326','2022-11-30 15:27:20.553'),
	 (1331,'Виктория','Лебедева','+79096751580','2023-01-28 23:57:10.866'),
	 (1347,'Дарья','Лихачёва','+79027988299','2023-01-27 16:16:33.98'),
	 (1363,'Степан','Голубев','+79009763207','2022-09-20 22:56:40.301');
INSERT INTO tinkoff_game.client (client_rk,first_name,last_name,phone_num,visit_dttm) VALUES
	 (1379,'Пётр','Виноградов','+79658537771','2022-09-01 04:46:44.525'),
	 (1395,'Арсений','Коновалов','+79029165506','2022-12-26 21:52:12.928'),
	 (1411,'Марта','Фролова','+79655327409','2022-10-14 22:50:32.442'),
	 (1427,'Антон','Ширяев','+79508215629','2023-01-08 14:02:23.992'),
	 (1443,'Абрам','Владимиров','+79028495131','2022-10-15 16:16:31.665'),
	 (1459,'Антон','Евдокимов','+79503470794','2022-10-19 20:09:13.016'),
	 (1507,'Полина','Мамонтова','+79023742592','2022-10-18 22:09:13.114'),
	 (1523,'Алла','Мартынова','+79537767095','2023-01-04 10:18:17.718'),
	 (1586,'Юлий','Копылов','+79518459953','2022-09-23 07:36:24.943'),
	 (1602,'Родион','Самойлов','+79657092708','2022-09-07 21:54:48.101');
INSERT INTO tinkoff_game.client (client_rk,first_name,last_name,phone_num,visit_dttm) VALUES
	 (1618,'Фаина','Белозёрова','+79654742305','2022-09-21 09:18:38.651'),
	 (1634,'Афанасий','Носков','+79028069961','2023-01-08 10:11:28.256'),
	 (1666,'Нелли','Герасимова','+79532536046','2022-11-26 13:39:48.642'),
	 (1714,'Иммануил','Дьячков','+79639938723','2022-11-15 18:43:41.623'),
	 (1730,'Владимир','Русаков','+79523764391','2023-01-03 14:51:51.768'),
	 (1746,'Ева','Дорофеева','+79529647046','2022-11-19 02:42:59.156'),
	 (1762,'Нонна','Шилова','+79501233473','2023-01-28 07:58:44.276'),
	 (1778,'Абрам','Мартынов','+79671894903','2023-01-16 15:30:17.807'),
	 (1805,'Геннадий','Воронов','+79046100231','2023-01-31 05:57:11.227'),
	 (1821,'Валентина','Гришина','+79503323579','2022-12-13 04:15:22.666');
INSERT INTO tinkoff_game.client (client_rk,first_name,last_name,phone_num,visit_dttm) VALUES
	 (1837,'Евгения','Кудрявцева','+79521422916','2022-09-19 18:36:42.239'),
	 (1853,'Альбина','Назарова','+79637283268','2022-10-02 04:13:59.467'),
	 (1869,'Лидия','Киселёва','+79668975189','2022-11-30 18:48:41.739'),
	 (1901,'Надежда','Колобова','+79519455694','2023-01-03 11:06:46.608'),
	 (1917,'Розалина','Тихонова','+79688702658','2022-12-17 20:45:30.054'),
	 (1933,'Никита','Соболев','+79092184832','2022-09-23 00:18:23.552'),
	 (1949,'Людмила','Одинцова','+79535450735','2022-11-11 09:15:34.821'),
	 (1965,'Раиса','Потапова','+79636447259','2022-12-18 20:00:19.29'),
	 (1981,'Ярослава','Степанова','+79098441878','2022-11-03 10:15:04.207'),
	 (1997,'Надежда','Сазонова','+79685365227','2023-01-31 05:49:29.812');
INSERT INTO tinkoff_game.client (client_rk,first_name,last_name,phone_num,visit_dttm) VALUES
	 (2013,'Матвей','Сысоев','+79091461556','2023-01-25 08:58:09.541'),
	 (2029,'Регина','Красильникова','+79632729017','2022-10-13 08:41:52.028'),
	 (2045,'Николай','Сорокин','+79643217173','2022-11-14 14:37:04.661'),
	 (2076,'Изольда','Зиновьева','+79516468474','2022-10-11 03:33:38.553'),
	 (2108,'Флорентина','Дементьева','+79686139744','2023-01-30 11:03:42.934'),
	 (2124,'Владислав','Назаров','+79635182462','2022-09-11 14:43:59.624'),
	 (2172,'Антонин','Фомин','+79633601227','2023-01-02 08:18:24.35'),
	 (2204,'Жанна','Александрова','+79513867000','2022-11-18 18:23:48.837'),
	 (2220,'Добрыня','Меркушев','+79674769504','2022-10-20 22:39:42.615'),
	 (2284,'Розалина','Цветкова','+79048974028','2023-01-27 20:57:50.863');
INSERT INTO tinkoff_game.client (client_rk,first_name,last_name,phone_num,visit_dttm) VALUES
	 (2300,'Болеслав','Иванов','+79096555260','2022-10-12 17:00:22.501'),
	 (2311,'Сергей','Селезнёв','+79531084251','2022-11-30 04:02:41.742'),
	 (2343,'Люся','Савина','+79026195944','2022-11-20 23:35:38.518'),
	 (2359,'Дмитрий','Карпов','+79049418006','2022-09-13 01:32:47.596'),
	 (2375,'Абрам','Мясников','+79042380405','2022-12-21 03:03:51.463'),
	 (2391,'Диана','Савина','+79006185446','2022-10-01 07:33:15.874'),
	 (2407,'Ананий','Некрасов','+79508249669','2022-11-17 15:33:58.244'),
	 (2423,'Раиса','Сазонова','+79643353177','2022-10-09 17:15:41.242'),
	 (2439,'Константин','Юдин','+79538885092','2022-12-09 00:42:36.665'),
	 (2455,'Владислав','Лыткин','+79663117030','2022-11-29 04:53:45.876');
INSERT INTO tinkoff_game.client (client_rk,first_name,last_name,phone_num,visit_dttm) VALUES
	 (2503,'Денис','Беспалов','+79092074559','2022-12-12 04:52:25.911'),
	 (2519,'Игнат','Меркушев','+79651841546','2022-10-01 07:50:12.213'),
	 (2551,'Олег','Красильников','+79511722757','2022-09-12 04:48:40.3'),
	 (2566,'Полина','Некрасова','+79026801968','2022-09-10 07:57:23.902'),
	 (2582,'Лилия','Данилова','+79096641840','2022-11-29 17:59:02.006'),
	 (2598,'Аким','Кулагин','+79045268575','2022-10-11 14:05:28.68'),
	 (2614,'Донат','Аксёнов','+79513147133','2022-12-06 15:24:20.512'),
	 (2630,'Андрей','Федотов','+79522574270','2022-12-07 21:05:35.319'),
	 (2646,'Аркадий','Брагин','+79008906960','2022-10-18 21:53:06.138'),
	 (2678,'Софья','Зыкова','+79507634492','2022-09-02 17:34:32.983');
INSERT INTO tinkoff_game.client (client_rk,first_name,last_name,phone_num,visit_dttm) VALUES
	 (2694,'Гордей','Васильев','+79088798455','2023-01-04 02:47:18.717'),
	 (2710,'Влад','Анисимов','+79683514407','2023-01-09 05:38:07.936'),
	 (2726,'Мирослав','Ильин','+79667592754','2022-12-18 12:02:53.004'),
	 (2742,'Захар','Дорофеев','+79669230610','2022-12-15 18:19:28.428'),
	 (2774,'Абрам','Ширяев','+79006504860','2022-10-16 02:08:27.577'),
	 (2790,'Николай','Елисеев','+79525351889','2023-01-17 04:24:03.057'),
	 (2806,'Глеб','Кулагин','+79501245271','2022-10-01 04:39:19.91'),
	 (2817,'Лада','Емельянова','+79528611513','2022-11-02 19:11:41.073'),
	 (2849,'Екатерина','Красильникова','+79501346064','2022-11-06 16:21:55.684'),
	 (2865,'Адам','Савельев','+79045852726','2023-01-25 23:51:56.858');
INSERT INTO tinkoff_game.client (client_rk,first_name,last_name,phone_num,visit_dttm) VALUES
	 (2881,'Ирина','Лазарева','+79511028908','2023-01-04 23:23:31.797'),
	 (2897,'Владислав','Попов','+79028057941','2022-09-19 07:09:31.065'),
	 (2913,'Ефим','Быков','+79633601366','2022-12-06 07:23:53.398'),
	 (2929,'Викентий','Ларионов','+79655318682','2022-12-17 02:23:04.163'),
	 (2945,'Елена','Гуляева','+79639992897','2022-09-29 22:04:42.683'),
	 (2961,'Оксана','Устинова','+79677335444','2023-01-17 22:08:31.922'),
	 (2977,'Елизавета','Лихачёва','+79531946752','2022-11-15 13:37:33.721'),
	 (3009,'Оксана','Попова','+79679088732','2022-12-18 12:18:59.838'),
	 (3025,'Ярослав','Тихонов','+79007256029','2022-11-01 15:09:31.433'),
	 (3041,'Евгения','Герасимова','+79656212257','2022-11-02 08:19:32.162');
INSERT INTO tinkoff_game.client (client_rk,first_name,last_name,phone_num,visit_dttm) VALUES
	 (3088,'Ираклий','Матвеев','+79511235351','2022-11-11 22:08:02.857'),
	 (3168,'Изабелла','Назарова','+79663700565','2023-01-02 10:27:07.728'),
	 (3184,'Влад','Селиверстов','+79528249746','2022-12-14 09:01:05'),
	 (3200,'Искра','Дьячкова','+79531079440','2022-09-06 23:26:04.753'),
	 (3216,'Адриан','Мясников','+79029491356','2022-12-25 18:42:04.989'),
	 (3232,'Артём','Киселёв','+79525488602','2022-11-29 17:34:28.075'),
	 (3248,'Капитолина','Шарова','+79645643396','2022-09-15 21:38:10.827'),
	 (3264,'Август','Иванов','+79026157052','2022-11-01 00:59:29.308'),
	 (3296,'Марина','Борисова','+79005162010','2022-11-29 03:57:48.056'),
	 (3312,'Гавриил','Попов','+79047728619','2022-12-06 10:02:17.04');
INSERT INTO tinkoff_game.client (client_rk,first_name,last_name,phone_num,visit_dttm) VALUES
	 (3339,'Валерия','Новикова','+79509341442','2023-01-10 15:42:54.947'),
	 (3355,'Ананий','Тихонов','+79085233129','2022-12-09 01:09:15.443'),
	 (3371,'Ефим','Сергеев','+79523615907','2022-09-11 03:00:36.914'),
	 (3387,'Степан','Рябов','+79504224223','2022-11-11 04:07:24.716'),
	 (3403,'Лилия','Бурова','+79504529895','2022-09-03 16:30:43.531'),
	 (3435,'Даниил','Карпов','+79092702593','2022-09-12 08:11:51.173'),
	 (3451,'Альбина','Мельникова','+79535670862','2022-10-23 23:40:48.031'),
	 (3467,'Виктория','Ефимова','+79677154670','2022-09-07 03:38:46.883'),
	 (3515,'Игнатий','Вишняков','+79641312456','2022-11-23 07:42:52.299'),
	 (3531,'Розалина','Дроздова','+79047710041','2022-11-28 15:36:33.159');
INSERT INTO tinkoff_game.client (client_rk,first_name,last_name,phone_num,visit_dttm) VALUES
	 (3547,'Ярослава','Соловьёва','+79639242746','2023-01-03 10:47:26.382'),
	 (3563,'Владлена','Абрамова','+79515810239','2023-01-05 00:02:08.693'),
	 (3579,'Сава','Блохин','+79656504916','2022-11-26 12:56:38.401'),
	 (3610,'Мария','Медведева','+79503413887','2022-10-03 14:08:30.271'),
	 (3642,'Ника','Дьячкова','+79099617865','2022-09-11 01:14:43.517'),
	 (3658,'Дан','Кондратьев','+79525516736','2022-12-07 01:57:38.59'),
	 (3674,'Август','Молчанов','+79506302579','2022-12-28 11:27:07.164'),
	 (3690,'Доминика','Нестерова','+79009080762','2022-12-20 09:05:06.9'),
	 (3706,'Филипп','Евдокимов','+79087219648','2022-11-16 13:09:09.903'),
	 (3722,'Аполлон','Фомин','+79002725339','2022-10-28 15:30:07.814');
INSERT INTO tinkoff_game.client (client_rk,first_name,last_name,phone_num,visit_dttm) VALUES
	 (3738,'Лев','Фролов','+79528072743','2022-11-27 08:32:44.573'),
	 (3818,'Марта','Пономарёва','+79534034270','2022-09-09 15:35:14.038'),
	 (3861,'Альбина','Анисимова','+79674347639','2022-09-26 00:09:36.628'),
	 (3877,'Клим','Тетерин','+79525234129','2022-12-19 22:26:46.648'),
	 (3893,'Клара','Аксёнова','+79088283146','2023-01-19 10:50:59.086'),
	 (3925,'Дарья','Захарова','+79645678910','2022-12-09 12:44:56.572'),
	 (3941,'Дарья','Комарова','+79532789474','2023-01-31 20:22:56.121'),
	 (3989,'Евгения','Денисова','+79688180696','2023-01-18 07:33:37.167'),
	 (4005,'Екатерина','Самойлова','+79527932167','2022-09-20 13:20:56.457'),
	 (4021,'Радислав','Егоров','+79671110831','2023-01-06 17:04:05.888');
INSERT INTO tinkoff_game.client (client_rk,first_name,last_name,phone_num,visit_dttm) VALUES
	 (4053,'Зоя','Шашкова','+79088289107','2022-09-23 18:49:47.155'),
	 (4069,'Святослав','Пономарёв','+79092091934','2022-11-18 03:58:46.627'),
	 (1290,'Ян','Елисеев','+79663223451','2023-01-18 04:25:47.396'),
	 (1306,'Трофим','Егоров','+79501000121','2022-11-06 08:17:49.106'),
	 (1322,'Бронислав','Суханов','+79512322428','2022-09-01 14:05:57.668'),
	 (1354,'Лада','Савельева','+79658048708','2022-12-13 10:02:59.964'),
	 (1386,'Всеволод','Фомин','+79095956260','2022-10-20 04:01:20.734'),
	 (1402,'Егор','Григорьев','+79516639616','2022-10-05 07:10:23.605'),
	 (1418,'Богдан','Виноградов','+79633049486','2022-11-18 10:21:42.683'),
	 (1450,'Иммануил','Лукин','+79536205530','2022-11-20 04:37:13.894');
INSERT INTO tinkoff_game.client (client_rk,first_name,last_name,phone_num,visit_dttm) VALUES
	 (1466,'Евгений','Лыткин','+79533298037','2023-01-13 23:50:11.969'),
	 (1498,'Инна','Петрова','+79639700742','2022-10-03 01:40:27.008'),
	 (1514,'Диана','Агафонова','+79531264432','2022-11-03 14:27:58.84'),
	 (1547,'Инга','Бирюкова','+79002801765','2022-12-27 12:09:11.22'),
	 (1579,'Валерий','Колобов','+79689994432','2022-11-21 18:17:41.197'),
	 (1595,'Клим','Андреев','+79632572090','2022-10-22 00:26:25.312'),
	 (1611,'Виль','Трофимов','+79633976856','2023-01-14 02:54:09.747'),
	 (1627,'Капитолина','Константинова','+79049582487','2022-10-30 23:34:27.744'),
	 (1643,'Кристина','Сергеева','+79643634540','2022-09-26 17:30:57.946'),
	 (1659,'Искра','Панфилова','+79668367629','2022-12-23 16:21:19.155');
INSERT INTO tinkoff_game.client (client_rk,first_name,last_name,phone_num,visit_dttm) VALUES
	 (1691,'Феликс','Ширяев','+79086585729','2022-11-12 11:23:05.986'),
	 (1723,'Регина','Прохорова','+79652058663','2022-11-26 23:06:48.522'),
	 (1739,'Стефан','Селиверстов','+79644594037','2022-09-29 16:02:57.035'),
	 (1787,'Искра','Терентьева','+79663434150','2022-10-02 17:09:08.237'),
	 (1808,'Никита','Лапин','+79512544775','2022-11-12 07:46:35.477'),
	 (1824,'Марта','Прохорова','+79044084301','2022-10-24 14:08:14.618'),
	 (1856,'Семён','Шестаков','+79669778606','2022-11-27 00:46:54.453'),
	 (1872,'Болеслав','Владимиров','+79663809810','2023-01-17 01:29:07.786'),
	 (1888,'Георгий','Егоров','+79508136629','2023-01-25 23:32:33.993'),
	 (1904,'Адриан','Назаров','+79631879031','2023-01-03 05:34:43.174');
INSERT INTO tinkoff_game.client (client_rk,first_name,last_name,phone_num,visit_dttm) VALUES
	 (1920,'Жанна','Давыдова','+79517454868','2022-09-27 04:35:52.143'),
	 (1936,'Денис','Семёнов','+79521384794','2022-11-15 23:02:16.356'),
	 (1952,'Алина','Авдеева','+79655723550','2023-01-26 09:28:15.702'),
	 (1968,'Доминика','Данилова','+79005058382','2023-01-14 23:09:53.379'),
	 (2016,'Ксения','Кудрявцева','+79506246490','2023-01-03 21:48:11.331'),
	 (2032,'Виталий','Харитонов','+79653426566','2022-11-03 08:59:20.224'),
	 (2057,'Дмитрий','Сорокин','+79675552730','2022-11-18 16:33:25.51'),
	 (2073,'Дмитрий','Зыков','+79643119518','2022-09-19 07:44:31.179'),
	 (2089,'Кузьма','Зимин','+79511853058','2023-01-29 23:56:56.876'),
	 (2105,'Алина','Ефимова','+79678781391','2022-10-16 04:37:24.665');
INSERT INTO tinkoff_game.client (client_rk,first_name,last_name,phone_num,visit_dttm) VALUES
	 (2137,'Семён','Максимов','+79022574583','2022-10-27 14:51:06.996'),
	 (2153,'Софья','Кулагина','+79082276638','2022-10-27 12:36:36.312'),
	 (2169,'Феликс','Нестеров','+79086055689','2022-11-07 21:47:54.427'),
	 (2185,'Мирослав','Виноградов','+79679945794','2023-01-16 20:08:05.127'),
	 (2217,'Афанасий','Анисимов','+79029780907','2022-10-23 20:49:16.301'),
	 (2233,'Капитолина','Русакова','+79664844200','2022-10-17 05:34:25.826'),
	 (2249,'Алёна','Авдеева','+79632955367','2022-11-14 06:04:18.8'),
	 (2350,'Валентин','Мельников','+79632038946','2022-10-28 06:52:00.54'),
	 (2366,'Искра','Фролова','+79508949994','2022-12-27 03:19:54.703'),
	 (2382,'Инна','Горбачёва','+79535244730','2022-11-30 22:08:20.105');
INSERT INTO tinkoff_game.client (client_rk,first_name,last_name,phone_num,visit_dttm) VALUES
	 (2494,'Ираклий','Казаков','+79637114505','2022-09-01 15:46:18.623'),
	 (2510,'Герасим','Беляев','+79654097946','2022-10-02 01:26:27.705'),
	 (2526,'Кузьма','Жданов','+79667292862','2023-01-23 13:26:20.759'),
	 (2542,'Инна','Воронова','+79642767223','2022-12-29 18:02:36.958'),
	 (2558,'Геннадий','Доронин','+79677674811','2022-09-16 20:38:25.982'),
	 (2591,'Инна','Моисеева','+79043834476','2022-11-06 19:14:55.432'),
	 (2607,'Ника','Павлова','+79514407444','2023-01-29 15:19:30.62'),
	 (2655,'Инесса','Игнатова','+79677638048','2022-09-06 08:14:21.969'),
	 (2687,'Полина','Кулагина','+79087613200','2022-09-13 20:30:56.879'),
	 (2703,'Инна','Вишнякова','+79518486548','2022-12-01 08:57:47.618');
INSERT INTO tinkoff_game.client (client_rk,first_name,last_name,phone_num,visit_dttm) VALUES
	 (2751,'Адам','Федотов','+79641898829','2022-10-09 02:53:03.929'),
	 (2783,'Нестор','Кулаков','+79673647857','2022-09-15 23:34:22.221'),
	 (2815,'Юлиан','Агафонов','+79682255247','2023-01-21 18:51:22.797'),
	 (2820,'Виктория','Бобылёва','+79658716481','2022-10-29 07:33:00.518'),
	 (2884,'Виктория','Коновалова','+79514883831','2022-11-27 08:20:20.78'),
	 (2900,'Эдуард','Горшков','+79648661690','2022-09-02 15:51:28.233'),
	 (2916,'Зоя','Сазонова','+79658886164','2022-12-17 10:31:15.69'),
	 (2932,'Ананий','Родионов','+79043499089','2022-10-23 23:31:52.897'),
	 (2964,'Екатерина','Фёдорова','+79044412248','2022-11-14 22:13:16.443'),
	 (2980,'Нелли','Гурьева','+79505329038','2022-10-05 09:43:46.206');
INSERT INTO tinkoff_game.client (client_rk,first_name,last_name,phone_num,visit_dttm) VALUES
	 (2996,'Инесса','Матвеева','+79099620865','2022-12-12 16:51:31.892'),
	 (3012,'Диана','Козлова','+79081331430','2022-10-20 05:33:06.413'),
	 (3060,'Гарри','Яковлев','+79656959196','2022-10-01 20:13:25.99'),
	 (3085,'Ярослава','Петрова','+79506668352','2022-10-18 11:43:29.685'),
	 (3117,'Варвара','Игнатьева','+79673991865','2022-10-02 21:00:52.766'),
	 (3133,'Давид','Логинов','+79685243480','2023-01-11 07:55:42.465'),
	 (3149,'Валентина','Терентьева','+79635489553','2022-11-19 05:22:00.89'),
	 (3165,'Искра','Медведева','+79041772767','2023-01-18 03:35:55.233'),
	 (3181,'Инесса','Зуева','+79043804796','2022-09-22 03:12:26.102'),
	 (3197,'Федосья','Шестакова','+79668150756','2022-11-11 08:36:29.362');
INSERT INTO tinkoff_game.client (client_rk,first_name,last_name,phone_num,visit_dttm) VALUES
	 (3229,'Альберт','Соколов','+79044487753','2022-12-08 19:17:03.542'),
	 (3245,'Константин','Тарасов','+79674530509','2022-12-31 01:22:59.602'),
	 (3261,'Василиса','Хохлова','+79658611661','2022-12-24 12:40:00.437'),
	 (3277,'Полина','Сергеева','+79539571163','2022-11-27 02:11:51.562'),
	 (3293,'Аполлон','Смирнов','+79684873407','2022-09-10 04:54:39.725'),
	 (3309,'Вероника','Колесникова','+79092629406','2022-11-29 21:20:13.365'),
	 (3325,'Любовь','Фомичёва','+79515509578','2022-10-12 03:23:49.812'),
	 (3330,'Аркадий','Красильников','+79678387105','2022-11-14 20:53:16.973'),
	 (3378,'Татьяна','Пономарёва','+79514478718','2022-11-09 20:51:20.484'),
	 (3394,'Милан','Зимин','+79537277134','2022-12-12 23:00:34.332');
INSERT INTO tinkoff_game.client (client_rk,first_name,last_name,phone_num,visit_dttm) VALUES
	 (3410,'Ираклий','Галкин','+79025548266','2022-11-27 10:35:29.06'),
	 (3426,'Валерия','Павлова','+79094574863','2022-12-17 06:46:39.403'),
	 (3442,'Мальвина','Устинова','+79503221663','2022-12-25 22:11:43.204'),
	 (3458,'Радислав','Волков','+79534134694','2023-01-23 00:59:56.396'),
	 (3474,'Ираклий','Матвеев','+79667411015','2022-09-09 06:22:37.283'),
	 (3490,'Лилия','Рыбакова','+79093539148','2022-09-24 08:18:47.066'),
	 (3506,'Валентина','Ершова','+79527782524','2022-11-17 22:19:39.573'),
	 (3522,'Леонид','Воронов','+79668903782','2022-10-21 05:12:48.441'),
	 (3538,'Егор','Суворов','+79026326765','2022-11-27 12:41:32.411'),
	 (3570,'Валериан','Федотов','+79676853848','2023-01-12 19:57:31.943');
INSERT INTO tinkoff_game.client (client_rk,first_name,last_name,phone_num,visit_dttm) VALUES
	 (3587,'Филипп','Гусев','+79539766441','2022-09-21 03:49:37.389'),
	 (3635,'Регина','Панова','+79505387846','2022-12-26 05:50:20.02'),
	 (3667,'Виктор','Зимин','+79083617697','2022-12-05 17:30:14.804'),
	 (3683,'Павел','Абрамов','+79508132632','2022-12-25 21:04:17.577'),
	 (3699,'Изольда','Суворова','+79094666365','2022-10-08 03:50:38.771'),
	 (3715,'Платон','Овчинников','+79087355467','2023-01-22 02:20:16.604'),
	 (3731,'София','Миронова','+79046807340','2022-11-24 08:24:42.204'),
	 (3747,'Ананий','Фролов','+79635973218','2023-01-16 15:41:42.603'),
	 (3763,'Вадим','Туров','+79526278593','2023-01-27 00:51:31.021'),
	 (3779,'Ярослава','Галкина','+79522159412','2022-09-30 17:07:21.909');
INSERT INTO tinkoff_game.client (client_rk,first_name,last_name,phone_num,visit_dttm) VALUES
	 (3795,'Трофим','Зыков','+79665748752','2022-10-06 04:49:49.581'),
	 (3811,'Евгения','Семёнова','+79675560627','2022-11-01 06:42:49.861'),
	 (3848,'Клементина','Устинова','+79676856077','2022-09-17 09:52:47.376'),
	 (3864,'Алла','Тихонова','+79005070022','2023-01-21 00:19:14.225'),
	 (3880,'Юлия','Фомина','+79511042124','2022-12-12 19:55:45.81'),
	 (3896,'Розалина','Крюкова','+79675075528','2022-11-07 10:01:06.087'),
	 (3912,'Александра','Шарапова','+79531292300','2022-10-26 09:55:04.519'),
	 (3944,'Афанасий','Носов','+79653660156','2022-10-11 14:46:38.144'),
	 (3960,'Валентин','Лебедев','+79647046791','2022-10-20 05:32:09.38'),
	 (3976,'Инесса','Фролова','+79673902194','2022-12-24 05:29:48.981');
INSERT INTO tinkoff_game.client (client_rk,first_name,last_name,phone_num,visit_dttm) VALUES
	 (3992,'Иммануил','Блинов','+79521876687','2022-12-16 22:57:41.962'),
	 (4008,'Святослав','Лапин','+79081785015','2022-09-03 14:26:32.542'),
	 (4024,'Кирилл','Фомин','+79664944342','2022-10-25 18:24:18.549'),
	 (4040,'Влад','Ермаков','+79635709949','2023-01-03 19:38:38.98'),
	 (4056,'Олеся','Евдокимова','+79523041140','2023-01-07 18:09:13.185'),
	 (4072,'Софья','Кудряшова','+79508261361','2022-09-10 08:20:41.964'),
	 (4088,'Регина','Иванова','+79022361448','2023-01-13 18:19:31.108'),
	 (1608,'Людмила','Самсонова','+79667360298','2022-10-07 20:26:46.358'),
	 (1624,'Аким','Журавлёв','+79669252566','2022-09-17 18:43:56.994'),
	 (1640,'Вероника','Денисова','+79507428217','2022-11-15 16:00:10.51');
INSERT INTO tinkoff_game.client (client_rk,first_name,last_name,phone_num,visit_dttm) VALUES
	 (1672,'Ананий','Беспалов','+79666082216','2022-09-30 12:27:44.569'),
	 (1688,'Эдуард','Хохлов','+79005559391','2022-09-28 14:49:11.37'),
	 (1704,'Раиса','Моисеева','+79519140201','2022-11-05 08:28:52.724'),
	 (1720,'Рада','Зыкова','+79005392045','2023-01-18 11:13:15.765'),
	 (1736,'Клара','Бирюкова','+79022701280','2022-12-02 17:29:10.943'),
	 (1768,'Владлена','Воронцова','+79682871517','2023-01-11 22:42:32.011'),
	 (1784,'Инга','Некрасова','+79525043898','2022-12-27 14:18:53.28'),
	 (1795,'Александр','Бирюков','+79539845554','2023-01-20 17:21:09.561'),
	 (1811,'Филипп','Артемьев','+79048780577','2023-01-07 14:09:14.644'),
	 (1843,'Антонина','Капустина','+79086194265','2023-01-29 21:31:13.41');
INSERT INTO tinkoff_game.client (client_rk,first_name,last_name,phone_num,visit_dttm) VALUES
	 (1859,'Юлия','Евсеева','+79001201575','2022-10-13 14:57:56.112'),
	 (1891,'Алина','Гаврилова','+79674828048','2022-10-20 06:31:10.858'),
	 (1907,'Рената','Голубева','+79006477356','2022-12-22 11:01:51.678'),
	 (1923,'Эмилия','Дорофеева','+79084881206','2023-01-22 06:03:39.674'),
	 (1939,'Инга','Ефремова','+79021057006','2022-10-31 03:35:04.514'),
	 (1987,'Александра','Евдокимова','+79668286821','2022-09-20 06:28:02.53'),
	 (2019,'Оксана','Голубева','+79502955117','2022-09-21 10:42:22.128'),
	 (2035,'Галина','Пономарёва','+79653281775','2022-10-28 19:38:47.845'),
	 (2054,'Диана','Волкова','+79088543391','2022-11-30 16:49:34.586'),
	 (2070,'Ираклий','Денисов','+79661861719','2022-12-04 04:18:41.412');
INSERT INTO tinkoff_game.client (client_rk,first_name,last_name,phone_num,visit_dttm) VALUES
	 (2102,'Маргарита','Александрова','+79517493643','2022-09-12 16:55:20.67'),
	 (2118,'Федосья','Беспалова','+79679430795','2022-10-16 06:58:56.088'),
	 (2134,'Елена','Кулагина','+79041330721','2022-11-02 14:38:22.321'),
	 (2150,'Тит','Федотов','+79094623132','2022-09-06 12:01:01.133'),
	 (2166,'Гордей','Третьяков','+79639308618','2023-01-14 02:04:36.197'),
	 (2182,'Люся','Емельянова','+79688230154','2022-11-28 07:55:11.891'),
	 (2198,'Розалина','Зыкова','+79644539645','2023-01-09 01:27:47.983'),
	 (2214,'Яна','Моисеева','+79095893873','2023-01-25 08:23:57.334'),
	 (2230,'Виктория','Вишнякова','+79636108423','2023-01-02 23:15:21.466'),
	 (2246,'Фаина','Белякова','+79637645152','2022-10-05 14:16:07.156');
INSERT INTO tinkoff_game.client (client_rk,first_name,last_name,phone_num,visit_dttm) VALUES
	 (2294,'Татьяна','Владимирова','+79021088787','2022-09-22 17:52:03.8'),
	 (2305,'Арсений','Шарапов','+79043835986','2023-01-04 01:58:40.509'),
	 (2321,'Люся','Русакова','+79631113593','2022-11-04 06:06:36.059'),
	 (2337,'Мальвина','Шубина','+79657212910','2023-01-30 05:01:19.318'),
	 (2353,'Юлиан','Самойлов','+79097064311','2022-10-04 19:20:15.614'),
	 (2385,'Абрам','Шубин','+79683484012','2022-09-12 19:59:21.701'),
	 (2401,'Светлана','Фёдорова','+79517338852','2022-09-21 17:35:07.703'),
	 (2417,'Лариса','Яковлева','+79508578166','2022-10-18 20:24:08.684'),
	 (2433,'Анжелика','Тимофеева','+79099779120','2022-10-09 08:30:36.458'),
	 (2449,'Федосья','Лапина','+79631475020','2022-09-11 17:29:43.032');
INSERT INTO tinkoff_game.client (client_rk,first_name,last_name,phone_num,visit_dttm) VALUES
	 (2465,'Ростислав','Марков','+79048706628','2022-09-01 10:17:15.67'),
	 (2481,'Владимир','Щербаков','+79647469280','2023-01-06 00:40:59.592'),
	 (2497,'Ираклий','Сысоев','+79636612165','2022-10-12 13:33:30.361'),
	 (2513,'Кирилл','Марков','+79525640018','2023-01-10 21:39:32.888'),
	 (2529,'Изабелла','Николаева','+79641588031','2023-01-16 02:50:18.676'),
	 (2545,'Святослав','Голубев','+79029457465','2023-01-17 00:57:19.46'),
	 (2604,'Михаил','Голубев','+79512072031','2022-12-11 09:02:22.48'),
	 (2620,'Рената','Дмитриева','+79085479806','2023-01-26 12:56:22.231'),
	 (2636,'Макар','Колесников','+79646206440','2022-12-22 12:44:06.099'),
	 (2652,'Клементина','Дементьева','+79049290153','2022-12-31 04:31:16.827');
INSERT INTO tinkoff_game.client (client_rk,first_name,last_name,phone_num,visit_dttm) VALUES
	 (2668,'Майя','Давыдова','+79522952565','2022-10-13 07:34:39.363'),
	 (2684,'Ираклий','Лихачёв','+79669121856','2023-01-05 09:24:55.917'),
	 (2700,'Дарья','Селезнёва','+79529387490','2022-09-14 00:57:54.818'),
	 (2716,'Леонид','Стрелков','+79506677699','2022-10-21 10:25:24.535'),
	 (2732,'Милан','Ефимов','+79022459661','2023-01-17 14:24:24.103'),
	 (2748,'Олеся','Афанасьева','+79045531251','2022-10-23 05:52:20.294'),
	 (2764,'Тарас','Муравьёв','+79664416741','2022-10-06 04:35:48.716'),
	 (2812,'Семён','Кононов','+79096571563','2022-12-12 11:53:05.02'),
	 (2823,'Родион','Корнилов','+79519846594','2022-10-25 02:20:49.294'),
	 (2839,'Оксана','Козлова','+79009522551','2023-01-24 22:36:50.659');
INSERT INTO tinkoff_game.client (client_rk,first_name,last_name,phone_num,visit_dttm) VALUES
	 (2855,'Софья','Артемьева','+79508596742','2022-12-09 03:15:10.071'),
	 (2871,'Любовь','Коновалова','+79642049883','2023-01-15 08:36:49.865'),
	 (2887,'Тит','Калинин','+79526173397','2023-01-15 06:31:31.967'),
	 (2919,'Нелли','Зиновьева','+79092386130','2022-11-28 20:10:22.128'),
	 (2935,'Влад','Кабанов','+79525376741','2022-12-11 17:22:39.74'),
	 (2951,'Полина','Исакова','+79523563095','2022-10-29 14:47:05.609'),
	 (2967,'Владислав','Рыбаков','+79009013036','2022-11-23 03:12:11.537'),
	 (2983,'Лев','Анисимов','+79531148314','2023-01-09 07:10:14.372'),
	 (2999,'Марк','Тимофеев','+79098291488','2022-12-22 12:18:23.108'),
	 (3015,'Назар','Титов','+79682300713','2022-12-17 01:50:31.827');
INSERT INTO tinkoff_game.client (client_rk,first_name,last_name,phone_num,visit_dttm) VALUES
	 (3031,'Нестор','Горшков','+79095580379','2023-01-14 15:37:01'),
	 (3047,'Тимофей','Дмитриев','+79677106446','2022-10-31 16:05:53.616'),
	 (3063,'Ян','Константинов','+79048831517','2022-09-17 23:24:15.14'),
	 (3082,'Татьяна','Кабанова','+79048628036','2022-12-06 18:38:23.425'),
	 (3130,'Валентина','Громова','+79006360642','2022-11-10 17:31:50.298'),
	 (3146,'Полина','Попова','+79531047606','2022-09-25 12:53:24.58'),
	 (3162,'Инесса','Родионова','+79654512543','2022-09-01 15:53:02.485'),
	 (3178,'Флорентина','Белякова','+79681621480','2022-12-15 21:14:14.398'),
	 (3210,'Людмила','Колобова','+79085968242','2022-11-13 06:09:14.258'),
	 (3226,'Ольга','Носова','+79501523422','2022-12-19 11:26:02.009');
INSERT INTO tinkoff_game.client (client_rk,first_name,last_name,phone_num,visit_dttm) VALUES
	 (3242,'Ярослава','Абрамова','+79023340218','2023-01-07 19:58:25.08'),
	 (3258,'Лаврентий','Шашков','+79525944933','2022-11-07 22:20:44.953'),
	 (3274,'Людмила','Сазонова','+79099161053','2023-01-08 06:22:28.054'),
	 (3322,'Злата','Константинова','+79002064204','2022-09-14 14:58:56.413'),
	 (3333,'Вера','Осипова','+79042215628','2022-11-14 03:06:44.772'),
	 (3365,'Люся','Субботина','+79676813400','2022-11-26 14:04:12.95'),
	 (3381,'Давид','Горбунов','+79088132927','2022-12-08 10:53:17.252'),
	 (3397,'Гордей','Игнатов','+79634343613','2022-11-15 09:05:32.777'),
	 (3413,'Зоя','Афанасьева','+79637654537','2022-10-11 08:09:28.305'),
	 (3429,'Анатолий','Матвеев','+79098215376','2022-11-20 06:24:13.357');
INSERT INTO tinkoff_game.client (client_rk,first_name,last_name,phone_num,visit_dttm) VALUES
	 (3445,'Нестор','Юдин','+79094454446','2022-12-12 05:05:23.955'),
	 (3461,'Анфиса','Егорова','+79004259163','2022-12-30 22:10:21.765'),
	 (3477,'Изабелла','Меркушева','+79026906120','2022-12-02 22:21:02.306'),
	 (3493,'Георгий','Суханов','+79666153357','2022-11-05 21:32:21.064'),
	 (3509,'Рената','Юдина','+79501156569','2022-12-21 01:43:56.411'),
	 (3525,'Даниил','Овчинников','+79024357986','2022-10-04 09:00:45.724'),
	 (3541,'Виктория','Беспалова','+79008364262','2022-10-27 04:29:49.018'),
	 (3573,'Нелли','Мясникова','+79501512526','2022-11-21 13:51:59.127'),
	 (3600,'Александр','Наумов','+79674506969','2022-11-30 21:39:50.804'),
	 (3632,'Диана','Фадеева','+79508903796','2022-12-26 03:10:41.663');
INSERT INTO tinkoff_game.client (client_rk,first_name,last_name,phone_num,visit_dttm) VALUES
	 (3648,'Дина','Горшкова','+79671432222','2022-10-04 01:12:43.185'),
	 (3696,'Стефан','Лаврентьев','+79677418226','2023-01-11 01:48:56.941'),
	 (3712,'Фёдор','Тарасов','+79084126907','2023-01-19 02:33:41.96'),
	 (3728,'Алла','Михеева','+79042143367','2023-01-01 02:42:19.586'),
	 (3744,'Алёна','Андреева','+79671561172','2023-01-15 00:12:43.648'),
	 (3760,'Тимур','Зыков','+79663968834','2022-10-12 14:34:45.175'),
	 (3792,'Антон','Горшков','+79021675218','2023-01-10 14:45:00.056'),
	 (3808,'Николай','Ершов','+79048559921','2022-12-16 08:20:20.76'),
	 (3824,'Евгения','Третьякова','+79687119931','2022-11-19 12:52:53.106'),
	 (3867,'Вера','Бобылёва','+79023350315','2022-12-16 12:17:33.399');
INSERT INTO tinkoff_game.client (client_rk,first_name,last_name,phone_num,visit_dttm) VALUES
	 (3899,'Герасим','Евсеев','+79518635202','2022-10-14 12:58:01.981'),
	 (3915,'Владимир','Веселов','+79085595326','2023-01-06 05:33:30.707'),
	 (3931,'Добрыня','Комаров','+79678865058','2022-11-11 05:25:14.469'),
	 (3947,'Абрам','Кириллов','+79523745325','2023-01-12 19:07:20.61'),
	 (3963,'Егор','Аксёнов','+79666667317','2022-11-12 16:21:55.145'),
	 (3995,'Дина','Кононова','+79512129047','2022-09-10 13:30:35.546'),
	 (4011,'Адам','Игнатов','+79652760734','2022-11-09 23:57:28.829'),
	 (4027,'Мария','Моисеева','+79536491837','2023-01-27 23:29:28.71'),
	 (4043,'Лаврентий','Пономарёв','+79095916231','2022-09-12 01:27:06.245'),
	 (4059,'Тимофей','Куликов','+79096127664','2022-09-18 22:56:18.454');
INSERT INTO tinkoff_game.client (client_rk,first_name,last_name,phone_num,visit_dttm) VALUES
	 (4075,'София','Субботина','+79519805328','2022-09-08 19:14:51.199'),
	 (1484,'Алексей','Наумов','+79512670850','2023-01-28 01:08:45.296'),
	 (1500,'Никодим','Сафонов','+79677999891','2022-09-08 18:21:53.42'),
	 (1516,'Надежда','Ершова','+79517181828','2022-12-30 20:59:57.262'),
	 (1532,'Гавриил','Родионов','+79507721082','2022-11-02 20:11:31.525'),
	 (1537,'Тимофей','Игнатов','+79673260311','2022-12-20 00:50:10.223'),
	 (1553,'Станислав','Савельев','+79047887982','2022-10-02 18:53:01.427'),
	 (1569,'Илларион','Борисов','+79094258821','2022-12-29 10:55:19.935'),
	 (1585,'Марат','Устинов','+79522557624','2022-12-28 13:13:07.209'),
	 (1601,'Савва','Алексеев','+79082687669','2022-10-26 04:04:59.083');
INSERT INTO tinkoff_game.client (client_rk,first_name,last_name,phone_num,visit_dttm) VALUES
	 (1633,'Маргарита','Алексеева','+79658920509','2023-01-15 01:05:25.12'),
	 (1665,'Фаина','Назарова','+79673709898','2023-01-28 01:02:33.691'),
	 (1681,'Клара','Носова','+79513343425','2022-11-17 09:16:36.798'),
	 (1745,'Рафаил','Зимин','+79049008857','2022-11-27 11:41:09.679'),
	 (1761,'Мальвина','Беляева','+79087351218','2023-01-06 07:57:28.211'),
	 (1777,'Милан','Попов','+79511834581','2022-10-09 02:17:44.125'),
	 (1798,'Никита','Силин','+79646696215','2022-09-22 08:49:16.865'),
	 (1814,'Всеволод','Федотов','+79028531502','2023-01-09 16:46:58.179'),
	 (1846,'Макар','Белоусов','+79519938177','2022-09-19 22:30:40.873'),
	 (1862,'Злата','Кулакова','+79662421721','2023-01-24 05:19:03.738');
INSERT INTO tinkoff_game.client (client_rk,first_name,last_name,phone_num,visit_dttm) VALUES
	 (1878,'Платон','Кошелев','+79643161250','2022-11-15 18:00:01.302'),
	 (1894,'Борис','Наумов','+79651424880','2022-12-18 09:17:41.741'),
	 (1926,'Эмилия','Зайцева','+79513900215','2022-12-20 19:14:39.765'),
	 (1942,'Алексей','Абрамов','+79683903959','2022-11-12 16:09:08.172'),
	 (1958,'Марина','Яковлева','+79666516437','2023-01-20 04:20:26.82'),
	 (1974,'Мария','Горшкова','+79669134641','2022-11-29 17:28:20.162'),
	 (1990,'Адриан','Анисимов','+79028216771','2022-10-25 16:25:06.197'),
	 (2006,'Надежда','Уварова','+79095366881','2022-12-13 05:22:24.395'),
	 (2051,'Рената','Савельева','+79651836894','2022-10-08 02:21:36.416'),
	 (2067,'Клементина','Соболева','+79644358482','2022-09-21 09:49:37.738');
INSERT INTO tinkoff_game.client (client_rk,first_name,last_name,phone_num,visit_dttm) VALUES
	 (2083,'Яна','Родионова','+79653392436','2023-01-25 05:48:48.61'),
	 (2099,'Елизавета','Щукина','+79098268000','2022-09-27 23:31:06.553'),
	 (2115,'Надежда','Блинова','+79632226732','2022-10-02 12:58:09.157'),
	 (2147,'Дина','Аксёнова','+79513920534','2022-10-10 21:52:20.909'),
	 (2163,'Клавдия','Носова','+79081944108','2022-12-05 22:37:21.921'),
	 (2211,'Артемий','Голубев','+79686002979','2022-09-25 22:29:08.906'),
	 (2227,'Анжелика','Фомина','+79099497606','2022-12-07 15:07:29.501'),
	 (2243,'Роман','Виноградов','+79668223944','2022-10-15 06:37:33.834'),
	 (2275,'Люся','Кулакова','+79659275449','2022-11-23 11:42:03.002'),
	 (2291,'Глеб','Федотов','+79636676206','2022-10-14 02:04:45.454');
INSERT INTO tinkoff_game.client (client_rk,first_name,last_name,phone_num,visit_dttm) VALUES
	 (2312,'Эрик','Королёв','+79524161372','2022-10-03 21:11:12.461'),
	 (2344,'Вероника','Красильникова','+79668062203','2022-10-28 02:16:49.178'),
	 (2392,'Нина','Бурова','+79504252164','2023-01-31 11:41:42.958'),
	 (2408,'Трофим','Фадеев','+79659748448','2022-12-01 13:19:34.034'),
	 (2440,'Макар','Аксёнов','+79086000651','2022-10-28 03:21:05.155'),
	 (2504,'Никита','Беляев','+79503079315','2022-09-02 23:28:26.906'),
	 (2520,'Евгения','Морозова','+79503702030','2022-11-29 10:30:43.788'),
	 (2552,'Арсений','Бирюков','+79094929637','2022-10-07 21:09:30.7'),
	 (2589,'Алексей','Лобанов','+79666377279','2022-09-29 13:30:47.552'),
	 (2605,'Витольд','Громов','+79001936646','2023-01-01 07:02:51.508');
INSERT INTO tinkoff_game.client (client_rk,first_name,last_name,phone_num,visit_dttm) VALUES
	 (2621,'Степан','Тарасов','+79502871352','2023-01-09 17:42:41.792'),
	 (2637,'Нина','Носкова','+79538329845','2022-10-23 14:45:17.925'),
	 (2669,'Лариса','Бирюкова','+79663831577','2023-01-23 17:57:25.271'),
	 (2685,'Станислав','Панфилов','+79648494975','2022-10-17 03:23:11.069'),
	 (2701,'Анатолий','Воронов','+79089097882','2022-10-05 19:50:14.446'),
	 (2717,'Платон','Рогов','+79672134059','2022-12-07 00:17:59.618'),
	 (2733,'Ярослав','Фомичёв','+79677540862','2022-09-11 06:14:35.403'),
	 (2781,'Лариса','Котова','+79654093666','2022-11-28 05:45:31.622'),
	 (2797,'Даниил','Алексеев','+79026972630','2022-10-02 22:53:49.305'),
	 (2813,'Изольда','Лапина','+79514894546','2023-01-13 20:46:10.374');
INSERT INTO tinkoff_game.client (client_rk,first_name,last_name,phone_num,visit_dttm) VALUES
	 (2818,'Александр','Никифоров','+79084872500','2022-11-17 10:03:06.441'),
	 (2850,'Всеволод','Моисеев','+79086267206','2022-12-01 19:11:42.248'),
	 (2866,'Наталья','Беспалова','+79644968255','2023-01-05 13:50:29.035'),
	 (2882,'Роберт','Владимиров','+79525569580','2022-10-09 09:29:41.642'),
	 (2898,'Антонин','Медведев','+79092131266','2022-12-02 02:25:28.646'),
	 (2914,'Тимофей','Одинцов','+79097584724','2022-12-18 16:21:18.741'),
	 (2946,'Валерий','Козлов','+79501223865','2022-10-02 00:01:21.655'),
	 (2978,'Оксана','Меркушева','+79667490752','2023-01-30 19:00:28.408'),
	 (2994,'Артемий','Кудрявцев','+79082904529','2022-11-30 22:28:39.867'),
	 (3010,'Изольда','Кузнецова','+79526468821','2022-10-29 07:19:02.541');
INSERT INTO tinkoff_game.client (client_rk,first_name,last_name,phone_num,visit_dttm) VALUES
	 (3026,'Ульяна','Калинина','+79661992726','2022-11-15 12:30:40.331'),
	 (3058,'Даниил','Некрасов','+79664637407','2022-10-09 17:01:41.846'),
	 (3087,'Жанна','Кузьмина','+79093719831','2023-01-22 16:59:24.202'),
	 (3103,'Эдуард','Семёнов','+79631316598','2022-11-27 08:43:32.002'),
	 (3151,'Олеся','Дьячкова','+79098603979','2022-12-21 13:31:54.789'),
	 (3167,'Олег','Константинов','+79041739745','2023-01-04 09:15:02.474'),
	 (3183,'Капитолина','Сергеева','+79049436747','2023-01-13 18:34:44.186'),
	 (3199,'Вера','Аксёнова','+79672253006','2023-01-25 17:14:21.846'),
	 (3215,'Роберт','Щукин','+79674543057','2023-01-07 02:33:52.977'),
	 (3247,'Марта','Блохина','+79045607170','2022-10-16 07:01:33.7');
INSERT INTO tinkoff_game.client (client_rk,first_name,last_name,phone_num,visit_dttm) VALUES
	 (3263,'Борис','Лаврентьев','+79539908005','2022-12-23 11:14:00.341'),
	 (3279,'Руслан','Лукин','+79501252146','2022-09-27 17:47:02.834'),
	 (3295,'Иван','Лихачёв','+79638803181','2022-10-21 08:06:13.97'),
	 (3311,'Пётр','Самсонов','+79512540915','2022-10-24 19:19:17.526'),
	 (3327,'Варвара','Захарова','+79085301405','2022-10-15 00:39:29.014'),
	 (3332,'Павел','Киселёв','+79639967846','2022-12-28 19:28:37.73'),
	 (3348,'Артемий','Горшков','+79638971092','2022-09-09 00:12:48.002'),
	 (3364,'Олеся','Федотова','+79048006653','2023-01-27 18:24:18.789'),
	 (3380,'Нина','Новикова','+79633048554','2022-12-22 06:28:43.447'),
	 (3396,'Пётр','Селиверстов','+79681543822','2022-11-06 23:33:23.715');
INSERT INTO tinkoff_game.client (client_rk,first_name,last_name,phone_num,visit_dttm) VALUES
	 (3412,'Николай','Стрелков','+79094922987','2022-12-08 06:55:38.658'),
	 (3444,'Мальвина','Филиппова','+79043479162','2023-02-01 23:19:30.626'),
	 (3460,'Игнат','Макаров','+79092793351','2022-10-23 01:47:58.787'),
	 (3476,'Ананий','Васильев','+79502698266','2023-01-07 00:47:31.135'),
	 (3492,'Добрыня','Савельев','+79682227976','2022-11-12 14:27:06.973'),
	 (3508,'Алексей','Нестеров','+79511251038','2022-12-06 16:16:13.637'),
	 (3524,'Лилия','Кириллова','+79095069184','2022-10-12 21:13:14.148'),
	 (3540,'София','Громова','+79003087882','2023-01-11 13:44:43.891'),
	 (3572,'Дан','Филатов','+79003646967','2023-01-08 23:29:56.562'),
	 (3593,'Влад','Романов','+79667972515','2022-09-03 06:49:54.099');
INSERT INTO tinkoff_game.client (client_rk,first_name,last_name,phone_num,visit_dttm) VALUES
	 (3609,'Василиса','Ермакова','+79027803672','2022-10-24 10:22:20.808'),
	 (3625,'Святослав','Чернов','+79654798958','2022-12-27 13:50:08.149'),
	 (3641,'Антон','Уваров','+79025908760','2022-11-27 10:48:17.674'),
	 (3657,'Кирилл','Филиппов','+79651859739','2022-09-10 05:38:15.152'),
	 (3689,'Искра','Дементьева','+79686593270','2022-10-30 12:41:24.322'),
	 (3705,'Бронислав','Мамонтов','+79679379835','2022-12-22 04:25:47.317'),
	 (3721,'Филипп','Маслов','+79664836668','2022-11-09 22:51:39.089'),
	 (3737,'Егор','Сафонов','+79684234315','2022-09-09 07:38:29.977'),
	 (3753,'Кузьма','Блохин','+79674477430','2022-10-02 23:04:02.192'),
	 (3769,'Инна','Субботина','+79651169865','2022-12-12 00:07:01.705');
INSERT INTO tinkoff_game.client (client_rk,first_name,last_name,phone_num,visit_dttm) VALUES
	 (3785,'Радислав','Меркушев','+79646420297','2022-11-21 00:16:32.22'),
	 (3801,'Ирина','Ефремова','+79634978806','2023-01-21 12:15:24.85'),
	 (3817,'Инна','Зимина','+79049252728','2022-12-20 08:10:53.506'),
	 (3854,'Анна','Потапова','+79004836486','2022-10-09 16:54:36.113'),
	 (3870,'Вадим','Филатов','+79044492836','2022-11-22 00:57:21.615'),
	 (3886,'Владимир','Ларионов','+79657964428','2022-09-10 03:27:16.739'),
	 (3902,'Виль','Анисимов','+79094648443','2023-01-21 03:58:40.742'),
	 (3918,'Валериан','Шубин','+79002417836','2022-10-24 02:40:38.561'),
	 (3950,'Алексей','Александров','+79681383041','2022-09-06 20:53:19.228'),
	 (3982,'Вячеслав','Молчанов','+79662426783','2022-10-16 18:56:33.616');
INSERT INTO tinkoff_game.client (client_rk,first_name,last_name,phone_num,visit_dttm) VALUES
	 (3998,'Мария','Гурьева','+79687643412','2023-01-29 04:37:43.412'),
	 (4014,'Ярослава','Дорофеева','+79537841562','2022-11-13 00:57:37.582'),
	 (4030,'Тимур','Ефимов','+79637892037','2022-11-05 14:44:24.955'),
	 (4046,'Эмилия','Лукина','+79536167825','2022-09-09 23:14:52.23'),
	 (4078,'Жанна','Одинцова','+79672563127','2023-01-14 04:00:36.922'),
	 (4094,'Анна','Мишина','+79672639555','2022-11-03 00:49:22.469'),
	 (1710,'Елена','Тимофеева','+79004848293','2022-10-07 14:08:29.62'),
	 (1726,'Влад','Семёнов','+79526086253','2022-10-12 01:28:41.313'),
	 (1742,'Анфиса','Крылова','+79669361829','2022-11-08 06:07:59.877'),
	 (1758,'Алла','Белозёрова','+79687549124','2022-11-25 14:50:36.949');
INSERT INTO tinkoff_game.client (client_rk,first_name,last_name,phone_num,visit_dttm) VALUES
	 (1774,'Добрыня','Муравьёв','+79517719494','2022-10-28 06:39:59.344'),
	 (1790,'Валентина','Горбачёва','+79632942898','2022-10-04 06:34:00.101'),
	 (1817,'Ростислав','Антонов','+79535009842','2022-11-08 20:55:57.125'),
	 (1833,'Адам','Анисимов','+79677792681','2022-09-25 12:55:39.57'),
	 (1849,'Алёна','Филатова','+79509900175','2022-09-14 15:58:06.845'),
	 (1865,'Оксана','Брагина','+79676988274','2022-09-21 03:18:56.983'),
	 (1881,'Доминика','Абрамова','+79021677655','2022-10-11 10:43:09.971'),
	 (1913,'Наталья','Павлова','+79022821463','2022-09-05 15:58:12.465'),
	 (1945,'Александра','Чернова','+79508466553','2022-09-10 23:20:23.017'),
	 (1961,'Тамара','Лаврентьева','+79025213623','2023-01-26 22:55:31.411');
INSERT INTO tinkoff_game.client (client_rk,first_name,last_name,phone_num,visit_dttm) VALUES
	 (1977,'Гавриил','Лазарев','+79511628380','2022-10-12 19:49:58.491'),
	 (1993,'Антонина','Горбунова','+79633935531','2022-11-28 14:03:30.533'),
	 (2009,'Иннокентий','Аксёнов','+79648512623','2022-11-24 04:40:52.25'),
	 (2025,'Елена','Соловьёва','+79681214855','2022-10-05 03:29:58.494'),
	 (2041,'Виталий','Туров','+79096920010','2022-12-05 06:45:51.547'),
	 (2064,'Злата','Новикова','+79049039579','2023-01-02 13:13:25.307'),
	 (2080,'Кристина','Панова','+79501981500','2022-09-22 05:12:46.169'),
	 (2096,'Данила','Самойлов','+79517608426','2023-01-10 12:23:36.291'),
	 (2128,'Оксана','Ершова','+79631847437','2022-10-29 21:51:51.278'),
	 (2144,'Артур','Белов','+79674832194','2022-11-19 23:00:35.108');
INSERT INTO tinkoff_game.client (client_rk,first_name,last_name,phone_num,visit_dttm) VALUES
	 (2176,'Евгения','Анисимова','+79048053847','2022-11-15 01:05:20.205'),
	 (2192,'Виктор','Михеев','+79649373616','2022-09-29 20:10:36.173'),
	 (2208,'Валериан','Зимин','+79655175899','2022-11-26 00:37:02.019'),
	 (2224,'Богдан','Журавлёв','+79003662859','2022-11-29 07:37:11.915'),
	 (2256,'Олег','Юдин','+79046086548','2022-09-07 04:35:40.924'),
	 (2288,'Софья','Фомичёва','+79673144368','2022-10-09 14:46:42.785'),
	 (2315,'Валерий','Красильников','+79641889846','2022-10-20 09:16:23.126'),
	 (2331,'Адриан','Колобов','+79518510228','2022-09-02 17:27:15.8'),
	 (2379,'Захар','Шестаков','+79641403547','2022-10-06 10:39:56.635'),
	 (2395,'Алла','Овчинникова','+79679348212','2022-09-14 02:17:38.321');
INSERT INTO tinkoff_game.client (client_rk,first_name,last_name,phone_num,visit_dttm) VALUES
	 (2411,'Диана','Носова','+79681211021','2022-10-15 01:48:29.476'),
	 (2427,'Рада','Воронцова','+79025574482','2023-01-23 02:15:52.287'),
	 (2443,'Филипп','Козлов','+79632398690','2022-11-08 02:29:17.661'),
	 (2459,'Михаил','Кабанов','+79005077560','2022-11-21 06:15:51.297'),
	 (2491,'Тимофей','Трофимов','+79004924913','2022-10-27 00:45:49.429'),
	 (2507,'Надежда','Николаева','+79023507015','2022-11-05 06:40:25.211'),
	 (2523,'Ян','Рогов','+79508357082','2022-09-17 11:25:00.225'),
	 (2555,'Ника','Пахомова','+79675324545','2022-10-07 11:10:33.013'),
	 (2586,'Софья','Макарова','+79501808628','2022-12-02 19:55:27.44'),
	 (2602,'Лев','Елисеев','+79638141355','2022-12-05 01:08:26.075');
INSERT INTO tinkoff_game.client (client_rk,first_name,last_name,phone_num,visit_dttm) VALUES
	 (2618,'Изабелла','Рябова','+79675014500','2022-11-18 05:15:06.341'),
	 (2666,'Антон','Молчанов','+79673482047','2022-10-27 16:01:29.255'),
	 (2682,'Лариса','Фомина','+79004909085','2022-11-09 20:34:35.788'),
	 (2698,'Клара','Мартынова','+79638333242','2022-12-19 11:28:29.496'),
	 (2714,'Леонид','Исаков','+79658849985','2022-09-04 10:59:57.93'),
	 (2730,'Валентина','Степанова','+79044740405','2023-01-20 06:10:49.292'),
	 (2746,'Евгения','Лапина','+79676562608','2022-12-09 00:02:24.365'),
	 (2778,'Елена','Гаврилова','+79654453341','2022-10-06 08:19:21.297'),
	 (2794,'Любовь','Брагина','+79088900688','2022-11-14 09:04:38.73'),
	 (2810,'Анфиса','Миронова','+79007981287','2022-10-01 14:15:42.893');
INSERT INTO tinkoff_game.client (client_rk,first_name,last_name,phone_num,visit_dttm) VALUES
	 (2821,'Макар','Федосеев','+79652702702','2022-11-22 12:40:01.809'),
	 (2837,'Борис','Медведев','+79643935913','2022-10-10 23:24:05.163'),
	 (2853,'Всеволод','Смирнов','+79642897451','2023-01-27 17:04:55.8'),
	 (2869,'Полина','Воронцова','+79094160703','2022-12-30 06:42:49.949'),
	 (2885,'Спартак','Рогов','+79538016549','2022-12-01 09:13:49.476'),
	 (2901,'Пётр','Горбунов','+79526779997','2022-10-28 01:32:52.865'),
	 (2917,'Алексей','Лаврентьев','+79523211406','2023-01-31 23:22:18.101'),
	 (2933,'Георгий','Виноградов','+79082101172','2022-11-26 09:06:58.273'),
	 (2949,'Антон','Бобров','+79658834729','2023-01-09 03:05:07.733'),
	 (2965,'Антонин','Фролов','+79651741201','2023-01-11 16:40:48.122');
INSERT INTO tinkoff_game.client (client_rk,first_name,last_name,phone_num,visit_dttm) VALUES
	 (2981,'Ева','Давыдова','+79001161442','2022-10-06 00:40:00.899'),
	 (2997,'Анатолий','Цветков','+79635453183','2022-12-26 02:45:37.496'),
	 (3013,'Ева','Сазонова','+79044171702','2022-10-01 23:52:40.543'),
	 (3029,'Аркадий','Романов','+79086155630','2023-01-13 12:13:30.747'),
	 (3045,'Марина','Лукина','+79502195685','2022-12-14 20:40:34.249'),
	 (3061,'Светлана','Панова','+79021474504','2022-09-18 19:48:11.099'),
	 (3100,'Клим','Некрасов','+79501682668','2022-11-13 19:00:51.444'),
	 (3116,'Фёдор','Савельев','+79671237936','2023-01-08 19:26:36.24'),
	 (3132,'Савва','Мухин','+79681558958','2022-09-10 03:44:37.955'),
	 (3148,'Артемий','Назаров','+79635127356','2022-09-14 04:33:37.631');
INSERT INTO tinkoff_game.client (client_rk,first_name,last_name,phone_num,visit_dttm) VALUES
	 (3180,'Юлия','Уварова','+79643746035','2023-01-19 21:14:29.055'),
	 (3196,'Алла','Калинина','+79634137011','2022-10-22 07:06:51.171'),
	 (3212,'Артемий','Капустин','+79648321105','2022-09-11 19:44:37.614'),
	 (3228,'Диана','Гурьева','+79684062590','2022-09-04 23:10:54.017'),
	 (3244,'Геннадий','Зайцев','+79522631356','2023-01-30 22:57:15.198'),
	 (3276,'Виктор','Евсеев','+79514087166','2023-01-01 04:39:45.988'),
	 (3292,'Екатерина','Филиппова','+79527387085','2022-10-14 19:39:45.09'),
	 (3308,'Анна','Копылова','+79668873715','2022-10-17 06:17:07.479'),
	 (3324,'Марта','Петухова','+79505368343','2022-11-19 16:57:24.143'),
	 (3335,'Абрам','Пахомов','+79048235737','2023-01-28 04:32:32.725');
INSERT INTO tinkoff_game.client (client_rk,first_name,last_name,phone_num,visit_dttm) VALUES
	 (3351,'Назар','Громов','+79082563553','2022-10-06 01:04:36.466'),
	 (3383,'Ананий','Сергеев','+79634901011','2022-09-24 21:11:24.78'),
	 (3399,'Макар','Аксёнов','+79653391500','2022-12-30 12:42:43.333'),
	 (3415,'Клара','Суханова','+79005287480','2022-09-19 13:08:50.124'),
	 (3431,'Иммануил','Титов','+79514369360','2023-01-23 14:53:10.039'),
	 (3447,'Арсений','Фомин','+79641453774','2022-11-18 12:52:06.47'),
	 (3463,'Дарья','Емельянова','+79682984753','2022-12-08 02:16:08.282'),
	 (3479,'Изольда','Журавлёва','+79638175262','2023-01-28 03:44:04.541'),
	 (3495,'Сергей','Мясников','+79522118722','2022-11-02 20:44:57.213'),
	 (3511,'Кирилл','Осипов','+79506071782','2022-11-19 16:42:57.776');
INSERT INTO tinkoff_game.client (client_rk,first_name,last_name,phone_num,visit_dttm) VALUES
	 (3543,'Эмма','Блинова','+79634314095','2022-11-13 14:08:48.706'),
	 (3559,'Елена','Зиновьева','+79663425470','2022-10-14 17:41:51.699'),
	 (3575,'Савва','Князев','+79096456366','2022-10-26 00:09:12.257'),
	 (3590,'Денис','Филатов','+79511676907','2022-11-02 12:46:27.958'),
	 (3606,'Маргарита','Агафонова','+79022068847','2022-10-03 00:56:19.926'),
	 (3622,'Лаврентий','Крылов','+79656645851','2022-11-19 11:26:46.894'),
	 (3638,'Клавдия','Уварова','+79097926747','2022-09-15 14:46:19.218'),
	 (3654,'Ярослав','Горшков','+79673369476','2023-01-17 04:51:15.925'),
	 (3670,'Сава','Воробьёв','+79667006247','2022-11-09 07:44:43.511'),
	 (3686,'Эдуард','Лукин','+79532543843','2022-11-18 14:57:24.492');
INSERT INTO tinkoff_game.client (client_rk,first_name,last_name,phone_num,visit_dttm) VALUES
	 (3702,'Анфиса','Комарова','+79534276739','2022-10-14 01:34:37.8'),
	 (3718,'Варвара','Степанова','+79022395693','2022-11-29 07:51:33.021'),
	 (3734,'Лада','Куликова','+79685170502','2022-11-13 04:06:33.978'),
	 (3750,'Альберт','Тарасов','+79026751816','2022-12-18 09:11:22.539'),
	 (3766,'Давид','Николаев','+79656284887','2022-09-04 21:54:44.452'),
	 (3782,'Всеволод','Богданов','+79043299230','2023-01-26 21:33:44.46'),
	 (3814,'Ева','Филатова','+79501493129','2022-10-30 01:03:09.926'),
	 (3830,'Иннокентий','Одинцов','+79648662375','2022-10-05 19:22:15.647'),
	 (3841,'Екатерина','Беляева','+79083645813','2022-12-06 15:26:39.182'),
	 (3857,'Нина','Анисимова','+79687950586','2022-11-09 14:41:17.399');
INSERT INTO tinkoff_game.client (client_rk,first_name,last_name,phone_num,visit_dttm) VALUES
	 (3873,'Диана','Сысоева','+79633352264','2023-01-08 22:28:24.889'),
	 (3889,'Герман','Ильин','+79042616227','2022-12-26 04:08:58.327'),
	 (3921,'Вячеслав','Ильин','+79023660453','2023-01-14 01:08:38.817'),
	 (3953,'Игнатий','Журавлёв','+79093834337','2023-01-27 08:01:35.562'),
	 (3985,'Светлана','Костина','+79047941604','2022-10-18 15:56:05.093'),
	 (4017,'Альберт','Колобов','+79003298821','2022-09-29 02:33:42.111'),
	 (4033,'Аким','Хохлов','+79085066475','2022-11-11 18:15:31.846'),
	 (4049,'Светлана','Жукова','+79001184761','2022-12-16 17:19:42.728'),
	 (4065,'Тит','Родионов','+79531297447','2022-10-06 19:50:55.506'),
	 (8,'Геннадий','Лаврентьев','+79537900188','2022-12-06 13:42:00.118');
INSERT INTO tinkoff_game.client (client_rk,first_name,last_name,phone_num,visit_dttm) VALUES
	 (1398,'Юлия','Доронина','+79041902353','2023-01-03 15:21:05.958'),
	 (1414,'Дан','Дмитриев','+79528358167','2022-09-09 04:54:35.939'),
	 (1430,'Людмила','Степанова','+79678423643','2023-01-18 19:38:46.519'),
	 (1446,'Яков','Федотов','+79506833534','2022-11-16 00:04:13.52'),
	 (1462,'Зоя','Павлова','+79673185012','2022-09-24 17:37:33.319'),
	 (1478,'Богдан','Меркушев','+79043912353','2022-09-19 01:23:57.015'),
	 (1526,'Илья','Воробьёв','+79025487338','2022-11-14 06:49:04.551'),
	 (1543,'Вадим','Бобров','+79087368525','2023-01-14 04:07:38.881'),
	 (1575,'Сергей','Козлов','+79657411928','2022-09-18 06:10:46.402'),
	 (1591,'Геннадий','Исаков','+79522077606','2022-10-03 22:49:32.919');
INSERT INTO tinkoff_game.client (client_rk,first_name,last_name,phone_num,visit_dttm) VALUES
	 (1607,'Ульяна','Мамонтова','+79665144799','2022-09-30 23:12:14.221'),
	 (1639,'Вероника','Беспалова','+79536540330','2022-10-07 06:47:34.49'),
	 (1655,'Пётр','Владимиров','+79081258182','2022-10-12 11:48:40.918'),
	 (1671,'Раиса','Никонова','+79088963906','2022-09-07 11:20:25.034'),
	 (1687,'Валерий','Капустин','+79097616140','2022-09-27 01:18:31.984'),
	 (1703,'Изольда','Игнатова','+79649991132','2023-01-10 18:23:49.762'),
	 (1719,'Марат','Соболев','+79643317931','2023-01-31 06:47:05.918'),
	 (1735,'Инга','Ефимова','+79517150145','2023-01-14 09:48:40.485'),
	 (1751,'Афанасий','Авдеев','+79673600066','2022-09-20 23:15:36.871'),
	 (1820,'Антонин','Симонов','+79089574856','2022-12-13 08:08:46.806');
INSERT INTO tinkoff_game.client (client_rk,first_name,last_name,phone_num,visit_dttm) VALUES
	 (1836,'Инесса','Брагина','+79656810008','2022-12-03 18:03:29.303'),
	 (1868,'Изольда','Крюкова','+79098032030','2022-12-16 20:34:30.698'),
	 (1884,'Никодим','Копылов','+79638509710','2023-01-30 04:22:45.917'),
	 (1900,'Сергей','Ефимов','+79666288054','2022-09-25 18:23:38.947'),
	 (1916,'Валерия','Беспалова','+79021577425','2022-11-10 22:55:23.839'),
	 (1932,'Алина','Волкова','+79638505044','2022-10-10 11:46:46.288'),
	 (1948,'Савва','Карпов','+79526541312','2023-01-02 06:45:31.99'),
	 (1964,'Рената','Гущина','+79089853987','2022-09-02 06:56:34.441'),
	 (1980,'Василиса','Дементьева','+79684476577','2022-12-21 16:53:09.637'),
	 (1996,'Марк','Гордеев','+79642973029','2023-01-10 05:59:24.385');
INSERT INTO tinkoff_game.client (client_rk,first_name,last_name,phone_num,visit_dttm) VALUES
	 (2012,'Альбина','Белоусова','+79097676390','2022-10-27 02:32:41.662'),
	 (2028,'Дан','Корнилов','+79506560533','2023-01-28 18:37:17.366'),
	 (2044,'Герасим','Бирюков','+79009656757','2022-09-13 15:17:18.119'),
	 (2061,'Денис','Михеев','+79528969833','2023-02-01 15:06:54.502'),
	 (2077,'Галина','Калинина','+79512261354','2022-09-17 17:23:41.21'),
	 (2093,'Ярослав','Шаров','+79522099673','2023-01-16 01:04:32.628'),
	 (2109,'Тит','Константинов','+79507372731','2022-11-23 12:49:03.802'),
	 (2125,'Инга','Ершова','+79504155345','2022-12-28 23:37:40.853'),
	 (2157,'Макар','Горбачёв','+79531376728','2022-12-19 11:37:51.706'),
	 (2205,'Аркадий','Борисов','+79022613732','2022-10-05 06:33:17.33');
INSERT INTO tinkoff_game.client (client_rk,first_name,last_name,phone_num,visit_dttm) VALUES
	 (2221,'Андрей','Гурьев','+79687861856','2022-11-02 23:10:55.623'),
	 (2237,'София','Евдокимова','+79508761385','2022-10-28 03:31:19.039'),
	 (2253,'Нонна','Кузнецова','+79641551625','2023-01-27 05:23:04.981'),
	 (2269,'Викентий','Симонов','+79665996003','2022-11-07 23:05:01.353'),
	 (2322,'Борис','Сорокин','+79511598481','2022-10-21 13:10:02.768'),
	 (2338,'Лада','Муравьёва','+79664192435','2022-11-21 17:20:12.731'),
	 (2354,'Александра','Баранова','+79652361040','2022-12-12 08:21:41.517'),
	 (2370,'Антон','Голубев','+79093732004','2022-10-13 08:34:08.469'),
	 (2386,'Альбина','Гордеева','+79643141128','2022-12-04 10:04:00.456'),
	 (2434,'Кирилл','Тарасов','+79043078421','2022-11-28 21:03:41.482');
INSERT INTO tinkoff_game.client (client_rk,first_name,last_name,phone_num,visit_dttm) VALUES
	 (2450,'Тимур','Якушев','+79642277915','2022-12-01 18:22:54.907'),
	 (2466,'Никодим','Ситников','+79645709784','2022-11-02 07:32:57.674'),
	 (2498,'Мария','Филиппова','+79655967715','2022-10-26 23:48:03.559'),
	 (2514,'Флорентина','Савельева','+79664788567','2023-01-09 23:59:31.484'),
	 (2530,'Татьяна','Владимирова','+79083732507','2023-01-20 04:03:33.554'),
	 (2546,'Регина','Якушева','+79505163689','2023-01-10 16:27:26.119'),
	 (2563,'Искра','Ситникова','+79529208109','2022-12-02 04:54:03.714'),
	 (2579,'Марат','Баранов','+79086184192','2022-09-01 11:58:57.309'),
	 (2595,'Валентина','Карпова','+79529628631','2022-09-29 03:58:51.656'),
	 (2611,'Ираклий','Савин','+79659446177','2023-01-14 23:04:17.27');
INSERT INTO tinkoff_game.client (client_rk,first_name,last_name,phone_num,visit_dttm) VALUES
	 (2627,'Захар','Самсонов','+79505935913','2022-11-22 14:36:38.099'),
	 (2659,'Майя','Медведева','+79511133441','2022-09-22 06:33:28.342'),
	 (2675,'Никита','Куликов','+79642562187','2022-11-16 11:52:11.948'),
	 (2691,'Виталий','Федосеев','+79003670792','2022-12-23 11:50:31.261'),
	 (2707,'Фёдор','Ефремов','+79689436911','2022-10-02 22:56:24.649'),
	 (2723,'Ананий','Евсеев','+79514898919','2022-09-30 11:39:04.923'),
	 (2739,'Виктория','Чернова','+79536832659','2022-10-29 19:16:25.955'),
	 (2755,'Тамара','Игнатова','+79096388613','2023-01-18 15:33:51.801'),
	 (2771,'Макар','Сидоров','+79088350001','2023-01-06 08:28:25.742'),
	 (2787,'Спартак','Воробьёв','+79669345317','2023-01-07 20:47:43.697');
INSERT INTO tinkoff_game.client (client_rk,first_name,last_name,phone_num,visit_dttm) VALUES
	 (2803,'Артемий','Пахомов','+79531175224','2023-01-23 06:52:57.784'),
	 (2824,'Ян','Шашков','+79534489579','2022-09-02 03:52:11.675'),
	 (2840,'Дина','Котова','+79009070055','2022-09-27 10:53:06.012'),
	 (2856,'Валентина','Веселова','+79022137203','2022-12-27 12:03:38.482'),
	 (2872,'Данила','Зыков','+79671337812','2022-09-26 20:27:26.998'),
	 (2888,'Таисия','Антонова','+79537695889','2023-01-12 10:57:06.33'),
	 (2904,'Олег','Архипов','+79675721279','2022-09-05 16:04:17.838'),
	 (2920,'Ксения','Маслова','+79506765869','2023-01-27 10:21:51.599'),
	 (2936,'Изольда','Никонова','+79631562060','2022-09-27 00:58:15.418'),
	 (2952,'Викентий','Савельев','+79532564495','2022-10-04 15:25:42.823');
INSERT INTO tinkoff_game.client (client_rk,first_name,last_name,phone_num,visit_dttm) VALUES
	 (2968,'Розалина','Карпова','+79513005688','2022-10-04 08:45:18.018'),
	 (2984,'Наталья','Богданова','+79004094944','2022-10-29 05:08:01.533'),
	 (3016,'Артемий','Семёнов','+79664292844','2023-01-14 23:10:13.25'),
	 (3064,'Дарья','Фокина','+79523033706','2022-12-25 00:25:32.456'),
	 (3081,'Эмилия','Мельникова','+79646196943','2022-09-03 06:26:40.417'),
	 (3097,'Лилия','Красильникова','+79654361339','2022-11-01 15:42:14.766'),
	 (3129,'Флорентина','Суханова','+79001247756','2022-09-07 07:33:41.812'),
	 (3193,'Людмила','Кудрявцева','+79672833607','2022-11-18 08:21:06.537'),
	 (3209,'Капитолина','Ефремова','+79086091207','2022-11-09 18:14:38.958'),
	 (3241,'Антон','Стрелков','+79675246701','2022-09-23 15:57:29.173');
INSERT INTO tinkoff_game.client (client_rk,first_name,last_name,phone_num,visit_dttm) VALUES
	 (3257,'Николай','Шарапов','+79047924797','2022-11-14 08:12:09.898'),
	 (3273,'Евгения','Симонова','+79047576122','2023-01-12 20:24:17.989'),
	 (3289,'Захар','Пахомов','+79534264149','2022-11-30 06:02:19.373'),
	 (3342,'Виталий','Молчанов','+79668554113','2022-10-03 12:03:09.213'),
	 (3358,'Лада','Калашникова','+79676531641','2022-12-08 15:09:48.5'),
	 (3374,'Антонин','Михеев','+79519724196','2022-09-19 09:47:04.774'),
	 (3390,'Герасим','Филиппов','+79516286525','2022-12-29 16:51:04.3'),
	 (3406,'Тамара','Калашникова','+79537235807','2022-12-29 15:46:22.096'),
	 (3454,'Макар','Миронов','+79689479276','2022-10-10 21:54:52.082'),
	 (3470,'Эльвира','Аксёнова','+79686272408','2023-01-16 05:40:32.728');
INSERT INTO tinkoff_game.client (client_rk,first_name,last_name,phone_num,visit_dttm) VALUES
	 (3486,'Григорий','Емельянов','+79527629407','2022-12-24 14:55:41.903'),
	 (3534,'Анфиса','Егорова','+79522592991','2022-12-29 13:34:12.214'),
	 (3550,'Ирина','Беляева','+79689132812','2022-09-15 06:04:18.266'),
	 (3582,'Сергей','Крюков','+79635866567','2022-09-13 12:29:56.71'),
	 (3679,'Милан','Соболев','+79023686698','2022-09-20 08:25:53.995'),
	 (3695,'Игорь','Абрамов','+79021566997','2022-09-04 21:11:45.686'),
	 (3727,'Мария','Лукина','+79009858783','2022-09-26 02:14:03.533'),
	 (3775,'Инга','Афанасьева','+79535300272','2022-11-21 22:13:18.01'),
	 (3791,'Егор','Жуков','+79657390927','2022-09-30 08:21:58.221'),
	 (3807,'Фаина','Гущина','+79688334699','2022-11-27 10:02:49.017');
INSERT INTO tinkoff_game.client (client_rk,first_name,last_name,phone_num,visit_dttm) VALUES
	 (3823,'Эмма','Комарова','+79042001928','2022-09-24 16:00:14.015'),
	 (3844,'Алексей','Анисимов','+79676062243','2022-11-22 02:13:11.248'),
	 (3860,'Яна','Пестова','+79008290589','2022-10-26 17:20:42.653'),
	 (3892,'Алла','Беляева','+79087351958','2023-01-09 19:13:38.158'),
	 (3908,'Виктор','Цветков','+79641856131','2023-02-01 22:29:41.35'),
	 (3924,'Назар','Шестаков','+79632319900','2023-01-14 05:42:16.193'),
	 (3940,'Рафаил','Кошелев','+79648273283','2022-12-20 08:03:17.444'),
	 (3956,'Розалина','Дорофеева','+79527689358','2022-10-27 10:24:26.021'),
	 (3972,'Лев','Давыдов','+79517136878','2022-12-18 06:25:10.042'),
	 (3988,'Клавдия','Турова','+79656546835','2022-09-25 07:26:07.694');
INSERT INTO tinkoff_game.client (client_rk,first_name,last_name,phone_num,visit_dttm) VALUES
	 (4004,'Лариса','Горбунова','+79093365511','2022-12-23 14:23:55.839'),
	 (4036,'Тарас','Логинов','+79024060648','2022-11-05 23:16:26.174'),
	 (4052,'Роберт','Комиссаров','+79635019074','2022-10-31 22:14:38.739'),
	 (4068,'Давид','Кулагин','+79527851366','2023-01-03 01:59:27.827'),
	 (1321,'Эмма','Потапова','+79674786803','2022-12-04 04:48:52.239'),
	 (1337,'Эдуард','Никифоров','+79685985370','2022-09-28 01:00:47.41'),
	 (1401,'Антонина','Быкова','+79024878006','2023-01-21 16:02:43.327'),
	 (1417,'Ксения','Аксёнова','+79645256019','2023-01-15 07:12:38.643'),
	 (1449,'Иван','Носков','+79652262091','2022-09-06 18:46:14.934'),
	 (1465,'Радислав','Гришин','+79658068490','2022-10-16 10:39:36.819');
INSERT INTO tinkoff_game.client (client_rk,first_name,last_name,phone_num,visit_dttm) VALUES
	 (1481,'Степан','Бобылёв','+79003686827','2023-01-13 07:46:57.182'),
	 (1497,'Анжелика','Шубина','+79672065825','2022-09-30 17:07:45.608'),
	 (1513,'Изольда','Копылова','+79007217949','2022-11-29 11:19:00.466'),
	 (1529,'Дан','Федотов','+79045766120','2022-12-03 13:28:18.554'),
	 (1540,'Вячеслав','Федотов','+79506048110','2022-10-12 23:47:22.642'),
	 (1588,'Марат','Константинов','+79675140016','2022-12-09 11:24:11.692'),
	 (1620,'Ирина','Родионова','+79046047054','2023-01-17 02:29:00.028'),
	 (1684,'Лидия','Владимирова','+79638882202','2022-09-27 10:37:53.597'),
	 (1700,'Виль','Овчинников','+79639532431','2023-01-03 21:18:49.117'),
	 (1716,'Иосиф','Борисов','+79028268841','2022-10-23 07:41:09.586');
INSERT INTO tinkoff_game.client (client_rk,first_name,last_name,phone_num,visit_dttm) VALUES
	 (1732,'Изольда','Фролова','+79503890672','2022-12-24 08:30:45.275'),
	 (1764,'Гарри','Зыков','+79049115071','2023-01-30 00:47:00.228'),
	 (1780,'Алексей','Смирнов','+79531165635','2022-11-14 02:25:49.918'),
	 (1807,'Инга','Михайлова','+79501605418','2023-01-14 04:53:43.698'),
	 (1823,'Иван','Щербаков','+79667763954','2023-01-23 02:25:29.553'),
	 (1839,'Олеся','Носова','+79528293648','2022-12-22 16:41:20.733'),
	 (1871,'Тит','Михайлов','+79689375348','2022-12-13 03:17:26.355'),
	 (1887,'Вениамин','Буров','+79658932773','2022-12-07 23:08:56.628'),
	 (1903,'Иннокентий','Петухов','+79507961772','2023-01-01 20:58:51.796'),
	 (1919,'Алина','Дьячкова','+79672169518','2022-09-18 09:58:10.691');
INSERT INTO tinkoff_game.client (client_rk,first_name,last_name,phone_num,visit_dttm) VALUES
	 (1935,'Тимур','Власов','+79687526807','2022-09-04 22:47:31.339'),
	 (1951,'Василиса','Большакова','+79045124272','2023-01-15 17:13:13.171'),
	 (1983,'Ирина','Шубина','+79652751287','2022-12-25 14:57:09.389'),
	 (1999,'Маргарита','Герасимова','+79099149088','2022-11-15 06:55:45.661'),
	 (2015,'Рафаил','Крюков','+79043836510','2022-09-08 16:59:21.375'),
	 (2031,'Инга','Гришина','+79045937444','2022-12-08 06:35:25.289'),
	 (2058,'Любовь','Михайлова','+79651013011','2022-11-22 22:23:25.599'),
	 (2074,'Тимофей','Маслов','+79048770471','2022-09-24 17:48:10.295'),
	 (2090,'Доминика','Турова','+79527366109','2022-11-15 12:47:49.836'),
	 (2106,'Иосиф','Колесников','+79049244938','2022-09-16 04:19:11.128');
INSERT INTO tinkoff_game.client (client_rk,first_name,last_name,phone_num,visit_dttm) VALUES
	 (2122,'Злата','Федотова','+79095392650','2022-09-05 21:44:05.611'),
	 (2170,'Ираклий','Наумов','+79087979677','2022-10-13 11:42:07.187'),
	 (2202,'Зинаида','Лаврентьева','+79003420108','2022-09-04 02:52:54.991'),
	 (2218,'Раиса','Евсеева','+79638774419','2023-01-27 09:09:20.229'),
	 (2234,'Анфиса','Власова','+79526606317','2022-10-16 02:02:01.139'),
	 (2250,'Наталья','Савельева','+79047505996','2023-01-17 19:06:30.212'),
	 (2266,'Аким','Лебедев','+79669221530','2022-11-02 23:08:56.048'),
	 (2282,'Александра','Муравьёва','+79509286230','2022-11-22 11:41:22.14'),
	 (2298,'Анжелика','Жукова','+79085365596','2022-11-22 03:09:38.133'),
	 (2309,'Арсений','Третьяков','+79506329479','2022-10-08 13:36:17.619');
INSERT INTO tinkoff_game.client (client_rk,first_name,last_name,phone_num,visit_dttm) VALUES
	 (2341,'Елизавета','Лихачёва','+79687013123','2022-10-16 13:11:39.927'),
	 (2357,'Эмилия','Тихонова','+79099843430','2023-01-21 12:02:23.992'),
	 (2373,'Артемий','Степанов','+79671744024','2023-01-09 11:11:06.513'),
	 (2389,'Люся','Павлова','+79001631491','2022-12-18 21:53:32.881'),
	 (2421,'Алиса','Кузнецова','+79675059910','2023-01-24 08:55:27.63'),
	 (2437,'Даниил','Игнатьев','+79509933389','2022-12-17 01:29:17.566'),
	 (2453,'Альберт','Кудрявцев','+79006905863','2023-01-22 17:31:59.802'),
	 (2469,'Донат','Симонов','+79091121198','2022-10-26 13:07:44.098'),
	 (2485,'Антон','Мухин','+79643604818','2022-11-16 09:03:25.16'),
	 (2517,'Вениамин','Симонов','+79085977809','2023-01-15 07:52:57.288');
INSERT INTO tinkoff_game.client (client_rk,first_name,last_name,phone_num,visit_dttm) VALUES
	 (2549,'Марина','Кузнецова','+79505759324','2022-09-15 07:20:58.117'),
	 (2576,'Артём','Аксёнов','+79647437781','2022-11-07 03:41:13.684'),
	 (2592,'Константин','Самсонов','+79096504535','2022-12-19 00:01:05.719'),
	 (2608,'Юрий','Тарасов','+79648209825','2023-01-06 07:10:30.314'),
	 (2624,'Ирина','Колесникова','+79643339997','2022-12-23 11:00:41.348'),
	 (2640,'Марина','Федосеева','+79539278853','2023-01-14 20:32:56.679'),
	 (2720,'Филипп','Большаков','+79641572065','2023-01-12 05:48:46.56'),
	 (2768,'Иван','Горбунов','+79642498462','2022-12-16 07:00:37.213'),
	 (2784,'Анжелика','Трофимова','+79519528791','2022-12-27 22:13:41.521'),
	 (2843,'Милан','Логинов','+79097863625','2022-11-11 14:58:39.537');
INSERT INTO tinkoff_game.client (client_rk,first_name,last_name,phone_num,visit_dttm) VALUES
	 (2859,'Милан','Овчинников','+79537837435','2022-09-13 05:42:43.973'),
	 (2875,'Болеслав','Соколов','+79093443720','2022-12-18 11:46:39.541'),
	 (2907,'Эльвира','Чернова','+79085206069','2022-10-30 04:35:53.696'),
	 (2923,'Ярослава','Комарова','+79519119117','2022-12-10 03:53:51.911'),
	 (2955,'Алина','Дроздова','+79638240661','2022-12-24 01:28:12.136'),
	 (2971,'Диана','Устинова','+79651607022','2022-11-01 10:30:07.037'),
	 (2987,'Владимир','Одинцов','+79645344952','2022-09-30 13:11:33.038'),
	 (3003,'Фаина','Гаврилова','+79048538740','2022-09-29 15:04:44.454'),
	 (3019,'Анна','Фомина','+79044860727','2022-10-08 00:19:24.649'),
	 (3035,'Данила','Кабанов','+79534964924','2022-11-15 12:46:38.818');
INSERT INTO tinkoff_game.client (client_rk,first_name,last_name,phone_num,visit_dttm) VALUES
	 (3051,'Капитолина','Лебедева','+79688470190','2022-10-01 06:02:58.604'),
	 (3067,'Всеволод','Сазонов','+79007330263','2022-10-25 06:54:43.543'),
	 (3078,'Спартак','Котов','+79028092194','2022-12-03 18:56:50.664'),
	 (3094,'Анна','Исакова','+79655127718','2022-10-28 05:53:06.893'),
	 (3110,'Полина','Горшкова','+79517405105','2023-01-23 03:53:05.525'),
	 (3158,'Людмила','Евдокимова','+79676308687','2022-10-16 14:22:54.53'),
	 (3174,'Евгения','Шубина','+79536801084','2022-11-28 16:20:01.027'),
	 (3190,'Анна','Сазонова','+79021525112','2022-11-10 21:38:28.158'),
	 (3206,'Клавдия','Евсеева','+79046534815','2022-09-07 07:21:31.674'),
	 (3222,'Нонна','Селезнёва','+79684366510','2022-11-24 06:34:33.555');
INSERT INTO tinkoff_game.client (client_rk,first_name,last_name,phone_num,visit_dttm) VALUES
	 (3238,'Валентин','Воронцов','+79094340413','2022-09-01 18:47:38.963'),
	 (3254,'Яков','Маслов','+79535507049','2022-12-10 07:08:44.329'),
	 (3270,'Гордей','Калинин','+79513179167','2022-12-02 22:39:10.294'),
	 (3318,'Денис','Волков','+79525791861','2023-01-24 09:43:27.256'),
	 (3345,'Виктор','Мартынов','+79045781827','2022-09-25 21:25:15.588'),
	 (3361,'Ярослава','Одинцова','+79097967661','2022-09-06 23:42:16.543'),
	 (3377,'Василиса','Алексеева','+79632739069','2023-01-11 17:59:56.384'),
	 (3393,'Николай','Лукин','+79683857589','2022-10-30 11:59:58.389'),
	 (3409,'Владислав','Зыков','+79081164323','2022-09-23 10:48:20.381'),
	 (3425,'Флорентина','Исаева','+79504320489','2022-10-08 09:48:08.503');
INSERT INTO tinkoff_game.client (client_rk,first_name,last_name,phone_num,visit_dttm) VALUES
	 (3441,'Валентин','Лукин','+79641338998','2022-09-11 16:55:25.887'),
	 (3457,'Тит','Афанасьев','+79028066606','2022-09-18 22:55:13.069'),
	 (3473,'Людмила','Субботина','+79664008920','2022-11-09 11:42:26.999'),
	 (3521,'Борис','Воронов','+79025285244','2022-10-18 05:20:40.073'),
	 (3537,'Анфиса','Кошелева','+79646239273','2022-10-05 18:13:13.005'),
	 (3569,'Спартак','Лапин','+79529506377','2022-10-29 10:10:55.547'),
	 (3596,'Доминика','Зуева','+79092017223','2022-10-11 11:28:52.395'),
	 (3676,'Сава','Рогов','+79041201609','2023-01-22 01:24:38.79'),
	 (3692,'Андрей','Савин','+79536677839','2022-09-06 10:26:41.907'),
	 (3708,'Регина','Федосеева','+79005515697','2022-09-26 02:04:20.778');
INSERT INTO tinkoff_game.client (client_rk,first_name,last_name,phone_num,visit_dttm) VALUES
	 (3724,'Валерия','Полякова','+79029850046','2023-01-01 01:04:33.776'),
	 (3740,'Инесса','Орехова','+79507961995','2023-01-24 02:43:12.9'),
	 (3756,'Фёдор','Архипов','+79523757575','2022-09-25 19:36:44.388'),
	 (3788,'Донат','Нестеров','+79525804131','2023-01-24 16:36:49.245'),
	 (3804,'Ольга','Медведева','+79656309063','2022-11-23 17:48:45.954'),
	 (3820,'Яков','Поляков','+79534008062','2022-09-25 22:09:22.125'),
	 (3863,'Михаил','Королёв','+79027781404','2022-10-29 22:22:31.517'),
	 (3879,'Дарья','Игнатова','+79659393188','2022-11-03 13:47:28.627'),
	 (3895,'Лаврентий','Вишняков','+79645345984','2022-10-13 21:45:37.53'),
	 (3911,'Захар','Ширяев','+79657615975','2023-02-01 11:14:15.895');
INSERT INTO tinkoff_game.client (client_rk,first_name,last_name,phone_num,visit_dttm) VALUES
	 (3943,'Радислав','Фадеев','+79081646511','2022-12-21 17:15:42.29'),
	 (3959,'Руслан','Носков','+79682807802','2022-09-23 12:52:36.716'),
	 (3991,'Сава','Рожков','+79646871940','2022-10-10 06:15:13.945'),
	 (4007,'Светлана','Андреева','+79501760468','2022-10-29 20:21:53.6'),
	 (4023,'Надежда','Колесникова','+79537921990','2022-10-23 07:26:42.662'),
	 (4039,'Матвей','Попов','+79027955868','2022-11-29 17:32:38.55'),
	 (4055,'Пётр','Сорокин','+79507295969','2023-01-14 15:01:18.326'),
	 (4071,'Искра','Фёдорова','+79021943419','2022-12-03 21:57:34.2'),
	 (4087,'Кристина','Дмитриева','+79641506218','2023-01-21 04:15:53.791'),
	 (1565,'Август','Баранов','+79028387767','2023-01-26 19:10:27.657');
INSERT INTO tinkoff_game.client (client_rk,first_name,last_name,phone_num,visit_dttm) VALUES
	 (1581,'Егор','Лыткин','+79024916270','2023-01-08 01:04:52.09'),
	 (1629,'Павел','Новиков','+79676570888','2022-10-12 02:55:09.148'),
	 (1645,'Анжелика','Николаева','+79001890320','2022-09-12 03:44:09.584'),
	 (1661,'Роберт','Щукин','+79509103982','2023-01-05 16:15:15.858'),
	 (1677,'Эмма','Федотова','+79082426217','2022-11-02 01:38:26.409'),
	 (1725,'Нонна','Ефремова','+79098538415','2023-01-02 17:17:15.717'),
	 (1741,'Артур','Алексеев','+79008548071','2023-01-06 11:01:03.863'),
	 (1773,'Елизавета','Устинова','+79685444022','2023-01-29 08:39:49.347'),
	 (1810,'Глеб','Сафонов','+79028367572','2022-12-01 18:32:34.162'),
	 (1826,'Вячеслав','Комиссаров','+79093835984','2022-12-04 04:33:36.243');
INSERT INTO tinkoff_game.client (client_rk,first_name,last_name,phone_num,visit_dttm) VALUES
	 (1842,'Феликс','Фёдоров','+79043882113','2022-09-04 18:24:56.447'),
	 (1858,'Добрыня','Носков','+79001440060','2022-11-10 16:50:35.629'),
	 (1874,'Илларион','Беляев','+79098830347','2022-10-12 06:10:12.143'),
	 (1906,'Трофим','Логинов','+79511279839','2022-12-28 00:59:25.549'),
	 (1922,'Виталий','Субботин','+79084997138','2022-09-23 20:44:21.416'),
	 (1938,'Екатерина','Молчанова','+79654866252','2022-12-10 16:06:28.489'),
	 (1954,'Викентий','Никифоров','+79044369092','2022-10-29 21:42:46.59'),
	 (1970,'Игнат','Федосеев','+79513702861','2022-12-30 18:31:52.734'),
	 (1986,'Раиса','Тихонова','+79685392281','2022-09-10 04:29:55.62'),
	 (2018,'Владлена','Максимова','+79085024065','2023-01-23 18:48:56.667');
INSERT INTO tinkoff_game.client (client_rk,first_name,last_name,phone_num,visit_dttm) VALUES
	 (2034,'Пётр','Михайлов','+79511420078','2023-01-10 23:32:48.127'),
	 (2055,'Анфиса','Рыбакова','+79639712253','2023-02-01 05:14:18.23'),
	 (2071,'Алексей','Соколов','+79537990808','2022-11-21 20:03:21.526'),
	 (2087,'Злата','Дьячкова','+79022572796','2023-01-17 02:41:19.565'),
	 (2119,'Адриан','Дроздов','+79663262616','2023-01-19 18:51:51.553'),
	 (2135,'Доминика','Колесникова','+79518114438','2023-01-11 01:30:19.789'),
	 (2151,'Фаина','Голубева','+79002069341','2023-01-08 15:23:34.393'),
	 (2167,'Кристина','Наумова','+79675979983','2022-09-21 11:05:44.292'),
	 (2183,'Нонна','Калашникова','+79522861824','2022-09-02 14:50:56.876'),
	 (2215,'Иосиф','Евдокимов','+79668400506','2023-01-23 19:02:34.811');
INSERT INTO tinkoff_game.client (client_rk,first_name,last_name,phone_num,visit_dttm) VALUES
	 (2231,'Захар','Наумов','+79024473635','2022-10-20 11:45:48.405'),
	 (2247,'Альбина','Горбачёва','+79088867304','2023-01-19 09:15:38.353'),
	 (2279,'Анфиса','Герасимова','+79673144133','2022-12-17 02:39:53.655'),
	 (2295,'Платон','Емельянов','+79651869937','2022-10-31 02:39:16.198'),
	 (2332,'Ева','Иванова','+79096088751','2022-12-23 07:58:22.122'),
	 (2348,'Владлен','Кудрявцев','+79507739387','2022-11-29 19:34:50.911'),
	 (2364,'Захар','Родионов','+79521954598','2022-10-24 01:17:59.794'),
	 (2380,'Екатерина','Зайцева','+79668276004','2023-01-25 03:10:25.086'),
	 (2396,'Анатолий','Лукин','+79041412348','2022-09-08 03:27:48.989'),
	 (2412,'Лариса','Кузнецова','+79007831975','2022-11-01 20:45:52.003');
INSERT INTO tinkoff_game.client (client_rk,first_name,last_name,phone_num,visit_dttm) VALUES
	 (2460,'Максим','Фомин','+79093304331','2022-12-05 08:40:54.489'),
	 (2476,'Диана','Мишина','+79094559530','2022-11-03 03:57:54.601'),
	 (2492,'Стефан','Носков','+79673100248','2022-10-16 05:48:35.179'),
	 (2508,'Афанасий','Соколов','+79664974087','2022-09-17 12:16:04.681'),
	 (2524,'Ольга','Сидорова','+79644620511','2022-12-08 15:27:57.015'),
	 (2540,'Таисия','Боброва','+79683143664','2022-11-01 13:50:17.032'),
	 (2556,'Витольд','Нестеров','+79507595023','2023-01-16 11:22:32.467'),
	 (2593,'Александр','Орлов','+79502063672','2023-01-01 07:40:08.768'),
	 (2609,'Злата','Панова','+79649195082','2022-09-03 07:04:40.429'),
	 (2625,'Афанасий','Шубин','+79082557592','2022-09-23 21:31:01.586');
INSERT INTO tinkoff_game.client (client_rk,first_name,last_name,phone_num,visit_dttm) VALUES
	 (2641,'Матвей','Соловьёв','+79518300540','2022-09-19 08:47:43.747'),
	 (2657,'Илларион','Тетерин','+79092209941','2023-02-01 17:50:21.718'),
	 (2673,'Артём','Вишняков','+79533364189','2022-09-08 09:44:46.166'),
	 (2689,'Иннокентий','Шубин','+79671061408','2022-11-03 04:20:26.411'),
	 (2705,'Дарья','Гущина','+79632175535','2023-01-20 01:10:49.283'),
	 (2721,'Август','Зуев','+79097995982','2023-01-26 15:21:20.609'),
	 (2737,'Людмила','Михайлова','+79045548695','2022-09-07 10:20:52.44'),
	 (2769,'Всеволод','Горшков','+79642131149','2022-09-20 20:19:07.131'),
	 (2785,'Вениамин','Буров','+79636657702','2022-11-20 09:12:05.609'),
	 (2822,'Светлана','Федосеева','+79653710569','2022-12-11 10:55:30.68');
INSERT INTO tinkoff_game.client (client_rk,first_name,last_name,phone_num,visit_dttm) VALUES
	 (2838,'Ева','Кузнецова','+79507508329','2022-10-31 13:53:25.121'),
	 (2854,'Ярослав','Евдокимов','+79531722539','2022-10-21 20:21:03.99'),
	 (2870,'Герасим','Дементьев','+79007359068','2023-01-06 05:01:37.71'),
	 (2934,'Вадим','Ширяев','+79524121090','2023-01-29 08:59:49.617'),
	 (2966,'Сергей','Бобылёв','+79509854602','2022-12-30 07:12:06.704'),
	 (2982,'Альбина','Сазонова','+79507444810','2022-12-16 17:56:39.74'),
	 (2998,'Алиса','Нестерова','+79681411874','2022-10-21 06:47:00.188'),
	 (3030,'Лариса','Соколова','+79003836949','2022-09-07 05:38:49.236'),
	 (3046,'Иосиф','Сергеев','+79509006192','2022-10-22 03:15:46.971'),
	 (3062,'Юрий','Савельев','+79507279668','2022-12-23 19:51:53.072');
INSERT INTO tinkoff_game.client (client_rk,first_name,last_name,phone_num,visit_dttm) VALUES
	 (3083,'Анна','Медведева','+79668162600','2022-11-05 09:01:29.403'),
	 (3131,'Наталья','Русакова','+79663940173','2022-12-22 17:43:35.128'),
	 (3163,'Ефим','Колесников','+79683205726','2022-12-08 20:43:04.692'),
	 (3179,'Маргарита','Орехова','+79648580082','2022-11-04 17:10:04.282'),
	 (3195,'Валерия','Семёнова','+79042279053','2023-01-17 16:37:36.811'),
	 (3227,'Роман','Никифоров','+79526342946','2022-10-20 11:52:27.254'),
	 (3259,'Спартак','Фомичёв','+79027128367','2023-01-16 08:57:35.502'),
	 (3275,'Виталий','Федотов','+79042736518','2022-12-04 19:33:26.244'),
	 (3291,'Владлен','Сысоев','+79513467325','2022-12-13 04:00:58.969'),
	 (3307,'Альбина','Сидорова','+79091688089','2022-10-03 17:14:59.668');
INSERT INTO tinkoff_game.client (client_rk,first_name,last_name,phone_num,visit_dttm) VALUES
	 (3323,'Нелли','Игнатова','+79652332180','2023-01-26 23:45:38.964'),
	 (3328,'Платон','Петров','+79091401523','2022-11-08 10:28:24.091'),
	 (3344,'Болеслав','Лаврентьев','+79665449290','2023-01-07 19:03:34.256'),
	 (3360,'Максим','Поляков','+79637729389','2022-10-31 06:26:03.15'),
	 (3376,'Валерий','Блинов','+79005911787','2022-12-23 18:14:32.628'),
	 (3392,'Татьяна','Матвеева','+79672330264','2022-12-10 00:58:19.948'),
	 (3424,'Артём','Корнилов','+79084490551','2022-12-31 09:18:25.892'),
	 (3440,'Ольга','Лазарева','+79513311519','2022-11-06 00:46:59.219'),
	 (3456,'Галина','Орехова','+79529983970','2022-09-26 15:35:05.077'),
	 (3472,'Клавдия','Воронцова','+79634385863','2023-01-13 16:42:51.65');
INSERT INTO tinkoff_game.client (client_rk,first_name,last_name,phone_num,visit_dttm) VALUES
	 (3504,'Алёна','Аксёнова','+79668870507','2022-10-12 06:03:14.136'),
	 (3520,'Дмитрий','Брагин','+79026194502','2023-01-19 23:29:52.782'),
	 (3536,'Нонна','Рогова','+79505706436','2022-12-06 20:22:05.648'),
	 (3552,'Вениамин','Лихачёв','+79526614070','2022-09-06 02:50:42.108'),
	 (3568,'Альбина','Шарова','+79655428912','2023-01-05 15:46:48.775'),
	 (3589,'Радислав','Иванов','+79528662960','2023-01-19 13:37:43.61'),
	 (3605,'Клара','Киселёва','+79024588936','2022-11-17 18:11:07.813'),
	 (3621,'Даниил','Волков','+79047416960','2022-10-26 19:53:45.694'),
	 (3637,'Август','Блохин','+79505488689','2022-11-25 04:53:46.583'),
	 (3653,'Артур','Селиверстов','+79687798030','2022-12-29 05:24:01.422');
INSERT INTO tinkoff_game.client (client_rk,first_name,last_name,phone_num,visit_dttm) VALUES
	 (3669,'Нестор','Елисеев','+79532296840','2022-09-25 12:33:14.551'),
	 (3701,'Виктор','Королёв','+79645460205','2023-01-01 20:01:10.783'),
	 (3717,'Вера','Пономарёва','+79639891272','2022-10-02 14:57:10.555'),
	 (3733,'Лидия','Фомина','+79507319352','2022-10-11 22:03:38.003'),
	 (3749,'Алексей','Шашков','+79685675850','2022-12-13 00:03:39.979'),
	 (3781,'Радислав','Морозов','+79503742148','2022-10-14 05:49:36.884'),
	 (3850,'Елена','Сысоева','+79641298573','2022-12-05 09:40:07.919'),
	 (3866,'Кирилл','Ермаков','+79523389865','2022-09-22 13:44:55.115'),
	 (3898,'Дмитрий','Иванов','+79513159594','2022-10-29 00:51:44.491'),
	 (3914,'Адам','Кондратьев','+79517306188','2022-11-17 22:09:25.386');
INSERT INTO tinkoff_game.client (client_rk,first_name,last_name,phone_num,visit_dttm) VALUES
	 (3930,'Клавдия','Нестерова','+79525699841','2022-10-24 07:39:54.306'),
	 (3946,'Илья','Соболев','+79631420170','2022-11-18 11:23:50.925'),
	 (3962,'Виль','Шарапов','+79638584055','2022-10-20 22:08:29.65'),
	 (3994,'Виктор','Сазонов','+79679643303','2023-01-11 01:31:38.663'),
	 (4026,'Дарья','Лазарева','+79088438049','2022-09-29 21:14:37.546'),
	 (4042,'Ольга','Вишнякова','+79041740959','2022-12-04 14:53:40.843'),
	 (4058,'Екатерина','Мамонтова','+79093683290','2022-11-28 02:08:45.226'),
	 (4074,'Тимофей','Евдокимов','+79524147840','2023-01-10 16:39:01.119'),
	 (4090,'Елена','Вишнякова','+79535039997','2023-01-30 20:50:09.318'),
	 (47,'Фаина','Шубина','+79007787740','2022-09-16 12:52:20.168');
INSERT INTO tinkoff_game.client (client_rk,first_name,last_name,phone_num,visit_dttm) VALUES
	 (63,'Вероника','Терентьева','+79646062227','2022-09-23 16:39:02.299'),
	 (95,'Аполлон','Кузнецов','+79508085357','2022-11-29 10:26:19.973'),
	 (111,'Владислав','Михайлов','+79088686398','2022-10-05 08:14:03.361'),
	 (1339,'Нелли','Баранова','+79524241640','2022-12-01 06:00:43.411'),
	 (1355,'Капитолина','Ларионова','+79507169245','2022-09-25 06:52:50.903'),
	 (1371,'Донат','Ершов','+79682576793','2022-11-06 21:12:41.165'),
	 (1403,'Елизавета','Никонова','+79664141807','2022-10-29 06:46:46.836'),
	 (1419,'Лилия','Горбачёва','+79646287688','2023-01-08 19:19:39.497'),
	 (1451,'Валентина','Кудряшова','+79024729647','2022-09-03 21:44:38.542'),
	 (1467,'Вячеслав','Иванов','+79091486669','2022-12-20 14:51:49.693');
INSERT INTO tinkoff_game.client (client_rk,first_name,last_name,phone_num,visit_dttm) VALUES
	 (1531,'Андрей','Калинин','+79642073106','2022-11-04 09:26:52.616'),
	 (1610,'Мирослав','Князев','+79045095398','2022-12-30 15:07:06.68'),
	 (1626,'Иосиф','Исаков','+79522668404','2022-09-12 09:18:58.169'),
	 (1642,'Изольда','Зиновьева','+79092265174','2023-01-18 02:19:50.594'),
	 (1658,'Матвей','Фомин','+79093549710','2022-11-13 19:36:38.151'),
	 (1690,'Захар','Григорьев','+79528534577','2022-12-29 17:58:03.34'),
	 (1706,'Марина','Давыдова','+79043163402','2022-12-04 00:54:27.249'),
	 (1722,'Василий','Родионов','+79503663552','2022-10-03 13:21:23.415'),
	 (1738,'Прохор','Лебедев','+79643118958','2022-12-09 10:31:33.795'),
	 (1754,'Артемий','Маслов','+79669609189','2022-12-12 15:41:35.71');
INSERT INTO tinkoff_game.client (client_rk,first_name,last_name,phone_num,visit_dttm) VALUES
	 (1770,'Олеся','Киселёва','+79668788871','2022-10-03 04:54:50.281'),
	 (1786,'Елена','Симонова','+79644589795','2022-11-30 12:06:34.038'),
	 (1797,'Матвей','Федотов','+79677007793','2022-09-20 03:09:16.966'),
	 (1813,'Владлен','Кабанов','+79049881022','2023-01-07 14:56:27.237'),
	 (1829,'Кристина','Веселова','+79529074531','2022-09-29 12:27:44.241'),
	 (1925,'Валерия','Белозёрова','+79639473522','2022-09-02 12:19:25.64'),
	 (1941,'Рената','Боброва','+79535174925','2022-12-27 03:43:27.585'),
	 (1957,'Зоя','Федотова','+79651544518','2022-09-14 04:10:26.403'),
	 (1973,'Клара','Беляева','+79535787383','2022-12-13 10:55:51.709'),
	 (1989,'Клим','Костин','+79044712822','2022-09-15 22:27:48.962');
INSERT INTO tinkoff_game.client (client_rk,first_name,last_name,phone_num,visit_dttm) VALUES
	 (2005,'Август','Голубев','+79525909999','2022-10-09 21:32:26.407'),
	 (2021,'Арсений','Кабанов','+79658999451','2023-01-05 12:48:24.163'),
	 (2037,'Владимир','Горбачёв','+79525054004','2022-11-09 15:12:41.678'),
	 (2052,'Тарас','Козлов','+79506138464','2022-12-14 17:44:15.34'),
	 (2068,'Регина','Гордеева','+79658267564','2023-01-25 19:54:18.32'),
	 (2084,'София','Куликова','+79524393886','2022-12-19 09:14:03.329'),
	 (2116,'Евгений','Панов','+79097325549','2023-01-14 17:36:14.727'),
	 (2132,'Валентина','Бурова','+79087582715','2022-12-01 12:10:01.638'),
	 (2180,'Сава','Ларионов','+79098011005','2022-09-02 08:07:54.422'),
	 (2196,'Кузьма','Миронов','+79083869883','2022-12-24 09:26:39.421');
INSERT INTO tinkoff_game.client (client_rk,first_name,last_name,phone_num,visit_dttm) VALUES
	 (2212,'Георгий','Лукин','+79662319362','2022-12-21 01:38:27.755'),
	 (2228,'Лада','Рыбакова','+79651252451','2022-12-31 07:50:53.526'),
	 (2244,'Инга','Семёнова','+79677910816','2022-12-19 19:54:05.268'),
	 (2260,'Эрик','Орлов','+79086269274','2022-12-11 19:37:33.875'),
	 (2276,'Владлен','Шаров','+79686493999','2022-11-11 21:07:31.531'),
	 (2292,'Вера','Фёдорова','+79643674922','2022-11-22 15:08:16.567'),
	 (2319,'Ананий','Веселов','+79025355148','2022-12-20 05:33:36.179'),
	 (2335,'Эмилия','Лобанова','+79027266931','2022-12-25 14:56:01.916'),
	 (2399,'Майя','Петрова','+79007512111','2022-09-28 03:24:08.959'),
	 (2431,'Ярослав','Веселов','+79642174875','2022-10-04 08:57:09.171');
INSERT INTO tinkoff_game.client (client_rk,first_name,last_name,phone_num,visit_dttm) VALUES
	 (2479,'Артур','Мартынов','+79511253060','2023-01-11 08:05:24.526'),
	 (2495,'Иван','Воробьёв','+79512327796','2022-11-13 08:44:53.008'),
	 (2511,'Маргарита','Елисеева','+79526451140','2022-11-06 11:56:23.236'),
	 (2527,'Варвара','Пестова','+79673965805','2022-09-06 13:25:42.684'),
	 (2574,'Август','Бирюков','+79671215814','2023-01-14 11:40:24.563'),
	 (2622,'Оксана','Панфилова','+79643169816','2022-10-12 07:05:52.212'),
	 (2638,'Адриан','Павлов','+79688866914','2022-09-12 13:56:44.268'),
	 (2686,'Вероника','Дмитриева','+79661211131','2023-01-26 08:36:33.674'),
	 (2718,'Вениамин','Архипов','+79516818439','2022-12-27 08:11:15.724'),
	 (2750,'Кристина','Денисова','+79083085286','2022-10-13 06:20:12.061');
INSERT INTO tinkoff_game.client (client_rk,first_name,last_name,phone_num,visit_dttm) VALUES
	 (2766,'Федосья','Романова','+79086710917','2022-12-02 16:33:46.965'),
	 (2782,'Лаврентий','Колесников','+79646256705','2023-01-07 13:06:46.457'),
	 (2798,'Нонна','Романова','+79665914353','2022-09-09 06:48:51.607'),
	 (2814,'Изольда','Зуева','+79087549989','2022-09-28 12:21:49.711'),
	 (2825,'София','Денисова','+79534983768','2022-11-01 01:05:36.688'),
	 (2841,'Александр','Потапов','+79002330676','2022-11-05 14:43:13.355'),
	 (2873,'Юлия','Сергеева','+79026253854','2022-12-22 18:00:46.448'),
	 (2889,'Василиса','Журавлёва','+79006699495','2022-10-29 20:40:34.829'),
	 (2921,'Розалина','Крылова','+79096552495','2022-12-25 10:37:10.051'),
	 (2953,'Изабелла','Савина','+79663377153','2022-10-20 09:11:19.805');
INSERT INTO tinkoff_game.client (client_rk,first_name,last_name,phone_num,visit_dttm) VALUES
	 (2969,'Инна','Орехова','+79673669969','2022-10-11 01:13:45.676'),
	 (2985,'Татьяна','Лихачёва','+79641819778','2022-11-02 05:42:00.313'),
	 (3001,'Зоя','Силина','+79508098445','2022-10-29 18:08:49.157'),
	 (3033,'Клим','Доронин','+79645992153','2022-09-17 01:52:03.714'),
	 (3049,'Доминика','Петухова','+79637292092','2022-11-29 20:04:29.179'),
	 (3065,'Василиса','Панова','+79671605909','2023-01-07 23:53:28.956'),
	 (3080,'Надежда','Щербакова','+79528517062','2022-10-26 10:03:49.585'),
	 (3096,'Тимофей','Пономарёв','+79676429750','2022-09-10 02:53:57.21'),
	 (3112,'Иван','Титов','+79519989268','2022-11-03 11:27:25.019'),
	 (3128,'Марина','Исаева','+79678257917','2022-10-25 19:21:13.117');
INSERT INTO tinkoff_game.client (client_rk,first_name,last_name,phone_num,visit_dttm) VALUES
	 (3144,'Доминика','Белоусова','+79682124735','2022-10-19 15:38:16.039'),
	 (3176,'Алёна','Пестова','+79539476534','2022-12-04 18:14:21.651'),
	 (3192,'Людмила','Кулагина','+79687859827','2023-01-06 09:22:02.884'),
	 (3224,'Игнатий','Лапин','+79679336065','2022-12-06 05:39:24.799'),
	 (3256,'Сергей','Лапин','+79511981089','2022-09-15 11:49:26.064'),
	 (3272,'Майя','Николаева','+79046127827','2022-11-01 22:58:34.767'),
	 (3288,'Марина','Федотова','+79677304043','2022-09-18 17:51:33.893'),
	 (3304,'Елена','Большакова','+79081550598','2022-09-23 17:04:33.22'),
	 (3320,'Макар','Зимин','+79028163504','2023-01-22 04:33:47.126'),
	 (3331,'Марат','Мартынов','+79688399899','2022-11-25 16:21:28.96');
INSERT INTO tinkoff_game.client (client_rk,first_name,last_name,phone_num,visit_dttm) VALUES
	 (3347,'Лариса','Денисова','+79686019830','2022-09-07 05:37:52.004'),
	 (3363,'Жанна','Кононова','+79509489239','2022-10-04 11:49:09.563'),
	 (3379,'Ираклий','Трофимов','+79501494557','2022-11-16 03:25:33.064'),
	 (3395,'Изольда','Давыдова','+79638592345','2022-09-14 23:36:51.294'),
	 (3411,'Дарья','Брагина','+79675333863','2022-12-05 19:24:35.181'),
	 (3427,'Иван','Гуляев','+79004549730','2022-09-26 01:57:41.068'),
	 (3443,'Иннокентий','Мухин','+79091006475','2022-11-17 01:32:47.281'),
	 (3459,'Влад','Исаев','+79534810378','2022-12-19 12:28:06.385'),
	 (3475,'Кирилл','Юдин','+79002020974','2022-12-23 09:48:26.93'),
	 (3491,'Лидия','Горбачёва','+79521505779','2022-10-20 16:26:31.608');
INSERT INTO tinkoff_game.client (client_rk,first_name,last_name,phone_num,visit_dttm) VALUES
	 (3523,'Диана','Белоусова','+79646192244','2022-10-05 04:45:06.131'),
	 (3555,'Жанна','Русакова','+79507957852','2022-10-31 04:02:13.472'),
	 (3571,'Нонна','Самойлова','+79081397613','2022-11-02 06:26:28.715'),
	 (3586,'Мария','Смирнова','+79095874585','2022-11-01 23:58:49.667'),
	 (3602,'Марта','Журавлёва','+79506849141','2022-11-24 06:02:45.96'),
	 (3618,'Эмма','Стрелкова','+79685560260','2022-12-21 03:08:25.496'),
	 (3682,'Адам','Евдокимов','+79041319903','2022-11-16 23:32:34.451'),
	 (3698,'Варвара','Пономарёва','+79535292205','2022-12-31 06:44:47.33'),
	 (3714,'Мальвина','Борисова','+79045519906','2022-10-31 07:22:37.917'),
	 (3730,'Феликс','Елисеев','+79095140775','2022-11-20 02:35:40.901');
INSERT INTO tinkoff_game.client (client_rk,first_name,last_name,phone_num,visit_dttm) VALUES
	 (3778,'Регина','Михеева','+79635493591','2022-12-19 05:14:53.674'),
	 (3810,'Владлена','Ситникова','+79652147677','2023-02-01 11:17:18.966'),
	 (3826,'Семён','Денисов','+79671144064','2022-11-09 10:19:39.354'),
	 (3853,'Татьяна','Васильева','+79636876125','2022-12-12 15:12:04.741'),
	 (3869,'Никита','Устинов','+79631164550','2023-01-02 08:21:25.27'),
	 (3885,'Гордей','Дементьев','+79089561463','2022-11-16 14:32:21.087'),
	 (3901,'Валентин','Суворов','+79527468168','2022-11-11 07:04:50.207'),
	 (3933,'Людмила','Исаева','+79532157945','2023-01-22 11:39:55.039'),
	 (3949,'Нина','Самойлова','+79657976923','2023-01-30 13:03:50.672'),
	 (3965,'Галина','Куликова','+79675774092','2022-11-11 21:38:58.109');
INSERT INTO tinkoff_game.client (client_rk,first_name,last_name,phone_num,visit_dttm) VALUES
	 (3981,'Ярослав','Муравьёв','+79026622009','2022-12-16 08:08:56.397'),
	 (3997,'Станислав','Кудряшов','+79658468886','2022-11-24 02:05:33.023'),
	 (4013,'Полина','Цветкова','+79047144416','2023-01-17 08:44:20.809'),
	 (4029,'Донат','Фокин','+79665378530','2023-01-14 09:40:51.814'),
	 (4045,'Клара','Сафонова','+79534681419','2022-10-21 11:09:41.747'),
	 (4077,'Лаврентий','Воронцов','+79689873563','2022-12-05 04:08:19.499');
INSERT INTO tinkoff_game.employee (employee_rk,first_name,last_name,gender_cd) VALUES
	 (6,'Екатерина','Пономарёва','Ж'),
	 (15,'Павел','Кудряшов','М'),
	 (12,'Искра','Хаджикадунич','М'),
	 (9,'Хасбула','Никитин','М'),
	 (7,'Тамара','Карпова','Ж'),
	 (16,'Пётр','Петухов','М'),
	 (3,'Герасим','Зайцев','М'),
	 (13,'Екатерина','Сергеева','Ж'),
	 (10,'Фаина','Ахмедова','Ж'),
	 (1,'Нина','Сидорова','Ж');
INSERT INTO tinkoff_game.employee (employee_rk,first_name,last_name,gender_cd) VALUES
	 (4,'Эмма','Козлова','Ж'),
	 (14,'Любовь','Соколова','Ж'),
	 (5,'Мирослав','Колесников','М'),
	 (8,'Кристина','Бабаян','Ж'),
	 (2,'Геннадий','Сидоров','М'),
	 (11,'Эмма','Черкесова','Ж');
INSERT INTO tinkoff_game.game (game_rk,quest_rk,employee_rk,game_dttm,price,game_flg,finish_flg,"time") VALUES
	 (22,2,14,'12:04:00.773',2461.88,1,1,'20:34:46'),
	 (54,22,1,'20:09:48.591',2093.63,1,0,'22:20:10'),
	 (70,14,10,'17:53:24.643',1955.76,1,1,'20:44:50'),
	 (102,25,5,'03:42:13.494',1156.75,1,1,'16:45:18'),
	 (150,29,13,'16:17:59.851',1579.96,1,0,'07:18:03'),
	 (166,31,4,'10:13:12.847',1358.66,1,1,'21:43:28'),
	 (198,13,1,'05:55:50.804',2699.44,1,0,'13:09:19'),
	 (214,23,3,'23:23:08.09',1468.46,1,1,'06:13:10'),
	 (230,2,3,'04:11:41.333',1348.03,1,0,'03:17:54'),
	 (305,30,3,'07:14:46.866',2948.99,1,0,'19:56:05');
INSERT INTO tinkoff_game.game (game_rk,quest_rk,employee_rk,game_dttm,price,game_flg,finish_flg,"time") VALUES
	 (353,3,1,'21:29:46.931',1846.98,1,0,'20:51:10'),
	 (369,25,16,'11:31:43.042',2062.74,1,0,'16:30:11'),
	 (433,30,14,'02:26:32.639',2296.49,1,0,'06:18:08'),
	 (449,2,4,'09:08:22.656',1846.31,1,0,'13:35:29'),
	 (6,3,14,'16:23:27.883',1545.97,0,0,'00:00:00'),
	 (38,17,8,'05:23:52.073',1075.14,0,0,'00:00:00'),
	 (86,3,8,'05:47:20.687',2772.77,0,0,'00:00:00'),
	 (182,30,3,'22:44:13.552',1076.42,0,0,'00:00:00'),
	 (246,7,14,'20:43:18.266',1354.25,0,0,'00:00:00'),
	 (321,2,1,'02:01:45.623',2851.62,0,0,'00:00:00');
INSERT INTO tinkoff_game.game (game_rk,quest_rk,employee_rk,game_dttm,price,game_flg,finish_flg,"time") VALUES
	 (417,21,4,'06:48:06.059',1851.87,0,0,'00:00:00'),
	 (118,30,15,'23:41:45.042',2760.57,0,0,'00:00:00'),
	 (134,3,15,'00:57:56.378',2016.21,0,0,'00:00:00'),
	 (257,25,15,'13:44:59.664',1433.7,0,0,'00:00:00'),
	 (273,14,11,'21:11:58.925',1622.61,0,0,'00:00:00'),
	 (289,1,11,'10:45:05.575',2826.66,0,0,'00:00:00'),
	 (337,13,7,'23:48:34.394',1533.47,0,0,'00:00:00'),
	 (385,7,8,'08:06:16.059',2735.41,0,0,'00:00:00'),
	 (401,14,7,'16:07:43.582',1874.16,0,0,'00:00:00'),
	 (23,23,4,'03:36:43.638',1563.75,1,1,'20:40:13');
INSERT INTO tinkoff_game.game (game_rk,quest_rk,employee_rk,game_dttm,price,game_flg,finish_flg,"time") VALUES
	 (71,1,7,'07:22:17.023',2727.93,1,0,'01:53:18'),
	 (87,2,8,'23:55:00.26',2465.57,1,1,'17:27:36'),
	 (167,30,11,'08:53:48.852',1871.29,1,1,'22:28:41'),
	 (231,21,7,'02:06:42.337',2450.05,1,1,'04:38:23'),
	 (268,19,10,'21:32:33.15',2023.06,1,1,'18:26:28'),
	 (300,15,5,'01:44:24.914',1408.17,1,0,'16:21:00'),
	 (380,31,13,'16:57:20.172',1850.27,1,0,'16:31:25'),
	 (39,29,13,'09:32:05.189',1171.32,0,0,'00:00:00'),
	 (55,14,5,'20:59:44.456',1869.06,0,0,'00:00:00'),
	 (103,29,8,'09:27:55.74',2491.25,0,0,'00:00:00');
INSERT INTO tinkoff_game.game (game_rk,quest_rk,employee_rk,game_dttm,price,game_flg,finish_flg,"time") VALUES
	 (247,29,7,'00:27:35.101',1587.43,0,0,'00:00:00'),
	 (284,21,14,'00:05:05.486',2690.96,0,0,'00:00:00'),
	 (332,24,4,'19:42:55.452',1507.81,0,0,'00:00:00'),
	 (364,3,4,'13:29:58.532',2950.52,0,0,'00:00:00'),
	 (396,7,15,'13:19:53.634',2254.38,0,0,'00:00:00'),
	 (428,21,14,'23:34:46.324',1393.86,0,0,'00:00:00'),
	 (444,7,3,'16:50:13.948',1486.18,0,0,'00:00:00'),
	 (7,31,16,'14:12:18.929',2318.14,0,0,'00:00:00'),
	 (119,24,15,'20:34:44.394',2254.89,0,0,'00:00:00'),
	 (135,24,15,'01:28:47.27',1068.14,0,0,'00:00:00');
INSERT INTO tinkoff_game.game (game_rk,quest_rk,employee_rk,game_dttm,price,game_flg,finish_flg,"time") VALUES
	 (151,17,13,'02:29:59.52',2327.29,0,0,'00:00:00'),
	 (183,25,16,'08:45:04.721',1589.38,0,0,'00:00:00'),
	 (199,1,16,'16:33:41.426',1486.84,0,0,'00:00:00'),
	 (215,24,3,'21:59:18.471',2660.35,0,0,'00:00:00'),
	 (316,1,15,'12:46:25.644',2432.12,0,0,'00:00:00'),
	 (348,25,3,'11:08:50.516',2170.93,0,0,'00:00:00'),
	 (412,13,3,'22:45:45.386',2537.41,0,0,'00:00:00'),
	 (33,1,10,'09:21:41.08',1988.09,1,1,'08:53:26'),
	 (129,24,8,'04:02:23.172',2515.19,1,1,'12:45:42'),
	 (161,1,16,'09:17:02.631',1195.55,1,0,'19:10:19');
INSERT INTO tinkoff_game.game (game_rk,quest_rk,employee_rk,game_dttm,price,game_flg,finish_flg,"time") VALUES
	 (209,7,4,'04:47:34.626',2612.54,1,1,'00:37:13'),
	 (241,17,1,'18:36:24.916',1585.85,1,1,'05:11:50'),
	 (278,17,4,'06:53:19.81',1997.07,1,0,'13:41:41'),
	 (310,15,14,'07:09:11.006',1857.86,1,1,'16:44:28'),
	 (342,17,5,'05:02:30.93',2516.15,1,0,'08:56:53'),
	 (390,3,10,'07:28:18.086',1983.79,1,0,'08:09:17'),
	 (422,15,3,'13:53:13.321',2591.93,1,1,'07:52:07'),
	 (1,23,14,'19:37:42.357',1096.02,0,0,'00:00:00'),
	 (97,21,11,'17:17:00.454',2374.25,0,0,'00:00:00'),
	 (145,17,10,'11:31:22.157',1468.31,0,0,'00:00:00');
INSERT INTO tinkoff_game.game (game_rk,quest_rk,employee_rk,game_dttm,price,game_flg,finish_flg,"time") VALUES
	 (406,14,7,'16:03:52.254',1839.44,0,0,'00:00:00'),
	 (438,14,16,'03:41:02.456',2522.57,0,0,'00:00:00'),
	 (454,30,15,'02:40:45.093',2771.65,0,0,'00:00:00'),
	 (17,29,15,'22:12:06.994',2938.53,0,0,'00:00:00'),
	 (49,25,11,'09:07:54.706',1924.99,0,0,'00:00:00'),
	 (65,24,11,'01:22:28.565',2268.39,0,0,'00:00:00'),
	 (81,1,3,'02:38:28.203',2094.05,0,0,'00:00:00'),
	 (113,1,15,'16:14:27.094',1286.55,0,0,'00:00:00'),
	 (177,21,16,'23:19:43.267',2365.58,0,0,'00:00:00'),
	 (193,24,1,'06:42:03.496',1550.99,0,0,'00:00:00');
INSERT INTO tinkoff_game.game (game_rk,quest_rk,employee_rk,game_dttm,price,game_flg,finish_flg,"time") VALUES
	 (225,15,3,'06:32:26.779',1112.22,0,0,'00:00:00'),
	 (262,31,13,'16:18:28.279',2118.01,0,0,'00:00:00'),
	 (294,7,16,'21:50:09.691',2966.3,0,0,'00:00:00'),
	 (326,3,8,'05:59:21.672',2681.19,0,0,'00:00:00'),
	 (358,25,15,'13:36:46.575',1855.75,0,0,'00:00:00'),
	 (374,19,14,'19:07:56.038',2852.33,0,0,'00:00:00'),
	 (14,25,11,'07:45:16.133',1255.59,1,0,'22:20:25'),
	 (46,21,3,'18:14:43.73',1513.55,1,1,'10:30:09'),
	 (62,1,4,'00:40:37.16',1598.02,1,1,'20:37:07'),
	 (94,25,14,'00:47:11.824',2443.27,1,0,'10:53:21');
INSERT INTO tinkoff_game.game (game_rk,quest_rk,employee_rk,game_dttm,price,game_flg,finish_flg,"time") VALUES
	 (110,23,16,'18:42:29.73',1353.22,1,0,'16:51:36'),
	 (126,7,7,'00:34:02.408',2217.43,1,0,'12:55:30'),
	 (142,2,14,'07:35:20.417',1020.04,1,1,'05:07:38'),
	 (158,29,4,'04:32:33.395',1309.38,1,0,'18:09:28'),
	 (206,24,10,'14:42:13.954',1029.71,1,0,'09:02:11'),
	 (222,31,3,'13:05:57.436',2370.23,1,1,'07:47:23'),
	 (238,22,10,'12:25:18.739',1228.91,1,0,'02:39:37'),
	 (297,1,1,'10:31:39.143',2554.54,1,0,'12:35:17'),
	 (377,19,13,'02:00:54.69',1010.72,1,1,'02:28:30'),
	 (393,21,14,'17:52:42.592',2167.35,1,1,'07:45:36');
INSERT INTO tinkoff_game.game (game_rk,quest_rk,employee_rk,game_dttm,price,game_flg,finish_flg,"time") VALUES
	 (409,31,15,'03:05:39.15',2600.86,1,1,'13:40:15'),
	 (425,13,8,'05:13:12.103',1237.1,1,1,'07:14:17'),
	 (441,2,11,'21:36:31.68',2260.29,1,1,'21:04:08'),
	 (30,31,7,'14:48:44.008',2796.87,0,0,'00:00:00'),
	 (78,31,14,'01:45:47.239',2283.08,0,0,'00:00:00'),
	 (190,21,16,'23:47:33.631',2803.41,0,0,'00:00:00'),
	 (254,21,1,'02:07:24.747',2939.01,0,0,'00:00:00'),
	 (329,29,8,'18:59:02.986',2668.38,0,0,'00:00:00'),
	 (174,9,14,'03:44:28.517',1999.66,0,0,'00:00:00'),
	 (265,9,16,'12:12:09.432',1218.49,0,0,'00:00:00');
INSERT INTO tinkoff_game.game (game_rk,quest_rk,employee_rk,game_dttm,price,game_flg,finish_flg,"time") VALUES
	 (281,21,16,'10:27:26.302',1649.5,0,0,'00:00:00'),
	 (313,23,4,'05:40:25.347',2600.89,0,0,'00:00:00'),
	 (345,15,1,'20:33:16.099',2640.16,0,0,'00:00:00'),
	 (361,29,3,'09:45:37.864',1087.65,0,0,'00:00:00'),
	 (11,24,8,'09:54:54.953',1605.03,1,0,'01:08:16'),
	 (27,3,4,'21:03:07.262',2530.94,1,1,'17:29:00'),
	 (91,21,13,'17:15:55.215',1906.39,1,1,'18:58:04'),
	 (107,2,3,'05:54:21.24',1180.46,1,0,'23:30:48'),
	 (139,21,3,'01:10:42.439',1720.53,1,1,'04:39:52'),
	 (187,21,14,'11:58:25.638',1332.34,1,0,'09:42:58');
INSERT INTO tinkoff_game.game (game_rk,quest_rk,employee_rk,game_dttm,price,game_flg,finish_flg,"time") VALUES
	 (235,25,15,'15:41:16.383',1988.68,1,0,'08:03:23'),
	 (304,7,5,'23:15:08.74',2061.37,1,0,'00:36:46'),
	 (384,15,13,'13:57:15.674',2754.01,1,0,'01:00:32'),
	 (416,22,8,'11:29:51.477',2231.22,1,0,'17:52:29'),
	 (432,31,3,'01:07:45.927',2685.09,1,0,'20:46:47'),
	 (59,21,16,'21:09:57.849',2219.63,0,0,'00:00:00'),
	 (171,2,14,'23:34:09.224',2319.78,0,0,'00:00:00'),
	 (219,19,16,'04:06:09.223',2257.7,0,0,'00:00:00'),
	 (288,9,4,'03:33:09.965',2564.41,0,0,'00:00:00'),
	 (320,2,5,'05:37:57.602',2404.02,0,0,'00:00:00');
INSERT INTO tinkoff_game.game (game_rk,quest_rk,employee_rk,game_dttm,price,game_flg,finish_flg,"time") VALUES
	 (368,24,8,'14:52:48.552',1725.32,0,0,'00:00:00'),
	 (448,24,11,'00:16:13.693',2799.76,0,0,'00:00:00'),
	 (43,30,13,'19:45:19.716',2771.92,0,0,'00:00:00'),
	 (75,21,15,'14:31:41.589',2392.88,0,0,'00:00:00'),
	 (123,22,13,'13:08:17.625',2713.44,0,0,'00:00:00'),
	 (155,13,8,'17:24:56.426',2967.49,0,0,'00:00:00'),
	 (203,30,1,'06:50:57.456',2114.89,0,0,'00:00:00'),
	 (251,31,13,'14:11:57.965',2621.15,0,0,'00:00:00'),
	 (256,30,13,'18:36:51.102',1629.67,0,0,'00:00:00'),
	 (272,25,1,'11:57:22.913',2901.41,0,0,'00:00:00');
INSERT INTO tinkoff_game.game (game_rk,quest_rk,employee_rk,game_dttm,price,game_flg,finish_flg,"time") VALUES
	 (336,2,4,'20:26:42.731',1263.07,0,0,'00:00:00'),
	 (352,1,14,'04:59:13.797',2764.82,0,0,'00:00:00'),
	 (400,23,16,'15:36:18.43',1030.33,0,0,'00:00:00'),
	 (24,29,10,'09:00:54.961',1270.79,1,1,'03:51:03'),
	 (104,14,1,'06:57:29.99',1092.78,1,0,'10:39:26'),
	 (152,21,1,'16:39:51.419',2566.26,1,1,'20:39:47'),
	 (168,19,10,'20:38:43.32',1601.17,1,1,'23:00:48'),
	 (184,29,7,'05:44:12.117',1050.19,1,1,'13:26:20'),
	 (232,23,15,'22:32:57.554',1684.31,1,0,'04:32:09'),
	 (259,19,15,'09:02:26.182',2763.1,1,1,'07:52:49');
INSERT INTO tinkoff_game.game (game_rk,quest_rk,employee_rk,game_dttm,price,game_flg,finish_flg,"time") VALUES
	 (275,30,4,'00:48:33.569',1519.46,1,0,'05:09:43'),
	 (387,30,4,'05:52:47.972',1638.78,1,1,'03:45:08'),
	 (435,30,3,'05:55:51.704',2438.54,1,0,'08:32:45'),
	 (451,21,14,'09:28:47.389',1425.69,1,0,'07:06:38'),
	 (8,19,14,'07:08:11.413',2316.56,0,0,'00:00:00'),
	 (40,25,1,'08:41:03.061',1577.75,0,0,'00:00:00'),
	 (120,15,11,'03:48:03.006',2416.88,0,0,'00:00:00'),
	 (136,21,14,'07:30:07.204',2647.18,0,0,'00:00:00'),
	 (200,31,3,'16:45:15.365',2253.45,0,0,'00:00:00'),
	 (216,29,5,'16:16:37.565',1160.97,0,0,'00:00:00');
INSERT INTO tinkoff_game.game (game_rk,quest_rk,employee_rk,game_dttm,price,game_flg,finish_flg,"time") VALUES
	 (248,14,16,'03:13:43.004',2196.61,0,0,'00:00:00'),
	 (291,30,10,'15:30:50.972',1193.34,0,0,'00:00:00'),
	 (307,25,5,'07:13:15.458',2426.15,0,0,'00:00:00'),
	 (419,29,10,'15:01:25.311',1813.03,0,0,'00:00:00'),
	 (56,21,13,'02:44:00.226',1382.99,0,0,'00:00:00'),
	 (72,30,5,'04:40:51.124',1626.52,0,0,'00:00:00'),
	 (88,21,14,'17:46:25.879',1762.56,0,0,'00:00:00'),
	 (323,21,14,'07:14:30.157',1541.15,0,0,'00:00:00'),
	 (339,2,16,'02:59:00.39',1788.92,0,0,'00:00:00'),
	 (355,21,8,'16:12:37.192',1811.93,0,0,'00:00:00');
INSERT INTO tinkoff_game.game (game_rk,quest_rk,employee_rk,game_dttm,price,game_flg,finish_flg,"time") VALUES
	 (371,19,15,'09:01:38.547',1366.61,0,0,'00:00:00'),
	 (403,13,7,'08:44:04.586',1673.8,0,0,'00:00:00'),
	 (21,30,1,'16:16:36.402',2599.1,1,1,'13:09:32'),
	 (69,21,3,'12:18:15.273',2509.02,1,0,'18:20:19'),
	 (85,2,16,'03:54:22.626',1832.05,1,0,'23:19:21'),
	 (101,31,7,'07:05:59.135',1640.85,1,0,'03:38:03'),
	 (213,14,15,'21:45:31.126',2887.93,1,0,'08:36:41'),
	 (245,17,13,'18:29:47.853',2605.7,1,1,'03:27:43'),
	 (298,23,3,'10:01:05.573',2217.63,1,1,'00:52:18'),
	 (314,23,14,'11:17:54.459',2886.83,1,0,'14:05:02');
INSERT INTO tinkoff_game.game (game_rk,quest_rk,employee_rk,game_dttm,price,game_flg,finish_flg,"time") VALUES
	 (378,29,13,'04:55:11.551',2376.15,1,0,'13:02:06'),
	 (5,1,13,'15:23:57.777',1234.21,0,0,'00:00:00'),
	 (133,14,3,'03:16:42.131',2063.18,0,0,'00:00:00'),
	 (149,21,7,'12:12:55.189',1049.39,0,0,'00:00:00'),
	 (165,1,1,'23:59:03.731',2173.44,0,0,'00:00:00'),
	 (181,21,4,'21:00:32.424',2191.58,0,0,'00:00:00'),
	 (197,30,13,'16:02:27.58',1017.01,0,0,'00:00:00'),
	 (282,19,7,'10:48:49.734',1832.09,0,0,'00:00:00'),
	 (362,19,11,'11:07:43.99',2236.21,0,0,'00:00:00'),
	 (426,17,8,'20:58:23.729',1395.78,0,0,'00:00:00');
INSERT INTO tinkoff_game.game (game_rk,quest_rk,employee_rk,game_dttm,price,game_flg,finish_flg,"time") VALUES
	 (442,15,14,'13:42:43.068',2759.48,0,0,'00:00:00'),
	 (37,15,16,'00:06:12.021',2733.51,0,0,'00:00:00'),
	 (53,14,10,'08:19:11.387',1949.02,0,0,'00:00:00'),
	 (117,2,1,'08:22:43.915',1237.9,0,0,'00:00:00'),
	 (229,22,15,'07:47:58.074',1884.94,0,0,'00:00:00'),
	 (266,19,10,'16:20:18.664',1555.44,0,0,'00:00:00'),
	 (330,13,5,'20:42:27.165',2242.06,0,0,'00:00:00'),
	 (346,3,13,'00:35:04.807',1613.76,0,0,'00:00:00'),
	 (394,25,11,'12:34:02.152',2011.1,0,0,'00:00:00'),
	 (410,17,10,'15:07:25.03',2575.97,0,0,'00:00:00');
INSERT INTO tinkoff_game.game (game_rk,quest_rk,employee_rk,game_dttm,price,game_flg,finish_flg,"time") VALUES
	 (2,25,14,'06:21:52.895',1438.46,1,1,'04:36:13'),
	 (18,21,4,'10:43:18.94',1475.24,1,1,'20:42:43'),
	 (98,23,5,'05:33:22.025',2996.48,1,0,'16:38:22'),
	 (130,29,11,'15:03:30.959',2905.08,1,0,'01:26:54'),
	 (194,1,10,'19:07:18.57',2681.44,1,1,'21:36:26'),
	 (226,2,14,'22:53:52.088',1713.37,1,1,'22:31:27'),
	 (242,22,10,'04:54:57.13',1450.85,1,0,'07:54:33'),
	 (269,14,3,'21:32:12.226',2559.06,1,0,'03:21:20'),
	 (285,24,4,'06:45:55.414',2684.46,1,1,'22:48:59'),
	 (333,23,7,'12:19:40.273',1207.29,1,1,'21:52:18');
INSERT INTO tinkoff_game.game (game_rk,quest_rk,employee_rk,game_dttm,price,game_flg,finish_flg,"time") VALUES
	 (349,25,8,'12:03:55.145',2868.86,1,0,'19:45:27'),
	 (429,14,4,'00:54:51.74',2086.7,1,1,'09:53:57'),
	 (34,1,15,'03:05:50.945',2421.49,0,0,'00:00:00'),
	 (66,31,11,'08:14:33.913',2386.08,0,0,'00:00:00'),
	 (114,24,5,'16:48:00.955',2923.96,0,0,'00:00:00'),
	 (178,24,10,'05:06:43.456',2178.07,0,0,'00:00:00'),
	 (210,22,16,'19:06:07.633',1691.22,0,0,'00:00:00'),
	 (301,19,13,'00:53:17.95',2112.93,0,0,'00:00:00'),
	 (317,17,16,'21:20:07.33',2381.0,0,0,'00:00:00'),
	 (381,19,13,'00:34:43.169',1776.17,0,0,'00:00:00');
INSERT INTO tinkoff_game.game (game_rk,quest_rk,employee_rk,game_dttm,price,game_flg,finish_flg,"time") VALUES
	 (413,23,11,'08:56:15.697',1174.68,0,0,'00:00:00'),
	 (445,1,5,'18:33:13.251',1257.81,0,0,'00:00:00'),
	 (50,14,3,'22:35:45.536',1700.28,0,0,'00:00:00'),
	 (82,19,7,'14:56:20.763',2540.86,0,0,'00:00:00'),
	 (146,15,10,'00:03:06.928',2690.16,0,0,'00:00:00'),
	 (162,1,13,'18:24:38.601',1439.57,0,0,'00:00:00'),
	 (365,25,4,'15:55:37.539',1447.03,0,0,'00:00:00'),
	 (397,14,11,'06:18:34.087',1963.81,0,0,'00:00:00'),
	 (15,13,11,'02:13:10.97',2701.92,0,0,'00:00:00'),
	 (79,31,3,'19:53:58.107',1399.31,0,0,'00:00:00');
INSERT INTO tinkoff_game.game (game_rk,quest_rk,employee_rk,game_dttm,price,game_flg,finish_flg,"time") VALUES
	 (111,21,14,'09:31:30.506',1349.32,0,0,'00:00:00'),
	 (127,15,7,'01:59:28.54',1557.79,0,0,'00:00:00'),
	 (143,22,8,'10:39:51.834',1880.07,0,0,'00:00:00'),
	 (276,21,14,'06:21:12.521',1764.56,0,0,'00:00:00'),
	 (308,31,7,'22:58:44.244',1059.23,0,0,'00:00:00'),
	 (340,14,16,'05:11:23.051',2568.05,0,0,'00:00:00'),
	 (356,23,14,'00:40:16.405',1701.0,0,0,'00:00:00'),
	 (452,14,10,'10:44:52.347',2079.02,0,0,'00:00:00'),
	 (159,13,14,'23:17:07.238',2334.27,0,0,'00:00:00'),
	 (175,21,7,'22:12:11.897',2540.14,0,0,'00:00:00');
INSERT INTO tinkoff_game.game (game_rk,quest_rk,employee_rk,game_dttm,price,game_flg,finish_flg,"time") VALUES
	 (191,23,5,'12:13:17.307',2276.24,0,0,'00:00:00'),
	 (207,21,15,'05:31:09.006',2978.73,0,0,'00:00:00'),
	 (388,3,5,'06:00:21.726',2750.78,0,0,'00:00:00'),
	 (404,30,15,'02:49:19.367',2532.84,0,0,'00:00:00'),
	 (31,30,10,'00:06:30.359',1977.74,0,0,'00:00:00'),
	 (47,13,1,'09:45:50.349',1453.08,0,0,'00:00:00'),
	 (63,29,1,'02:04:34.669',2687.19,0,0,'00:00:00'),
	 (95,14,5,'21:51:25.196',2433.6,0,0,'00:00:00'),
	 (223,19,14,'04:22:53.39',1895.36,0,0,'00:00:00'),
	 (239,3,5,'21:03:04.656',1673.97,0,0,'00:00:00');
INSERT INTO tinkoff_game.game (game_rk,quest_rk,employee_rk,game_dttm,price,game_flg,finish_flg,"time") VALUES
	 (255,24,14,'17:14:39.324',1733.7,0,0,'00:00:00'),
	 (260,23,14,'04:57:46.529',1809.18,0,0,'00:00:00'),
	 (292,24,11,'21:13:53.799',1007.22,0,0,'00:00:00'),
	 (324,14,1,'21:03:44.576',2038.21,0,0,'00:00:00'),
	 (372,15,8,'04:59:34.9',2267.33,0,0,'00:00:00'),
	 (420,14,3,'05:47:40.638',2187.74,0,0,'00:00:00'),
	 (436,23,15,'12:42:58.272',1314.72,0,0,'00:00:00'),
	 (439,21,7,'05:13:36.246',1614.84,1,1,'17:01:53'),
	 (455,15,13,'16:54:42.008',1912.01,1,1,'21:14:30'),
	 (28,25,15,'05:06:20.887',1438.58,0,0,'00:00:00');
INSERT INTO tinkoff_game.game (game_rk,quest_rk,employee_rk,game_dttm,price,game_flg,finish_flg,"time") VALUES
	 (76,19,4,'08:38:38.607',2584.24,0,0,'00:00:00'),
	 (124,30,16,'23:38:47.07',1762.37,0,0,'00:00:00'),
	 (140,7,1,'05:15:33.946',1265.35,0,0,'00:00:00'),
	 (156,24,1,'13:42:00.085',2166.41,0,0,'00:00:00'),
	 (172,30,16,'01:42:28.18',2098.44,0,0,'00:00:00'),
	 (188,25,7,'18:03:40.437',2058.43,0,0,'00:00:00'),
	 (204,21,13,'08:54:08.085',2871.05,0,0,'00:00:00'),
	 (220,31,3,'04:45:51.816',2614.19,0,0,'00:00:00'),
	 (252,9,4,'19:34:22.887',2993.61,0,0,'00:00:00'),
	 (279,14,14,'17:51:10.562',2619.01,0,0,'00:00:00');
INSERT INTO tinkoff_game.game (game_rk,quest_rk,employee_rk,game_dttm,price,game_flg,finish_flg,"time") VALUES
	 (295,23,8,'20:34:24.455',2996.86,0,0,'00:00:00'),
	 (327,9,8,'02:37:06.112',2162.0,0,0,'00:00:00'),
	 (343,3,5,'13:17:28.688',2452.64,0,0,'00:00:00'),
	 (359,13,4,'19:20:42.684',1901.46,0,0,'00:00:00'),
	 (407,17,5,'03:18:16.198',1030.7,0,0,'00:00:00'),
	 (44,21,8,'03:40:27.484',1477.14,0,0,'00:00:00'),
	 (60,31,11,'19:37:27.776',2177.14,0,0,'00:00:00'),
	 (108,23,11,'20:32:45.514',2108.25,0,0,'00:00:00'),
	 (375,23,13,'15:51:17.712',2136.93,0,0,'00:00:00'),
	 (12,21,13,'19:42:00.87',2066.23,0,0,'00:00:00');
INSERT INTO tinkoff_game.game (game_rk,quest_rk,employee_rk,game_dttm,price,game_flg,finish_flg,"time") VALUES
	 (92,22,4,'11:43:41.47',2838.38,0,0,'00:00:00'),
	 (236,2,10,'03:42:08.074',1636.96,0,0,'00:00:00'),
	 (263,3,8,'19:42:57.671',1108.78,0,0,'00:00:00'),
	 (311,24,14,'11:46:07.289',2163.23,0,0,'00:00:00'),
	 (391,29,7,'12:19:46.43',2557.35,0,0,'00:00:00'),
	 (423,14,5,'18:09:36.908',2825.45,0,0,'00:00:00'),
	 (9,24,4,'03:35:01.504',1801.54,1,1,'16:50:33'),
	 (41,14,10,'00:50:38.029',1996.72,1,1,'04:35:40'),
	 (57,29,8,'01:27:43.771',2742.21,1,0,'04:00:22'),
	 (73,14,10,'12:23:44.323',1935.05,1,0,'06:49:44');
INSERT INTO tinkoff_game.game (game_rk,quest_rk,employee_rk,game_dttm,price,game_flg,finish_flg,"time") VALUES
	 (105,24,16,'19:20:42.404',1158.44,1,0,'20:50:49'),
	 (153,14,7,'21:58:02.612',1941.69,1,0,'12:54:18'),
	 (169,3,7,'05:32:28.789',2613.86,1,1,'08:55:42'),
	 (217,31,13,'01:21:07.137',1365.26,1,0,'23:59:57'),
	 (233,25,7,'12:37:52.427',2632.56,1,1,'22:49:59'),
	 (249,9,4,'10:51:49.333',2971.91,1,0,'18:47:33'),
	 (350,17,11,'05:53:39.72',2962.87,1,1,'18:33:51'),
	 (366,21,4,'16:48:40.542',1059.8,1,1,'22:19:51'),
	 (414,7,14,'01:59:14.948',1995.02,1,0,'15:01:41'),
	 (446,24,3,'22:07:44.291',2098.41,1,0,'07:02:23');
INSERT INTO tinkoff_game.game (game_rk,quest_rk,employee_rk,game_dttm,price,game_flg,finish_flg,"time") VALUES
	 (25,22,10,'18:22:24.603',2660.42,0,0,'00:00:00'),
	 (89,21,3,'18:29:25.215',1690.47,0,0,'00:00:00'),
	 (121,2,5,'04:40:55.343',1087.3,0,0,'00:00:00'),
	 (201,30,14,'07:14:06.845',2555.43,0,0,'00:00:00'),
	 (270,13,13,'02:19:47.871',1132.48,0,0,'00:00:00'),
	 (286,29,7,'21:59:29.313',2131.0,0,0,'00:00:00'),
	 (302,15,15,'16:17:41.371',2277.81,0,0,'00:00:00'),
	 (318,21,5,'04:45:21.224',2678.6,0,0,'00:00:00'),
	 (334,3,10,'17:05:43.33',1485.52,0,0,'00:00:00'),
	 (137,17,15,'00:06:30.359',1406.27,0,0,'00:00:00');
INSERT INTO tinkoff_game.game (game_rk,quest_rk,employee_rk,game_dttm,price,game_flg,finish_flg,"time") VALUES
	 (185,21,14,'09:45:50.349',1534.72,0,0,'00:00:00'),
	 (382,2,10,'02:04:34.669',1727.64,0,0,'00:00:00'),
	 (398,3,5,'21:51:25.196',1472.86,0,0,'00:00:00'),
	 (430,30,14,'04:22:53.39',1894.11,0,0,'00:00:00'),
	 (19,25,1,'03:32:36.646',2739.44,1,0,'14:35:26'),
	 (51,24,16,'01:57:13.905',1376.68,1,1,'14:13:25'),
	 (67,23,14,'07:48:26.027',1366.89,1,1,'04:03:17'),
	 (83,14,4,'21:58:34.673',1611.32,1,0,'06:49:28'),
	 (99,13,1,'14:05:13.878',2671.5,1,0,'01:56:20'),
	 (131,21,10,'18:21:27.156',2600.0,1,1,'13:08:05');
INSERT INTO tinkoff_game.game (game_rk,quest_rk,employee_rk,game_dttm,price,game_flg,finish_flg,"time") VALUES
	 (147,30,7,'11:30:52.016',2063.17,1,0,'23:41:44'),
	 (163,19,3,'10:01:55.433',1486.78,1,1,'06:43:52'),
	 (179,30,13,'20:57:04.754',1102.09,1,0,'14:20:03'),
	 (227,21,14,'13:56:10.126',1078.49,1,1,'20:54:14'),
	 (243,14,16,'21:36:42.318',2376.9,1,0,'22:20:24'),
	 (264,3,5,'09:47:52.158',2940.04,1,1,'13:01:52'),
	 (312,29,1,'00:30:49.501',1258.59,1,1,'00:02:07'),
	 (328,7,8,'03:10:04.885',1176.73,1,1,'08:06:35'),
	 (344,15,5,'22:23:17.372',2754.31,1,1,'07:48:44'),
	 (376,25,1,'05:35:28.119',1245.96,1,1,'05:25:39');
INSERT INTO tinkoff_game.game (game_rk,quest_rk,employee_rk,game_dttm,price,game_flg,finish_flg,"time") VALUES
	 (392,22,7,'03:58:06.214',2525.56,1,0,'13:26:55'),
	 (456,25,10,'13:01:33.021',2056.76,1,0,'00:06:23'),
	 (3,24,4,'03:25:50.847',1338.39,0,0,'00:00:00'),
	 (35,24,13,'00:02:02.58',1115.18,0,0,'00:00:00'),
	 (211,13,13,'01:05:35.338',2540.72,0,0,'00:00:00'),
	 (280,15,5,'23:44:15.707',1232.12,0,0,'00:00:00'),
	 (115,21,14,'16:48:17.322',1000.11,0,0,'00:00:00'),
	 (195,3,7,'09:00:24.479',1549.38,0,0,'00:00:00'),
	 (296,7,8,'10:13:36.329',1049.12,0,0,'00:00:00'),
	 (360,1,16,'17:51:19.793',1366.66,0,0,'00:00:00');
INSERT INTO tinkoff_game.game (game_rk,quest_rk,employee_rk,game_dttm,price,game_flg,finish_flg,"time") VALUES
	 (408,23,16,'05:53:06.89',1761.54,0,0,'00:00:00'),
	 (424,15,8,'02:15:36.758',2182.84,0,0,'00:00:00'),
	 (440,25,1,'06:11:43.583',2592.47,0,0,'00:00:00'),
	 (16,15,3,'02:31:28.803',1580.97,1,1,'00:11:04'),
	 (32,7,4,'09:38:28.817',2380.93,1,1,'09:37:14'),
	 (128,30,11,'16:26:24.408',2335.94,1,0,'05:51:21'),
	 (144,21,15,'17:24:51.762',1766.46,1,0,'13:29:26'),
	 (208,7,7,'18:06:42.101',1664.63,1,1,'12:08:28'),
	 (224,30,1,'07:16:52.428',1920.66,1,1,'06:36:49'),
	 (240,21,3,'05:14:31.462',2531.29,1,1,'05:49:32');
INSERT INTO tinkoff_game.game (game_rk,quest_rk,employee_rk,game_dttm,price,game_flg,finish_flg,"time") VALUES
	 (267,24,11,'11:06:59.004',2926.06,1,1,'01:21:35'),
	 (315,21,13,'07:36:56.47',2084.81,1,1,'20:41:56'),
	 (347,9,11,'11:42:20.165',1546.96,1,1,'12:05:08'),
	 (379,21,7,'23:54:11.633',1519.22,1,0,'06:18:18'),
	 (299,21,5,'22:56:05.365',2072.88,0,0,'00:00:00'),
	 (395,29,8,'01:22:37.346',2537.71,0,0,'00:00:00'),
	 (411,30,3,'06:10:14.961',1615.95,0,0,'00:00:00'),
	 (48,29,14,'04:41:35.253',2026.59,0,0,'00:00:00'),
	 (64,15,11,'04:42:12.485',2371.3,0,0,'00:00:00'),
	 (80,23,15,'22:45:44.816',1383.24,0,0,'00:00:00');
INSERT INTO tinkoff_game.game (game_rk,quest_rk,employee_rk,game_dttm,price,game_flg,finish_flg,"time") VALUES
	 (96,22,8,'17:21:32.29',2155.35,0,0,'00:00:00'),
	 (112,23,8,'20:53:56.431',1366.75,0,0,'00:00:00'),
	 (160,22,14,'19:48:13.938',2353.45,0,0,'00:00:00'),
	 (176,24,4,'22:37:40.161',2254.14,0,0,'00:00:00'),
	 (192,21,16,'16:00:16.502',2317.95,0,0,'00:00:00'),
	 (283,9,1,'11:25:14.446',2344.1,0,0,'00:00:00'),
	 (331,9,13,'14:34:47.024',2626.84,0,0,'00:00:00'),
	 (363,29,13,'09:06:26.966',2992.92,0,0,'00:00:00'),
	 (427,17,15,'19:45:13.922',1358.76,0,0,'00:00:00'),
	 (443,21,16,'16:39:55.802',2574.14,0,0,'00:00:00');
INSERT INTO tinkoff_game.game (game_rk,quest_rk,employee_rk,game_dttm,price,game_flg,finish_flg,"time") VALUES
	 (77,19,7,'11:45:46.603',2809.97,1,0,'20:26:00'),
	 (93,15,10,'04:48:22.024',1258.51,1,0,'00:25:33'),
	 (237,30,5,'14:23:38.282',1580.89,1,0,'04:04:51'),
	 (253,7,13,'00:57:51.185',2927.31,1,0,'09:20:48'),
	 (306,2,14,'23:46:21.444',2834.45,1,1,'12:35:31'),
	 (322,2,11,'21:33:17.026',2273.53,1,1,'05:42:29'),
	 (338,21,4,'04:40:42.133',1969.59,1,0,'06:52:49'),
	 (402,24,13,'20:24:22.845',1973.7,1,1,'04:12:18'),
	 (418,30,7,'11:58:51.566',1364.12,1,0,'13:03:23'),
	 (450,22,7,'17:55:03.839',1983.05,1,1,'05:50:21');
INSERT INTO tinkoff_game.game (game_rk,quest_rk,employee_rk,game_dttm,price,game_flg,finish_flg,"time") VALUES
	 (45,22,11,'05:40:05.544',2738.09,0,0,'00:00:00'),
	 (125,31,7,'10:56:36.255',1697.43,0,0,'00:00:00'),
	 (157,30,8,'23:23:36.87',1368.68,0,0,'00:00:00'),
	 (173,3,7,'16:28:46.874',1271.11,0,0,'00:00:00'),
	 (290,9,15,'22:05:52.244',2193.03,0,0,'00:00:00'),
	 (354,3,15,'12:16:25.329',1639.42,0,0,'00:00:00'),
	 (434,22,1,'00:49:47.968',2017.16,0,0,'00:00:00'),
	 (13,24,10,'01:42:04.64',2181.7,0,0,'00:00:00'),
	 (29,19,16,'13:54:32.053',2022.08,0,0,'00:00:00'),
	 (61,31,11,'22:24:45.625',2295.15,0,0,'00:00:00');
INSERT INTO tinkoff_game.game (game_rk,quest_rk,employee_rk,game_dttm,price,game_flg,finish_flg,"time") VALUES
	 (109,15,5,'12:40:57.568',1889.95,0,0,'00:00:00'),
	 (141,7,16,'04:02:17.483',2116.48,0,0,'00:00:00'),
	 (189,7,16,'11:11:54.376',1742.06,0,0,'00:00:00'),
	 (205,2,4,'02:56:55.951',1610.84,0,0,'00:00:00'),
	 (221,19,14,'08:00:21.886',2140.05,0,0,'00:00:00'),
	 (258,3,5,'17:59:36.705',1808.48,0,0,'00:00:00'),
	 (274,21,14,'23:05:33.113',2137.17,0,0,'00:00:00'),
	 (370,29,3,'03:50:39.975',2206.6,0,0,'00:00:00'),
	 (386,31,11,'00:59:35.842',2413.84,0,0,'00:00:00'),
	 (26,19,3,'03:06:30.966',1319.15,1,1,'03:08:23');
INSERT INTO tinkoff_game.game (game_rk,quest_rk,employee_rk,game_dttm,price,game_flg,finish_flg,"time") VALUES
	 (42,9,4,'10:27:04.149',2076.23,1,1,'19:12:07'),
	 (106,2,10,'20:08:44.391',2575.47,1,1,'13:34:11'),
	 (122,19,1,'23:37:09.237',1866.67,1,1,'05:57:23'),
	 (138,15,14,'19:11:08.452',1288.07,1,0,'15:11:53'),
	 (154,9,1,'07:32:16.256',2254.69,1,0,'22:51:35'),
	 (186,9,14,'06:59:20.341',1000.67,1,1,'19:15:53'),
	 (202,2,13,'03:01:48.539',1804.68,1,1,'09:39:27'),
	 (218,7,11,'03:18:35.03',2560.47,1,0,'07:00:17'),
	 (250,19,16,'00:16:35.7',1506.97,1,1,'20:30:23'),
	 (261,24,14,'08:11:51.035',1334.73,1,1,'01:01:10');
INSERT INTO tinkoff_game.game (game_rk,quest_rk,employee_rk,game_dttm,price,game_flg,finish_flg,"time") VALUES
	 (293,24,10,'20:01:28.851',1650.85,1,0,'19:46:15'),
	 (357,1,8,'19:07:08.68',2933.52,1,0,'10:21:38'),
	 (389,31,4,'00:27:03.045',1334.76,1,1,'18:48:45'),
	 (405,13,10,'16:31:09.663',1963.33,1,0,'15:14:23'),
	 (421,2,3,'22:19:21.261',1848.86,1,1,'20:38:36'),
	 (437,3,16,'16:39:58.32',1635.65,1,0,'07:08:21'),
	 (10,19,5,'13:25:07.91',2203.22,0,0,'00:00:00'),
	 (74,21,7,'02:42:31.283',2558.22,0,0,'00:00:00'),
	 (90,21,3,'03:52:51.054',1268.17,0,0,'00:00:00'),
	 (170,14,13,'05:02:25.122',2016.33,0,0,'00:00:00');
INSERT INTO tinkoff_game.game (game_rk,quest_rk,employee_rk,game_dttm,price,game_flg,finish_flg,"time") VALUES
	 (341,22,16,'00:14:20.951',2169.84,0,0,'00:00:00'),
	 (373,9,5,'14:13:27.587',1765.88,0,0,'00:00:00'),
	 (453,24,11,'00:22:25.115',2174.05,0,0,'00:00:00'),
	 (58,24,13,'14:42:30.707',1593.0,0,0,'00:00:00'),
	 (234,2,5,'06:28:56.487',2534.49,0,0,'00:00:00'),
	 (277,1,15,'02:43:38.37',2992.71,0,0,'00:00:00'),
	 (309,22,15,'18:58:29.837',1427.32,0,0,'00:00:00'),
	 (325,3,11,'02:27:49.225',1335.45,0,0,'00:00:00'),
	 (20,30,16,'06:59:47.134',2523.32,1,1,'16:07:21'),
	 (52,17,16,'21:19:51.811',2441.25,1,0,'18:57:46');
INSERT INTO tinkoff_game.game (game_rk,quest_rk,employee_rk,game_dttm,price,game_flg,finish_flg,"time") VALUES
	 (84,15,11,'05:46:04.442',1432.48,1,1,'16:05:16'),
	 (132,17,5,'05:02:36.054',1902.94,1,1,'20:34:50'),
	 (148,17,4,'15:34:11.218',1535.85,1,1,'22:17:51'),
	 (164,19,15,'11:49:47.49',2852.59,1,1,'15:00:40'),
	 (196,2,11,'07:44:01.201',1761.78,1,1,'10:41:33'),
	 (228,3,13,'09:26:46.288',1072.15,1,0,'10:17:04'),
	 (271,21,7,'18:04:27.995',2535.06,1,0,'04:25:52'),
	 (287,19,11,'03:53:09.91',2392.93,1,1,'01:27:56'),
	 (303,25,16,'16:37:54.706',2405.06,1,1,'05:51:01'),
	 (335,19,16,'11:16:02.502',2012.81,1,0,'14:37:26');
INSERT INTO tinkoff_game.game (game_rk,quest_rk,employee_rk,game_dttm,price,game_flg,finish_flg,"time") VALUES
	 (383,25,13,'23:52:09.679',2838.84,1,1,'13:38:35'),
	 (399,23,1,'05:21:49.091',2714.96,1,1,'10:56:11'),
	 (415,31,14,'10:26:16.365',2807.26,1,0,'12:44:00'),
	 (36,7,15,'03:40:03.047',1627.47,0,0,'00:00:00'),
	 (116,9,8,'10:56:00.773',2420.69,0,0,'00:00:00'),
	 (244,31,1,'10:57:14.716',1762.46,0,0,'00:00:00'),
	 (431,2,13,'01:45:48.902',1143.44,0,0,'00:00:00'),
	 (447,29,10,'13:15:59.25',2722.96,0,0,'00:00:00'),
	 (4,13,14,'10:20:56.512',1731.8,0,0,'00:00:00'),
	 (68,25,10,'00:28:13.115',1177.29,0,0,'00:00:00');
INSERT INTO tinkoff_game.game (game_rk,quest_rk,employee_rk,game_dttm,price,game_flg,finish_flg,"time") VALUES
	 (100,13,11,'23:49:06.732',1837.95,0,0,'00:00:00'),
	 (180,19,8,'11:53:14.965',1808.21,0,0,'00:00:00'),
	 (212,17,4,'15:23:46.249',1792.27,0,0,'00:00:00'),
	 (319,15,5,'21:43:54.532',2090.53,0,0,'00:00:00'),
	 (351,24,16,'00:25:44.736',2289.7,0,0,'00:00:00'),
	 (367,14,15,'12:26:16.884',2485.56,0,0,'00:00:00');
INSERT INTO tinkoff_game.legend (legend_rk,partner_rk,legend_nm,complexity) VALUES
	 (6,5,'est voluptas ipsa et',1),
	 (22,2,'vero dolor',1),
	 (38,2,'quia voluptatum dolor ut',2),
	 (54,5,'sed temporibus',2),
	 (70,3,'animi et amet',1),
	 (86,9,'excepturi et ut',4),
	 (102,3,'qui et est',5),
	 (118,3,'consequatur quisquam possimus',5),
	 (15,3,'enim sed',5),
	 (31,3,'sit rerum et',2);
INSERT INTO tinkoff_game.legend (legend_rk,partner_rk,legend_nm,complexity) VALUES
	 (47,6,'eum architecto vel repellendus',1),
	 (63,9,'accusantium velit itaque qui',1),
	 (79,7,'porro est assumenda',4),
	 (95,2,'voluptas aut corrupti',4),
	 (111,2,'error ipsa harum',5),
	 (127,6,'dolorum eveniet sit',1),
	 (12,3,'voluptas est et',3),
	 (28,2,'voluptate asperiores',2),
	 (44,9,'velit fugit omnis',2),
	 (60,7,'atque quo corrupti',4);
INSERT INTO tinkoff_game.legend (legend_rk,partner_rk,legend_nm,complexity) VALUES
	 (76,2,'eveniet odit',4),
	 (92,9,'tempora et doloremque aliquam',5),
	 (108,2,'sunt labore dolor',1),
	 (124,7,'assumenda rerum voluptatibus temporibus',3),
	 (9,2,'sed labore maxime non',3),
	 (25,7,'omnis a',4),
	 (41,2,'dolorem nesciunt voluptas',3),
	 (57,7,'vel et iste nisi',4),
	 (73,3,'quae ratione autem',4),
	 (89,3,'recusandae laborum corrupti soluta',5);
INSERT INTO tinkoff_game.legend (legend_rk,partner_rk,legend_nm,complexity) VALUES
	 (105,5,'quasi hic',2),
	 (121,3,'aliquam et fugit deserunt',1),
	 (3,6,'ipsam iure',4),
	 (19,3,'voluptas non',2),
	 (35,2,'vitae aliquid explicabo',3),
	 (51,7,'minus reiciendis pariatur',3),
	 (67,7,'consequuntur vero',1),
	 (83,7,'mollitia voluptatem praesentium',1),
	 (99,3,'corporis nihil officiis',2),
	 (115,6,'a nobis est magni',2);
INSERT INTO tinkoff_game.legend (legend_rk,partner_rk,legend_nm,complexity) VALUES
	 (10,5,'dicta sed ut consequuntur',5),
	 (26,9,'possimus minus qui',4),
	 (42,6,'saepe ratione',5),
	 (58,9,'maxime eum nemo',2),
	 (74,6,'et ullam et voluptas',2),
	 (90,3,'repellendus et',2),
	 (106,2,'natus sit',1),
	 (122,9,'voluptas quae rerum eum',5),
	 (16,5,'delectus excepturi ipsum sit',3),
	 (32,9,'explicabo est illum',2);
INSERT INTO tinkoff_game.legend (legend_rk,partner_rk,legend_nm,complexity) VALUES
	 (48,7,'voluptatem aliquid omnis error',1),
	 (64,6,'vel vel cupiditate non',3),
	 (80,6,'minus vel',5),
	 (96,7,'harum omnis',2),
	 (112,5,'omnis in magnam assumenda',1),
	 (128,5,'quod rerum accusantium',1),
	 (13,7,'minus necessitatibus magnam',5),
	 (29,7,'quia omnis exercitationem',2),
	 (45,6,'ut illum ullam',4),
	 (61,7,'rem sit',2);
INSERT INTO tinkoff_game.legend (legend_rk,partner_rk,legend_nm,complexity) VALUES
	 (77,2,'corporis commodi fuga',5),
	 (93,3,'voluptates et accusantium',5),
	 (109,2,'sint eum',3),
	 (125,7,'esse ex expedita error',4),
	 (7,6,'et quidem quasi',2),
	 (23,6,'eius deleniti dignissimos error',4),
	 (39,5,'ex sed asperiores labore',2),
	 (55,5,'possimus in sapiente reprehenderit',3),
	 (71,5,'dicta reiciendis in',2),
	 (87,3,'amet aliquam dignissimos voluptatem',2);
INSERT INTO tinkoff_game.legend (legend_rk,partner_rk,legend_nm,complexity) VALUES
	 (103,2,'et est omnis',1),
	 (119,2,'odio in',2),
	 (4,3,'velit suscipit',2),
	 (20,5,'magni beatae consequatur asperiores',2),
	 (36,9,'et rem repellendus quos',3),
	 (52,2,'veniam dicta',1),
	 (68,3,'at adipisci',5),
	 (84,6,'velit accusamus optio autem',5),
	 (100,6,'tenetur quam et id',1),
	 (116,2,'architecto vitae',5);
INSERT INTO tinkoff_game.legend (legend_rk,partner_rk,legend_nm,complexity) VALUES
	 (1,9,'voluptatem qui ut',3),
	 (17,7,'quis animi aut',1),
	 (33,3,'officia delectus voluptatem quas',4),
	 (49,6,'ut recusandae',5),
	 (65,7,'omnis occaecati vitae',5),
	 (81,7,'aut dignissimos',1),
	 (97,6,'enim nihil magnam et',1),
	 (113,5,'eaque unde',1),
	 (14,2,'quaerat nihil',4),
	 (30,3,'nobis cumque eum et',3);
INSERT INTO tinkoff_game.legend (legend_rk,partner_rk,legend_nm,complexity) VALUES
	 (46,2,'voluptatem minima veritatis',5),
	 (62,3,'non odit consequatur ducimus',3),
	 (78,7,'nostrum vero atque',4),
	 (94,7,'eveniet et maxime',2),
	 (110,2,'cupiditate repellendus iusto sint',4),
	 (126,5,'ratione ullam occaecati consequatur',5),
	 (8,9,'debitis repellendus voluptatum',4),
	 (24,2,'itaque consectetur velit quo',4),
	 (40,3,'aut provident',5),
	 (56,2,'at ex et',3);
INSERT INTO tinkoff_game.legend (legend_rk,partner_rk,legend_nm,complexity) VALUES
	 (72,7,'odit dolor ut porro',2),
	 (88,3,'eligendi et animi aliquid',2),
	 (104,5,'et quia corrupti',4),
	 (120,3,'quo rerum tempore officia',2),
	 (2,9,'exercitationem provident vitae quisquam',2),
	 (18,5,'eligendi laborum pariatur',2),
	 (34,9,'et voluptas delectus ex',2),
	 (50,9,'sapiente necessitatibus',4),
	 (66,6,'cupiditate et voluptatem',4),
	 (82,9,'ipsa aut facilis',3);
INSERT INTO tinkoff_game.legend (legend_rk,partner_rk,legend_nm,complexity) VALUES
	 (98,7,'pariatur molestiae et non',3),
	 (114,3,'incidunt illo aspernatur nesciunt',4),
	 (11,3,'hic et',2),
	 (27,5,'ut est sint impedit',3),
	 (43,7,'explicabo illum quia id',5),
	 (59,2,'delectus voluptas natus',5),
	 (75,7,'et et excepturi facere',4),
	 (91,7,'non non aut architecto',2),
	 (107,2,'rem vero sunt voluptatem',5),
	 (123,9,'aperiam in',5);
INSERT INTO tinkoff_game.legend (legend_rk,partner_rk,legend_nm,complexity) VALUES
	 (5,7,'voluptatem fuga repellendus',1),
	 (21,6,'expedita tempore expedita',5),
	 (37,5,'dolorem voluptatibus repudiandae',5),
	 (53,6,'officiis rem',2),
	 (69,3,'quos aperiam et officiis',5),
	 (85,9,'minus itaque',5),
	 (101,9,'ex asperiores',4),
	 (117,7,'iste dolor esse',2);
INSERT INTO tinkoff_game.partner (partner_rk,partner_nm) VALUES
	 (9,'ПАО ГаражЖелДор'),
	 (6,'ООО Компания Монтаж'),
	 (3,'ООО УралМорИнфоПром'),
	 (10,'ПАО ТекстильТверь'),
	 (4,'МКК Мяс'),
	 (7,'ОАО МясГорТяж'),
	 (1,'ОАО ТелеРыбЖелДорЛизинг'),
	 (8,'ООО ОмскРосСеверОпт'),
	 (2,'МКК Омск'),
	 (5,'ЗАО Орион');
INSERT INTO tinkoff_game.quest (quest_rk,legend_rk,location_rk,quest_nm) VALUES
	 (15,17,47,'Подпольное казино'),
	 (31,64,13,'Огни ночного города'),
	 (12,17,39,'Мораторий'),
	 (28,40,31,'Поиск жизни'),
	 (9,61,28,'Реактивный восходящий тренд'),
	 (25,15,58,'Ограбление по-мексикански'),
	 (6,91,51,'Автоматический дискретный экстранет'),
	 (22,21,12,'Привет Андрей!'),
	 (4,52,61,'Синхронизированое региональное плечо'),
	 (20,96,56,'Спокойной ночи');
INSERT INTO tinkoff_game.quest (quest_rk,legend_rk,location_rk,quest_nm) VALUES
	 (14,60,27,'Настройка масштабируемой матрицы'),
	 (30,22,24,'ФБР vs ФСБ'),
	 (3,96,26,'Очного выделенный шифрования'),
	 (19,40,34,'Чистое небо'),
	 (7,72,29,'МСК 2033'),
	 (23,69,12,'Погружение в виртуальную реальность'),
	 (1,98,53,'Ассимиляция свежего мышления'),
	 (17,34,31,'Оперативные работники'),
	 (10,91,51,'Тройная буферизация глобальной стандартизации'),
	 (26,38,42,'Нейронная сеть');
INSERT INTO tinkoff_game.quest (quest_rk,legend_rk,location_rk,quest_nm) VALUES
	 (16,98,32,'Модернизированная миграция'),
	 (32,23,27,'Обратная связь'),
	 (13,57,39,'Согласование'),
	 (29,41,64,'Поиск смысла жизни'),
	 (8,86,4,'Инкрементация'),
	 (24,64,51,'Распространение логистического контроля'),
	 (5,56,1,'Будущее системное отношение'),
	 (21,63,36,'Объектно-ориентированный ЯП'),
	 (2,90,29,'Инновационная параллельность'),
	 (18,33,64,'Анигиляция 6-го поколения');
INSERT INTO tinkoff_game.quest (quest_rk,legend_rk,location_rk,quest_nm) VALUES
	 (11,36,26,'Глубокий включенный в сетку проект'),
	 (27,64,10,'Высадка на Марс');
